Yil,Kilometre,Motor_Hacmi,Motor_Gucu,Tork,Hizlanma_0_100,Maks_Hiz,Uzunluk,Genislik,Yukseklik,Bos_Agirlik,Koltuk_Sayisi,Bagaj_Hacmi,Silindir_Sayisi,Ort_Kasko,Marka,Vites_Tipi,Yakit_Tipi,Kasa_Tipi,Cekis,Kimden,Fiyat,Tahmin_Fiyat,Gercek_Fiyat,Fark_TL,Fark_Pct,Durum
2025,6001.0,1591.0,130.0,,11.5,,4394.0,1806.0,1615.0,,5.0,,4.0,15946.0,Nissan,Otomatik,Benzin,SUV,Önden Çekiş,Sahibinden,2425000.0,2055859,2425000,369140,18.0,PAHALI
2025,16000.0,1591.0,130.0,,11.5,,4394.0,1806.0,1615.0,,5.0,,4.0,15946.0,Nissan,Otomatik,Benzin,SUV,4WD (Sürekli),Sahibinden,2900000.0,2878151,2900000,21848,0.8,MAKUL
2015,265000.0,1461.0,110.0,,12.4,,4379.0,1800.0,1590.0,,5.0,,4.0,18918.0,Nissan,Düz,Dizel,SUV,Önden Çekiş,Galeriden,1150000.0,1142131,1150000,7868,0.7,MAKUL
2014,196000.0,1598.0,130.0,,10.7,,4379.0,1800.0,1590.0,,5.0,,4.0,17977.0,Nissan,Otomatik,Dizel,SUV,Önden Çekiş,Sahibinden,1240000.0,1237011,1240000,2988,0.2,MAKUL
2011,305000.0,1591.0,130.0,,11.5,,4394.0,1806.0,1615.0,,5.0,,4.0,15946.0,Nissan,Düz,Dizel,SUV,Önden Çekiş,Galeriden,690000.0,695117,690000,-5117,-0.7,MAKUL
2021,43500.0,999.0,115.0,,11.8,,4210.0,1800.0,1595.0,,5.0,,3.0,11957.0,Nissan,Yarı Otomatik,Benzin,SUV,Önden Çekiş,Galeriden,1329900.0,1343329,1329900,-13429,-1.0,MAKUL
2008,199887.0,1598.0,115.0,,12.0,,4315.0,1780.0,1615.0,,5.0,,4.0,13348.0,Nissan,Düz,Benzin,SUV,Önden Çekiş,Galeriden,850000.0,827036,850000,22963,2.8,MAKUL
2022,27000.0,1591.0,130.0,,11.5,,4394.0,1806.0,1615.0,,5.0,,4.0,15946.0,Nissan,Otomatik,Benzin,-,-,Galeriden,2269000.0,2269132,2269000,-132,-0.0,MAKUL
2024,39000.0,999.0,115.0,,11.8,,4210.0,1800.0,1595.0,,5.0,,3.0,16173.0,Nissan,Yarı Otomatik,Benzin,SUV,Önden Çekiş,Galeriden,1499000.0,1513316,1499000,-14316,-0.9,MAKUL
2025,26500.0,999.0,115.0,,11.8,,4210.0,1800.0,1595.0,,5.0,,3.0,11957.0,Nissan,Yarı Otomatik,Benzin,SUV,Önden Çekiş,Galeriden,1545000.0,1545777,1545000,-777,-0.1,MAKUL
2024,17000.0,999.0,115.0,,11.8,,4210.0,1800.0,1595.0,,5.0,,3.0,11957.0,Nissan,Yarı Otomatik,Benzin,SUV,Önden Çekiş,Galeriden,1485000.0,1487635,1485000,-2635,-0.2,MAKUL
2015,120000.0,1598.0,130.0,,11.4,,4643.0,1820.0,1695.0,,7.0,,4.0,16177.0,Nissan,Otomatik,Dizel,SUV,Önden Çekiş,Galeriden,1425000.0,1459496,1425000,-34496,-2.4,MAKUL
2016,199000.0,1461.0,110.0,,11.2,,4135.0,1765.0,1565.0,,5.0,,4.0,14518.0,Nissan,Düz,Dizel,SUV,Önden Çekiş,Galeriden,849950.0,858531,849950,-8581,-1.0,MAKUL
2022,135000.0,1591.0,130.0,,11.5,,4394.0,1806.0,1615.0,,5.0,,4.0,15946.0,Nissan,Otomatik,Hibrit,SUV,Önden Çekiş,Galeriden,1779000.0,1787808,1779000,-8808,-0.5,MAKUL
2024,16040.0,1591.0,130.0,,11.5,,4394.0,1806.0,1615.0,,5.0,,4.0,15946.0,Nissan,Otomatik,Benzin,SUV,Önden Çekiş,Galeriden,2349000.0,2248765,2349000,100234,4.5,MAKUL
2016,110000.0,1598.0,130.0,,10.7,,4379.0,1800.0,1590.0,,5.0,,4.0,17538.0,Nissan,Otomatik,Dizel,SUV,Önden Çekiş,Galeriden,1390000.0,1400242,1390000,-10242,-0.7,MAKUL
2018,67000.0,1591.0,130.0,,11.5,,4394.0,1806.0,1615.0,,5.0,,4.0,15946.0,Nissan,Düz,Dizel,SUV,Önden Çekiş,Galeriden,1700000.0,1684419,1700000,15580,0.9,MAKUL
2017,91000.0,1591.0,130.0,,11.5,,4394.0,1806.0,1615.0,,5.0,,4.0,15946.0,Nissan,Otomatik,Benzin,Crossover,Önden Çekiş,Galeriden,1035000.0,1049536,1035000,-14536,-1.4,MAKUL
2016,129000.0,1461.0,110.0,,11.2,,4135.0,1765.0,1565.0,,5.0,,4.0,14518.0,Nissan,Düz,Dizel,SUV,Önden Çekiş,Galeriden,979000.0,977804,979000,1195,0.1,MAKUL
2020,35385.0,1332.0,160.0,,10.1,,4394.0,1806.0,1590.0,,5.0,,4.0,16546.0,Nissan,Yarı Otomatik,Benzin,SUV,Önden Çekiş,Galeriden,1699000.0,1716042,1699000,-17042,-1.0,MAKUL
2024,39935.0,999.0,115.0,,11.8,,4210.0,1800.0,1595.0,,5.0,,3.0,11957.0,Nissan,Yarı Otomatik,Benzin,SUV,Önden Çekiş,Galeriden,1499000.0,1493425,1499000,5574,0.4,MAKUL
2023,80000.0,1497.0,213.0,,7.0,,4680.0,1840.0,1725.0,,5.0,,3.0,15946.0,Nissan,Otomatik,Benzin,SUV,4WD (Sürekli),Galeriden,2610000.0,2618659,2610000,-8659,-0.3,MAKUL
2017,163000.0,1591.0,130.0,,11.5,,4394.0,1806.0,1615.0,,5.0,,4.0,15946.0,Nissan,Otomatik,Dizel,SUV,Önden Çekiş,Galeriden,1625000.0,1467590,1625000,157409,10.7,PAHALI
2018,79000.0,1461.0,110.0,,11.2,,4135.0,1765.0,1565.0,,5.0,,4.0,14518.0,Nissan,Düz,Dizel,SUV,Önden Çekiş,Galeriden,870000.0,889083,870000,-19083,-2.1,MAKUL
2025,7000.0,1332.0,158.0,,9.2,,4425.0,1848.0,1625.0,,5.0,,4.0,18751.0,Nissan,Otomatik,Benzin,SUV,Önden Çekiş,Galeriden,2649900.0,2634896,2649900,15003,0.6,MAKUL
2024,10000.0,1591.0,130.0,,11.5,,4394.0,1806.0,1615.0,,5.0,,4.0,15946.0,Nissan,Otomatik,Benzin,SUV,Önden Çekiş,Galeriden,2280000.0,2203694,2280000,76305,3.5,MAKUL
2017,135000.0,1591.0,130.0,,11.5,,4394.0,1806.0,1615.0,,5.0,,4.0,15946.0,Nissan,Otomatik,Dizel,SUV,Önden Çekiş,Galeriden,1405000.0,1486887,1405000,-81887,-5.5,MAKUL
2023,33000.0,1497.0,190.0,,7.9,,4425.0,1835.0,1625.0,,5.0,,3.0,16769.0,Nissan,Otomatik,Hibrit,SUV,Önden Çekiş,Galeriden,2195000.0,2178742,2195000,16257,0.7,MAKUL
2017,130000.0,1591.0,130.0,,11.5,,4394.0,1806.0,1615.0,,5.0,,4.0,15946.0,Nissan,Düz,Dizel,SUV,Önden Çekiş,Galeriden,1370000.0,1426397,1370000,-56397,-4.0,MAKUL
2024,44006.0,999.0,115.0,,11.8,,4210.0,1800.0,1595.0,,5.0,,3.0,11957.0,Nissan,Yarı Otomatik,Benzin,SUV,Önden Çekiş,Galeriden,1410000.0,1433238,1410000,-23238,-1.6,MAKUL
2020,152000.0,1332.0,160.0,,10.1,,4394.0,1806.0,1590.0,,5.0,,4.0,15261.0,Nissan,Yarı Otomatik,Benzin,SUV,Önden Çekiş,Galeriden,1399000.0,1426521,1399000,-27521,-1.9,MAKUL
2023,70000.0,1497.0,213.0,,7.2,,4680.0,1840.0,1725.0,,7.0,,3.0,15946.0,Nissan,Otomatik,Hibrit,SUV,4WD (Sürekli),Galeriden,2765000.0,2766850,2765000,-1850,-0.1,MAKUL
2025,6150.0,1497.0,213.0,,7.0,,4680.0,1840.0,1725.0,,5.0,,3.0,15946.0,Nissan,Otomatik,Benzin,SUV,4WD (Sürekli),Galeriden,3399950.0,3388131,3399950,11818,0.3,MAKUL
2018,165000.0,1591.0,130.0,,11.5,,4394.0,1806.0,1615.0,,5.0,,4.0,15946.0,Nissan,Otomatik,Dizel,SUV,Önden Çekiş,Galeriden,1350000.0,1465735,1350000,-115735,-7.9,MAKUL
2019,72000.0,1332.0,160.0,,10.1,,4394.0,1806.0,1590.0,,5.0,,4.0,16546.0,Nissan,Yarı Otomatik,Benzin,SUV,Önden Çekiş,Galeriden,1625000.0,1628860,1625000,-3860,-0.2,MAKUL
2016,195000.0,1598.0,130.0,,10.7,,4379.0,1800.0,1590.0,,5.0,,4.0,18918.0,Nissan,Otomatik,Dizel,SUV,Önden Çekiş,Galeriden,1165000.0,1227241,1165000,-62241,-5.1,MAKUL
2015,182000.0,1598.0,130.0,,11.4,,4643.0,1820.0,1695.0,,7.0,,4.0,16177.0,Nissan,Otomatik,Dizel,SUV,Önden Çekiş,Galeriden,1245000.0,1293851,1245000,-48851,-3.8,MAKUL
2013,140000.0,1598.0,117.0,,11.5,,4135.0,1765.0,1570.0,,5.0,,4.0,16754.0,Nissan,Otomatik,Benzin,SUV,Önden Çekiş,Galeriden,762500.0,805543,762500,-43043,-5.3,MAKUL
2018,65250.0,1461.0,110.0,,11.2,,4135.0,1765.0,1565.0,,5.0,,4.0,14518.0,Nissan,Düz,Dizel,SUV,Önden Çekiş,Galeriden,999750.0,1014581,999750,-14831,-1.5,MAKUL
2021,52000.0,999.0,115.0,,11.8,,4210.0,1800.0,1595.0,,5.0,,3.0,16173.0,Nissan,Yarı Otomatik,Benzin,SUV,Önden Çekiş,Galeriden,1445000.0,1452736,1445000,-7736,-0.5,MAKUL
2025,3.0,999.0,115.0,,11.8,,4210.0,1800.0,1595.0,,5.0,,3.0,11957.0,Nissan,Yarı Otomatik,Benzin,SUV,Önden Çekiş,Galeriden,1800000.0,1814688,1800000,-14688,-0.8,MAKUL
2025,5.0,999.0,115.0,,11.8,,4210.0,1800.0,1595.0,,5.0,,3.0,16173.0,Nissan,Yarı Otomatik,Benzin,SUV,Önden Çekiş,Galeriden,1900000.0,1898063,1900000,1936,0.1,MAKUL
2016,465000.0,1591.0,130.0,,11.5,,4394.0,1806.0,1615.0,,5.0,,4.0,15946.0,Nissan,Düz,Dizel,SUV,AWD (Elektronik),Galeriden,725000.0,736675,725000,-11675,-1.6,MAKUL
2014,230000.0,1598.0,130.0,,10.7,,4379.0,1800.0,1590.0,,5.0,,4.0,17977.0,Nissan,Otomatik,Dizel,SUV,Önden Çekiş,Galeriden,1075000.0,1195961,1075000,-120961,-10.1,FIRSAT
2016,164000.0,1591.0,130.0,,11.5,,4394.0,1806.0,1615.0,,5.0,,4.0,15946.0,Nissan,Otomatik,Dizel,SUV,Önden Çekiş,Galeriden,1390000.0,1271279,1390000,118720,9.3,MAKUL
2023,15000.0,1591.0,130.0,,11.5,,4394.0,1806.0,1615.0,,5.0,,4.0,15946.0,Nissan,Otomatik,Hibrit,SUV,AWD (Elektronik),Galeriden,2400000.0,2280999,2400000,119000,5.2,MAKUL
2020,102000.0,1332.0,160.0,,10.1,,4394.0,1806.0,1590.0,,5.0,,4.0,15261.0,Nissan,Yarı Otomatik,Benzin,SUV,Önden Çekiş,Galeriden,1500000.0,1520668,1500000,-20668,-1.4,MAKUL
2022,72000.0,1591.0,130.0,,11.5,,4394.0,1806.0,1615.0,,5.0,,4.0,15946.0,Nissan,Otomatik,Benzin,SUV,Önden Çekiş,Galeriden,1935000.0,1950141,1935000,-15141,-0.8,MAKUL
2019,85000.0,1332.0,160.0,,10.1,,4394.0,1806.0,1590.0,,5.0,,4.0,16546.0,Nissan,Yarı Otomatik,Benzin,SUV,Önden Çekiş,Galeriden,1465000.0,1672866,1465000,-207866,-12.4,FIRSAT
2017,98000.0,1591.0,130.0,,11.5,,4394.0,1806.0,1615.0,,5.0,,4.0,15946.0,Nissan,Düz,Dizel,SUV,Arkadan İtiş,Galeriden,1260000.0,1276605,1260000,-16605,-1.3,MAKUL
2020,103000.0,1591.0,130.0,,11.5,,4394.0,1806.0,1615.0,,5.0,,4.0,15946.0,Nissan,Otomatik,Dizel,SUV,AWD (Elektronik),Galeriden,1645000.0,1687090,1645000,-42090,-2.5,MAKUL
2001,270000.0,2488.0,133.0,,13.0,,5090.0,1825.0,1830.0,,5.0,,4.0,15946.0,Nissan,Düz,Dizel,Hard top,Arkadan İtiş,Galeriden,550000.0,329023,550000,220977,67.2,PAHALI
2013,110000.0,1461.0,110.0,,12.2,,4330.0,1783.0,1615.0,,5.0,,4.0,15761.0,Nissan,Düz,Dizel,SUV,Önden Çekiş,Galeriden,1040000.0,1117657,1040000,-77657,-6.9,MAKUL
2023,43800.0,1591.0,130.0,,11.5,,4394.0,1806.0,1615.0,,5.0,,4.0,15946.0,Nissan,Otomatik,Hibrit,SUV,Önden Çekiş,Galeriden,2025000.0,2049893,2025000,-24893,-1.2,MAKUL
2024,35000.0,1591.0,130.0,,11.5,,4394.0,1806.0,1615.0,,5.0,,4.0,15946.0,Nissan,Otomatik,Benzin,SUV,Önden Çekiş,Galeriden,2125750.0,2159918,2125750,-34168,-1.6,MAKUL
2010,377700.0,1461.0,110.0,,12.2,,4330.0,1783.0,1615.0,,5.0,,4.0,13348.0,Nissan,Düz,Dizel,SUV,Önden Çekiş,Galeriden,645000.0,662406,645000,-17406,-2.6,MAKUL
2016,175000.0,1461.0,110.0,,12.4,,4379.0,1800.0,1590.0,,5.0,,4.0,18918.0,Nissan,Düz,Dizel,SUV,Önden Çekiş,Galeriden,1119900.0,1176513,1119900,-56613,-4.8,MAKUL
2015,254000.0,1598.0,130.0,,10.7,,4379.0,1800.0,1590.0,,5.0,,4.0,17538.0,Nissan,Otomatik,Dizel,SUV,Önden Çekiş,Galeriden,1059000.0,1102632,1059000,-43632,-4.0,MAKUL
2016,199650.0,1591.0,130.0,,11.5,,4394.0,1806.0,1615.0,,5.0,,4.0,15946.0,Nissan,Otomatik,Benzin,SUV,Önden Çekiş,Galeriden,1135000.0,1096653,1135000,38346,3.5,MAKUL
2025,13500.0,1497.0,213.0,,7.0,,4680.0,1840.0,1725.0,,5.0,,3.0,15946.0,Nissan,Otomatik,Benzin,SUV,4WD (Sürekli),Galeriden,3500000.0,3480999,3500000,19000,0.5,MAKUL
2024,19500.0,1591.0,130.0,,11.5,,4394.0,1806.0,1615.0,,5.0,,4.0,15946.0,Nissan,Otomatik,Benzin,SUV,Önden Çekiş,Galeriden,2250000.0,2129431,2250000,120568,5.7,MAKUL
2016,69000.0,1598.0,117.0,,11.5,,4135.0,1765.0,1565.0,,5.0,,4.0,14518.0,Nissan,Otomatik,Benzin,SUV,Önden Çekiş,Galeriden,1190000.0,1196265,1190000,-6265,-0.5,MAKUL
2006,332000.0,2488.0,144.0,,12.7,,5220.0,1850.0,1766.0,,5.0,,4.0,15946.0,Nissan,Düz,Dizel,Hard top,Arkadan İtiş,Galeriden,457000.0,475483,457000,-18483,-3.9,MAKUL
2019,64000.0,1591.0,130.0,,11.5,,4394.0,1806.0,1615.0,,5.0,,4.0,15946.0,Nissan,Otomatik,Dizel,SUV,AWD (Elektronik),Galeriden,1425000.0,1858502,1425000,-433502,-23.3,FIRSAT
2017,255000.0,2298.0,190.0,,10.8,,5330.0,1850.0,1840.0,,5.0,,4.0,15946.0,Nissan,Otomatik,Dizel,Hard top,4WD (Sürekli),Galeriden,1199000.0,1202764,1199000,-3764,-0.3,MAKUL
2011,425000.0,1591.0,130.0,,11.5,,4394.0,1806.0,1615.0,,5.0,,4.0,15946.0,Nissan,Düz,Dizel,SUV,Arkadan İtiş,Galeriden,725000.0,710834,725000,14165,2.0,MAKUL
2011,300000.0,1591.0,130.0,,11.5,,4394.0,1806.0,1615.0,,5.0,,4.0,15946.0,Nissan,Düz,Dizel,SUV,Arkadan İtiş,Galeriden,595900.0,661538,595900,-65638,-9.9,MAKUL
2017,150000.0,1591.0,130.0,,11.5,,4394.0,1806.0,1615.0,,5.0,,4.0,15946.0,Nissan,Otomatik,Dizel,SUV,Önden Çekiş,Galeriden,1489000.0,1477794,1489000,11205,0.8,MAKUL
2017,88000.0,1591.0,130.0,,11.5,,4394.0,1806.0,1615.0,,5.0,,4.0,15946.0,Nissan,Otomatik,Dizel,SUV,Önden Çekiş,Galeriden,1695000.0,1660380,1695000,34619,2.1,MAKUL
2015,229000.0,1598.0,130.0,,10.7,,4379.0,1800.0,1590.0,,5.0,,4.0,17538.0,Nissan,Otomatik,Dizel,SUV,Önden Çekiş,Galeriden,1150000.0,1184595,1150000,-34595,-2.9,MAKUL
2017,163000.0,1591.0,130.0,,11.5,,4394.0,1806.0,1615.0,,5.0,,4.0,15946.0,Nissan,Otomatik,Dizel,SUV,Önden Çekiş,Galeriden,1235000.0,1467590,1235000,-232590,-15.8,FIRSAT
2012,143000.0,1461.0,110.0,,12.2,,4330.0,1783.0,1615.0,,5.0,,4.0,15761.0,Nissan,Düz,Dizel,SUV,Önden Çekiş,Galeriden,985000.0,1001883,985000,-16883,-1.7,MAKUL
2014,137000.0,1197.0,115.0,,11.3,,4379.0,1800.0,1590.0,,5.0,,4.0,17977.0,Nissan,Düz,LPG & Benzin,SUV,Önden Çekiş,Sahibinden,910000.0,954692,910000,-44692,-4.7,MAKUL
2017,140000.0,1598.0,130.0,,10.7,,4379.0,1800.0,1590.0,,5.0,,4.0,18918.0,Nissan,Otomatik,Dizel,SUV,Önden Çekiş,Sahibinden,1340000.0,1482793,1340000,-142793,-9.6,MAKUL
2012,120000.0,1591.0,130.0,,11.5,,4394.0,1806.0,1615.0,,5.0,,4.0,15946.0,Nissan,Otomatik,Benzin,SUV,Önden Çekiş,Galeriden,995000.0,984479,995000,10520,1.1,MAKUL
2025,18387.0,1591.0,130.0,,11.5,,4394.0,1806.0,1615.0,,5.0,,4.0,15946.0,Nissan,Otomatik,Benzin,SUV,Önden Çekiş,Sahibinden,1550000.0,1693562,1550000,-143562,-8.5,MAKUL
2021,34000.0,1332.0,158.0,,10.1,,4394.0,1806.0,1590.0,,5.0,,4.0,15528.0,Nissan,Yarı Otomatik,Benzin,SUV,Önden Çekiş,Sahibinden,1800000.0,1817799,1800000,-17799,-1.0,MAKUL
2018,110000.0,1591.0,130.0,,11.5,,4394.0,1806.0,1615.0,,5.0,,4.0,15946.0,Nissan,Otomatik,Dizel,SUV,Önden Çekiş,Galeriden,1840000.0,1635364,1840000,204635,12.5,PAHALI
2023,14000.0,1497.0,213.0,,7.0,,4680.0,1840.0,1725.0,,5.0,,3.0,15946.0,Nissan,Otomatik,Benzin,SUV,4WD (Sürekli),Galeriden,2650950.0,2665572,2650950,-14622,-0.5,MAKUL
2014,199000.0,1598.0,130.0,,11.4,,4643.0,1820.0,1695.0,,7.0,,4.0,16177.0,Nissan,Otomatik,Dizel,SUV,Önden Çekiş,Galeriden,1259000.0,1278214,1259000,-19214,-1.5,MAKUL
2016,98000.0,1598.0,130.0,,11.4,,4643.0,1820.0,1695.0,,7.0,,4.0,16177.0,Nissan,Otomatik,Dizel,SUV,Önden Çekiş,Galeriden,1699750.0,1665309,1699750,34440,2.1,MAKUL
2014,205000.0,1598.0,130.0,,11.4,,4643.0,1820.0,1695.0,,7.0,,4.0,16177.0,Nissan,Otomatik,Dizel,SUV,Önden Çekiş,Galeriden,1285000.0,1282145,1285000,2854,0.2,MAKUL
2012,335000.0,1461.0,110.0,,12.2,,4330.0,1783.0,1615.0,,5.0,,4.0,13348.0,Nissan,Düz,Dizel,SUV,Önden Çekiş,Galeriden,839750.0,811234,839750,28515,3.5,MAKUL
2020,79000.0,1461.0,115.0,,13.0,,4394.0,1806.0,1590.0,,5.0,,4.0,15261.0,Nissan,Yarı Otomatik,Dizel,SUV,Önden Çekiş,Galeriden,1919000.0,1823890,1919000,95109,5.2,MAKUL
2019,113000.0,1461.0,115.0,,13.0,,4394.0,1806.0,1590.0,,5.0,,4.0,15261.0,Nissan,Yarı Otomatik,Dizel,SUV,Önden Çekiş,Galeriden,1219500.0,1276904,1219500,-57404,-4.5,MAKUL
2024,25000.0,1332.0,158.0,,9.2,,4425.0,1848.0,1625.0,,5.0,,4.0,18751.0,Nissan,Otomatik,Benzin,SUV,Önden Çekiş,Yetkili Bayiden,2199900.0,2195304,2199900,4595,0.2,MAKUL
2015,135000.0,1591.0,130.0,,11.5,,4394.0,1806.0,1615.0,,5.0,,4.0,15946.0,Nissan,Otomatik,Benzin,SUV,Önden Çekiş,Galeriden,1165000.0,1184824,1165000,-19824,-1.7,MAKUL
2015,190500.0,1197.0,115.0,,12.9,,4379.0,1800.0,1590.0,,5.0,,4.0,17977.0,Nissan,Otomatik,Benzin,SUV,Önden Çekiş,Galeriden,1280000.0,1170660,1280000,109339,9.3,MAKUL
2017,50000.0,1591.0,130.0,,11.5,,4394.0,1806.0,1615.0,,5.0,,4.0,15946.0,Nissan,Düz,Benzin,SUV,Önden Çekiş,Galeriden,1270000.0,1439677,1270000,-169677,-11.8,FIRSAT
2017,119485.0,1591.0,130.0,,11.5,,4394.0,1806.0,1615.0,,5.0,,4.0,15946.0,Nissan,Otomatik,Benzin,SUV,Önden Çekiş,Galeriden,1315000.0,1319980,1315000,-4980,-0.4,MAKUL
2025,13000.0,1591.0,130.0,,11.5,,4394.0,1806.0,1615.0,,5.0,,4.0,15946.0,Nissan,Otomatik,Benzin,SUV,Önden Çekiş,Galeriden,2319000.0,2304980,2319000,14019,0.6,MAKUL
2012,191000.0,1461.0,110.0,,12.2,,4541.0,1780.0,1645.0,,7.0,,4.0,13348.0,Nissan,Düz,Dizel,SUV,Önden Çekiş,Galeriden,1030000.0,996050,1030000,33949,3.4,MAKUL
2025,6001.0,1591.0,130.0,,11.5,,4394.0,1806.0,1615.0,,5.0,,4.0,15946.0,Nissan,Otomatik,Hibrit,SUV,Önden Çekiş,Galeriden,2475000.0,2514212,2475000,-39212,-1.6,MAKUL
2023,41000.0,1591.0,130.0,,11.5,,4394.0,1806.0,1615.0,,5.0,,4.0,15946.0,Nissan,Otomatik,Benzin,SUV,AWD (Elektronik),Galeriden,2125000.0,2135247,2125000,-10247,-0.5,MAKUL
2016,139000.0,1591.0,130.0,,11.5,,4394.0,1806.0,1615.0,,5.0,,4.0,15946.0,Nissan,Otomatik,Benzin,SUV,Önden Çekiş,Galeriden,1270000.0,1232334,1270000,37665,3.1,MAKUL
2021,69400.0,1332.0,158.0,,10.1,,4394.0,1806.0,1590.0,,5.0,,4.0,15528.0,Nissan,Yarı Otomatik,Benzin,SUV,Önden Çekiş,Galeriden,1768750.0,1775366,1768750,-6616,-0.4,MAKUL
2023,68000.0,999.0,115.0,,11.8,,4210.0,1800.0,1595.0,,5.0,,3.0,11957.0,Nissan,Yarı Otomatik,Benzin,SUV,Önden Çekiş,Galeriden,1405000.0,1408934,1405000,-3934,-0.3,MAKUL
2013,195600.0,1461.0,110.0,,12.2,,4541.0,1780.0,1645.0,,7.0,,4.0,15761.0,Nissan,Düz,Dizel,SUV,Önden Çekiş,Galeriden,935000.0,957339,935000,-22339,-2.3,MAKUL
2023,31859.0,999.0,115.0,,11.8,,4210.0,1800.0,1595.0,,5.0,,3.0,11957.0,Nissan,Yarı Otomatik,Benzin,SUV,Önden Çekiş,Galeriden,1479500.0,1482241,1479500,-2741,-0.2,MAKUL
2017,172000.0,1591.0,130.0,,11.5,,4394.0,1806.0,1615.0,,5.0,,4.0,15946.0,Nissan,Otomatik,Dizel,SUV,Önden Çekiş,Galeriden,1195000.0,1389549,1195000,-194549,-14.0,FIRSAT
2016,97000.0,1197.0,115.0,,12.9,,4379.0,1800.0,1590.0,,5.0,,4.0,17977.0,Nissan,Otomatik,Benzin,SUV,Önden Çekiş,Galeriden,1370000.0,1371112,1370000,-1112,-0.1,MAKUL
2024,31000.0,999.0,115.0,,11.8,,4210.0,1800.0,1595.0,,5.0,,3.0,11957.0,Nissan,Yarı Otomatik,Benzin,SUV,Önden Çekiş,Galeriden,1469000.0,1470955,1469000,-1955,-0.1,MAKUL
2012,82000.0,1598.0,117.0,,11.5,,4135.0,1765.0,1570.0,,5.0,,4.0,14518.0,Nissan,Otomatik,Benzin,SUV,Önden Çekiş,Galeriden,952000.0,952066,952000,-66,-0.0,MAKUL
2015,256000.0,1598.0,130.0,,10.7,,4379.0,1800.0,1590.0,,5.0,,4.0,17977.0,Nissan,Otomatik,Dizel,SUV,Önden Çekiş,Galeriden,1060000.0,1090721,1060000,-30721,-2.8,MAKUL
2012,135000.0,1461.0,106.0,,12.2,,4315.0,1780.0,1615.0,,5.0,,4.0,13348.0,Nissan,Düz,Dizel,SUV,Önden Çekiş,Galeriden,949000.0,976799,949000,-27799,-2.8,MAKUL
1999,425000.0,2494.0,83.0,,18.7,,4975.0,1690.0,1610.0,,5.0,,4.0,15946.0,Nissan,Düz,Dizel,Hard top,4WD (Sürekli),Galeriden,380000.0,380428,380000,-428,-0.1,MAKUL
2023,25000.0,1497.0,190.0,,7.9,,4425.0,1835.0,1625.0,,5.0,,3.0,16769.0,Nissan,Otomatik,Hibrit,SUV,Önden Çekiş,Galeriden,1999999.0,2050813,1999999,-50814,-2.5,MAKUL
2014,167000.0,1591.0,130.0,,11.5,,4394.0,1806.0,1615.0,,5.0,,4.0,15946.0,Nissan,Düz,Dizel,Crossover,Önden Çekiş,Galeriden,849950.0,876090,849950,-26140,-3.0,MAKUL
2020,24000.0,999.0,115.0,,11.8,,4210.0,1800.0,1595.0,,5.0,,3.0,11957.0,Nissan,Yarı Otomatik,Benzin,SUV,Önden Çekiş,Galeriden,1399900.0,1413743,1399900,-13843,-1.0,MAKUL
2016,152000.0,1598.0,130.0,,10.7,,4379.0,1800.0,1590.0,,5.0,,4.0,17538.0,Nissan,Otomatik,Dizel,SUV,Önden Çekiş,Galeriden,1445000.0,1385207,1445000,59792,4.3,MAKUL
2024,13000.0,1591.0,130.0,,11.5,,4394.0,1806.0,1615.0,,5.0,,4.0,15946.0,Nissan,Otomatik,Benzin,SUV,Önden Çekiş,Galeriden,2298000.0,2250226,2298000,47773,2.1,MAKUL
2015,174000.0,1598.0,130.0,,10.7,,4379.0,1800.0,1590.0,,5.0,,4.0,17538.0,Nissan,Otomatik,Dizel,SUV,Önden Çekiş,Galeriden,1249000.0,1282933,1249000,-33933,-2.6,MAKUL
2023,77000.0,1497.0,190.0,,7.9,,4425.0,1835.0,1625.0,,5.0,,3.0,16769.0,Nissan,Otomatik,Hibrit,SUV,Önden Çekiş,Galeriden,2050000.0,2076572,2050000,-26572,-1.3,MAKUL
2023,29000.0,1497.0,190.0,,7.9,,4425.0,1835.0,1625.0,,5.0,,3.0,18356.0,Nissan,Otomatik,Hibrit,SUV,Önden Çekiş,Galeriden,2425000.0,2397942,2425000,27057,1.1,MAKUL
2017,195000.0,1591.0,130.0,,11.5,,4394.0,1806.0,1615.0,,5.0,,4.0,15946.0,Nissan,Düz,Dizel,SUV,Önden Çekiş,Galeriden,1165000.0,1186867,1165000,-21867,-1.8,MAKUL
2011,210000.0,1598.0,117.0,,11.5,,4135.0,1765.0,1570.0,,5.0,,4.0,16754.0,Nissan,Otomatik,Benzin,SUV,Önden Çekiş,Galeriden,855750.0,855686,855750,63,0.0,MAKUL
2015,217000.0,1598.0,130.0,,10.7,,4379.0,1800.0,1590.0,,5.0,,4.0,17538.0,Nissan,Otomatik,Dizel,SUV,Önden Çekiş,Galeriden,1200000.0,1200934,1200000,-934,-0.1,MAKUL
2015,197000.0,1591.0,130.0,,11.5,,4394.0,1806.0,1615.0,,5.0,,4.0,15946.0,Nissan,Düz,Dizel,SUV,Önden Çekiş,Galeriden,1025000.0,1079689,1025000,-54689,-5.1,MAKUL
2017,154919.0,1591.0,130.0,,11.5,,4394.0,1806.0,1615.0,,5.0,,4.0,15946.0,Nissan,Otomatik,Dizel,SUV,Önden Çekiş,Galeriden,1495000.0,1486057,1495000,8942,0.6,MAKUL
2018,144500.0,1598.0,130.0,,11.4,,4690.0,1820.0,1710.0,,5.0,,4.0,15946.0,Nissan,Otomatik,Dizel,SUV,Önden Çekiş,Galeriden,1710000.0,1675903,1710000,34096,2.0,MAKUL
2021,170000.0,2298.0,190.0,,10.8,,5330.0,1850.0,1840.0,,5.0,,4.0,15946.0,Nissan,Otomatik,Dizel,Hard top,4WD (Sürekli),Galeriden,1475000.0,1506553,1475000,-31553,-2.1,MAKUL
2013,285000.0,1461.0,110.0,,12.2,,4330.0,1783.0,1615.0,,5.0,,4.0,13348.0,Nissan,Düz,Dizel,SUV,Önden Çekiş,Galeriden,790000.0,810945,790000,-20945,-2.6,MAKUL
2017,83700.0,1598.0,130.0,,11.1,,4394.0,1806.0,1590.0,,5.0,,4.0,17538.0,Nissan,Otomatik,Dizel,SUV,Önden Çekiş,Sahibinden,1610000.0,1610538,1610000,-538,-0.0,MAKUL
2013,111000.0,1591.0,130.0,,11.5,,4394.0,1806.0,1615.0,,5.0,,4.0,15946.0,Nissan,Düz,Benzin,SUV,Önden Çekiş,Sahibinden,985000.0,1009283,985000,-24283,-2.4,MAKUL
2015,199000.0,1598.0,130.0,,10.7,,4379.0,1800.0,1590.0,,5.0,,4.0,17538.0,Nissan,Otomatik,Dizel,SUV,Önden Çekiş,Sahibinden,1200000.0,1239853,1200000,-39853,-3.2,MAKUL
2019,187430.0,1598.0,130.0,,11.1,,4394.0,1806.0,1590.0,,5.0,,4.0,17538.0,Nissan,Otomatik,Dizel,SUV,Önden Çekiş,Sahibinden,1365000.0,1383591,1365000,-18591,-1.3,MAKUL
2005,385000.0,1591.0,130.0,,11.5,,4394.0,1806.0,1615.0,,5.0,,4.0,15946.0,Nissan,Düz,Dizel,Pick-Up,Arkadan İtiş,Sahibinden,400000.0,404135,400000,-4135,-1.0,MAKUL
2004,345000.0,2488.0,133.0,,13.0,,5090.0,1825.0,1830.0,,5.0,,4.0,15946.0,Nissan,Düz,Dizel,Hard top,Arkadan İtiş,Sahibinden,450000.0,458156,450000,-8156,-1.8,MAKUL
2015,159000.0,1598.0,130.0,,10.7,,4379.0,1800.0,1590.0,,5.0,,4.0,17977.0,Nissan,Otomatik,Dizel,SUV,Önden Çekiş,Sahibinden,1415000.0,1382951,1415000,32048,2.3,MAKUL
2016,129000.0,1598.0,130.0,,11.4,,4643.0,1820.0,1695.0,,7.0,,4.0,19938.0,Nissan,Otomatik,Dizel,SUV,Önden Çekiş,Sahibinden,1550000.0,1551477,1550000,-1477,-0.1,MAKUL
2018,78500.0,1197.0,115.0,,12.9,,4394.0,1806.0,1590.0,,5.0,,4.0,14536.0,Nissan,Otomatik,Benzin,SUV,Önden Çekiş,Sahibinden,1490000.0,1486323,1490000,3676,0.2,MAKUL
2023,37500.0,1497.0,190.0,,7.9,,4425.0,1835.0,1625.0,,5.0,,3.0,16769.0,Nissan,Otomatik,Hibrit,SUV,Önden Çekiş,Sahibinden,2295000.0,2268126,2295000,26873,1.2,MAKUL
2024,10000.0,1497.0,190.0,,7.9,,4425.0,1835.0,1625.0,,5.0,,3.0,18751.0,Nissan,Otomatik,Hibrit,SUV,Önden Çekiş,Sahibinden,2850000.0,2830562,2850000,19437,0.7,MAKUL
2016,86500.0,1461.0,110.0,,12.4,,4379.0,1800.0,1590.0,,5.0,,4.0,17538.0,Nissan,Düz,Dizel,SUV,Önden Çekiş,Sahibinden,1380000.0,1400512,1380000,-20512,-1.5,MAKUL
2016,205000.0,1598.0,130.0,,11.4,,4643.0,1820.0,1695.0,,7.0,,4.0,19938.0,Nissan,Otomatik,Dizel,SUV,Önden Çekiş,Sahibinden,1475000.0,1445957,1475000,29042,2.0,MAKUL
2010,78800.0,1598.0,115.0,,12.0,,4315.0,1780.0,1615.0,,5.0,,4.0,15761.0,Nissan,Düz,Benzin,SUV,Önden Çekiş,Sahibinden,1000000.0,989369,1000000,10630,1.1,MAKUL
2012,74000.0,1598.0,117.0,,11.5,,4135.0,1765.0,1570.0,,5.0,,4.0,16754.0,Nissan,Otomatik,Benzin,SUV,Önden Çekiş,Sahibinden,975000.0,971637,975000,3362,0.3,MAKUL
2018,75000.0,1598.0,117.0,,11.5,,4135.0,1765.0,1565.0,,5.0,,4.0,13260.0,Nissan,Otomatik,Benzin,SUV,Önden Çekiş,Galeriden,1275000.0,1273799,1275000,1200,0.1,MAKUL
2020,151000.0,1332.0,160.0,,10.1,,4394.0,1806.0,1590.0,,5.0,,4.0,16546.0,Nissan,Yarı Otomatik,Benzin,SUV,Önden Çekiş,Galeriden,1435000.0,1455555,1435000,-20555,-1.4,MAKUL
2012,194500.0,1461.0,110.0,,12.2,,4330.0,1783.0,1615.0,,5.0,,4.0,15761.0,Nissan,Düz,Dizel,SUV,Önden Çekiş,Sahibinden,975000.0,860569,975000,114430,13.3,PAHALI
2011,171000.0,1461.0,106.0,,12.2,,4315.0,1780.0,1615.0,,5.0,,4.0,14969.0,Nissan,Düz,Dizel,SUV,Önden Çekiş,Sahibinden,825000.0,845239,825000,-20239,-2.4,MAKUL
2016,178000.0,1461.0,110.0,,12.4,,4379.0,1800.0,1590.0,,5.0,,4.0,17538.0,Nissan,Düz,Dizel,SUV,Önden Çekiş,Galeriden,1249000.0,1202429,1249000,46570,3.9,MAKUL
2007,99000.0,1591.0,130.0,,11.5,,4394.0,1806.0,1615.0,,5.0,,4.0,15946.0,Nissan,Düz,Dizel,SUV,Arkadan İtiş,Galeriden,950000.0,939874,950000,10125,1.1,MAKUL
2005,290000.0,1591.0,130.0,,11.5,,4394.0,1806.0,1615.0,,5.0,,4.0,15946.0,Nissan,Düz,Dizel,SUV,Arkadan İtiş,Galeriden,730000.0,699271,730000,30728,4.4,MAKUL
2005,289000.0,1591.0,130.0,,11.5,,4394.0,1806.0,1615.0,,5.0,,4.0,15946.0,Nissan,Düz,Dizel,SUV,Arkadan İtiş,Galeriden,730000.0,692617,730000,37382,5.4,MAKUL
2015,216000.0,1598.0,130.0,,10.7,,4379.0,1800.0,1590.0,,5.0,,4.0,18918.0,Nissan,Otomatik,Dizel,SUV,Önden Çekiş,Sahibinden,1085000.0,1135281,1085000,-50281,-4.4,MAKUL
2018,207000.0,1461.0,110.0,,11.9,,4394.0,1806.0,1590.0,,5.0,,4.0,17538.0,Nissan,Düz,Dizel,SUV,Önden Çekiş,Galeriden,1150000.0,1160198,1150000,-10198,-0.9,MAKUL
2019,88000.0,1461.0,115.0,,12.3,,4394.0,1806.0,1590.0,,5.0,,4.0,16546.0,Nissan,Düz,Dizel,SUV,Önden Çekiş,Sahibinden,1650000.0,1647527,1650000,2472,0.2,MAKUL
2014,108000.0,1197.0,115.0,,11.3,,4379.0,1800.0,1590.0,,5.0,,4.0,15946.0,Nissan,Düz,Benzin,SUV,Önden Çekiş,Sahibinden,1220000.0,1192157,1220000,27842,2.3,MAKUL
2007,212500.0,2488.0,144.0,,12.8,,5220.0,1850.0,1766.0,,5.0,,4.0,15946.0,Nissan,Otomatik,Dizel,Hard top,Arkadan İtiş,Sahibinden,635000.0,689464,635000,-54464,-7.9,MAKUL
2015,212000.0,1598.0,130.0,,10.7,,4379.0,1800.0,1590.0,,5.0,,4.0,18918.0,Nissan,Otomatik,Dizel,SUV,Önden Çekiş,Sahibinden,1111000.0,1142336,1111000,-31336,-2.7,MAKUL
2014,360000.0,1598.0,130.0,,10.7,,4379.0,1800.0,1590.0,,5.0,,4.0,17933.0,Nissan,Otomatik,Dizel,Crossover,Önden Çekiş,Galeriden,1150000.0,1144986,1150000,5013,0.4,MAKUL
2012,339410.0,1598.0,130.0,,10.3,,4330.0,1780.0,1615.0,,5.0,,4.0,14969.0,Nissan,Düz,Dizel,Crossover,Önden Çekiş,Galeriden,840000.0,781554,840000,58445,7.5,MAKUL
2018,134000.0,2298.0,190.0,,10.8,,5330.0,1850.0,1840.0,,5.0,,4.0,15946.0,Nissan,Otomatik,Dizel,Hard top,4WD (Sürekli),Sahibinden,1399000.0,1422903,1399000,-23903,-1.7,MAKUL
2018,66400.0,1598.0,117.0,,11.5,,4135.0,1765.0,1565.0,,5.0,,4.0,13260.0,Nissan,Otomatik,Benzin,SUV,Önden Çekiş,Galeriden,1259500.0,1260954,1259500,-1454,-0.1,MAKUL
2015,110000.0,1598.0,130.0,,11.4,,4643.0,1820.0,1695.0,,7.0,,4.0,19938.0,Nissan,Otomatik,Dizel,SUV,Önden Çekiş,Sahibinden,1550000.0,1545383,1550000,4616,0.3,MAKUL
2018,70000.0,1598.0,130.0,,11.1,,4394.0,1806.0,1590.0,,5.0,,4.0,17538.0,Nissan,Otomatik,Dizel,SUV,Önden Çekiş,Galeriden,1650000.0,1667126,1650000,-17126,-1.0,MAKUL
2014,159000.0,1461.0,110.0,,12.4,,4379.0,1800.0,1590.0,,5.0,,4.0,15946.0,Nissan,Düz,Dizel,SUV,Önden Çekiş,Galeriden,1245000.0,1233129,1245000,11870,1.0,MAKUL
2016,310000.0,1598.0,130.0,,10.7,,4379.0,1800.0,1590.0,,5.0,,4.0,18918.0,Nissan,Otomatik,Dizel,SUV,Önden Çekiş,Galeriden,1300000.0,1259561,1300000,40438,3.2,MAKUL
2023,55369.0,1591.0,130.0,,11.5,,4394.0,1806.0,1615.0,,5.0,,4.0,15946.0,Nissan,Otomatik,Benzin,SUV,Önden Çekiş,Yetkili Bayiden,1440000.0,1474850,1440000,-34850,-2.4,MAKUL
2023,21000.0,1591.0,130.0,,11.5,,4394.0,1806.0,1615.0,,5.0,,4.0,15946.0,Nissan,Otomatik,Benzin,Cabrio,Önden Çekiş,Galeriden,2248000.0,2203226,2248000,44773,2.0,MAKUL
2014,97000.0,1197.0,115.0,,12.9,,4379.0,1800.0,1590.0,,5.0,,4.0,14536.0,Nissan,Otomatik,Benzin,SUV,Önden Çekiş,Sahibinden,1300000.0,1278280,1300000,21719,1.7,MAKUL
2013,310000.0,1461.0,110.0,,12.2,,4330.0,1783.0,1615.0,,5.0,,4.0,15761.0,Nissan,Düz,Dizel,SUV,Önden Çekiş,Sahibinden,700000.0,754949,700000,-54949,-7.3,MAKUL
2017,230000.0,1461.0,110.0,,11.9,,4394.0,1806.0,1590.0,,5.0,,4.0,17538.0,Nissan,Düz,Dizel,SUV,Önden Çekiş,Galeriden,1269000.0,1251585,1269000,17414,1.4,MAKUL
2023,40000.0,1332.0,158.0,,9.2,,4425.0,1848.0,1625.0,,5.0,,4.0,15528.0,Nissan,Yarı Otomatik,Hibrit,SUV,Önden Çekiş,Sahibinden,1945000.0,1963673,1945000,-18673,-1.0,MAKUL
2020,78000.0,1461.0,115.0,,13.0,,4394.0,1806.0,1590.0,,5.0,,4.0,15261.0,Nissan,Yarı Otomatik,Dizel,SUV,Önden Çekiş,Galeriden,1670000.0,1750387,1670000,-80387,-4.6,MAKUL
2017,173000.0,2298.0,190.0,,10.8,,5330.0,1850.0,1840.0,,5.0,,4.0,15946.0,Nissan,Otomatik,Dizel,Hard top,4WD (Sürekli),Galeriden,1290000.0,1332368,1290000,-42368,-3.2,MAKUL
2012,315000.0,1461.0,110.0,,12.2,,4330.0,1783.0,1615.0,,5.0,,4.0,15761.0,Nissan,Düz,Dizel,SUV,Önden Çekiş,Galeriden,750000.0,750948,750000,-948,-0.1,MAKUL
2022,51000.0,1497.0,190.0,,7.9,,4425.0,1835.0,1625.0,,5.0,,3.0,16769.0,Nissan,Otomatik,Hibrit,SUV,Önden Çekiş,Galeriden,2080000.0,2090465,2080000,-10465,-0.5,MAKUL
2013,120000.0,1461.0,110.0,,12.2,,4330.0,1783.0,1615.0,,5.0,,4.0,15761.0,Nissan,Düz,Dizel,SUV,Önden Çekiş,Galeriden,1084750.0,1096395,1084750,-11645,-1.1,MAKUL
2014,148595.0,1591.0,130.0,,11.5,,4394.0,1806.0,1615.0,,5.0,,4.0,15946.0,Nissan,Düz,Dizel,SUV,Önden Çekiş,Galeriden,1095000.0,1133147,1095000,-38147,-3.4,MAKUL
2013,203000.0,1598.0,117.0,,13.0,,4330.0,1780.0,1615.0,,5.0,,4.0,15761.0,Nissan,Otomatik,LPG & Benzin,SUV,Önden Çekiş,Galeriden,950000.0,968751,950000,-18751,-1.9,MAKUL
2022,98000.0,1497.0,213.0,,7.0,,4680.0,1840.0,1725.0,,5.0,,3.0,15946.0,Nissan,Otomatik,Benzin,SUV,4WD (Sürekli),Galeriden,2449000.0,2460738,2449000,-11738,-0.5,MAKUL
2015,205000.0,1598.0,130.0,,11.4,,4643.0,1820.0,1695.0,,7.0,,4.0,16177.0,Nissan,Otomatik,Dizel,SUV,Önden Çekiş,Galeriden,1305000.0,1257778,1305000,47221,3.8,MAKUL
2017,172500.0,1591.0,130.0,,11.5,,4394.0,1806.0,1615.0,,5.0,,4.0,15946.0,Nissan,Düz,Dizel,SUV,Önden Çekiş,Galeriden,1270000.0,1278041,1270000,-8041,-0.6,MAKUL
2021,45500.0,2298.0,190.0,,10.8,,5330.0,1850.0,1840.0,,5.0,,4.0,15946.0,Nissan,Otomatik,Dizel,Hard top,4WD (Sürekli),Galeriden,1795000.0,1775174,1795000,19825,1.1,MAKUL
2010,191000.0,1461.0,106.0,,12.2,,4315.0,1780.0,1615.0,,5.0,,4.0,13348.0,Nissan,Düz,Dizel,SUV,Önden Çekiş,Galeriden,869000.0,860218,869000,8781,1.0,MAKUL
2013,182000.0,1461.0,110.0,,12.2,,4330.0,1783.0,1615.0,,5.0,,4.0,15761.0,Nissan,Düz,Dizel,SUV,Önden Çekiş,Galeriden,899000.0,939603,899000,-40603,-4.3,MAKUL
2012,242000.0,1461.0,110.0,,12.2,,4330.0,1783.0,1615.0,,5.0,,4.0,15761.0,Nissan,Düz,Dizel,SUV,Önden Çekiş,Galeriden,820000.0,840100,820000,-20100,-2.4,MAKUL
2015,189000.0,1598.0,130.0,,10.7,,4379.0,1800.0,1590.0,,5.0,,4.0,18918.0,Nissan,Otomatik,Dizel,SUV,Önden Çekiş,Galeriden,1119750.0,1178813,1119750,-59063,-5.0,MAKUL
2017,110000.0,1591.0,130.0,,11.5,,4394.0,1806.0,1615.0,,5.0,,4.0,15946.0,Nissan,Otomatik,Dizel,SUV,Önden Çekiş,Galeriden,1635000.0,1548278,1635000,86721,5.6,MAKUL
2013,229000.0,1598.0,130.0,,10.3,,4330.0,1780.0,1615.0,,5.0,,4.0,14969.0,Nissan,Düz,Dizel,SUV,Önden Çekiş,Galeriden,990000.0,987654,990000,2345,0.2,MAKUL
2016,169000.0,1591.0,130.0,,11.5,,4394.0,1806.0,1615.0,,5.0,,4.0,15946.0,Nissan,Otomatik,Dizel,SUV,Önden Çekiş,Galeriden,1350000.0,1291339,1350000,58660,4.5,MAKUL
2025,16800.0,1591.0,130.0,,11.5,,4394.0,1806.0,1615.0,,5.0,,4.0,15946.0,Nissan,Otomatik,Benzin,SUV,Önden Çekiş,Galeriden,2285000.0,2337938,2285000,-52938,-2.3,MAKUL
2021,84000.0,1332.0,158.0,,10.1,,4394.0,1806.0,1590.0,,5.0,,4.0,15528.0,Nissan,Yarı Otomatik,Benzin,SUV,Önden Çekiş,Galeriden,1765000.0,1766863,1765000,-1863,-0.1,MAKUL
2016,186000.0,1591.0,130.0,,11.5,,4394.0,1806.0,1615.0,,5.0,,4.0,15946.0,Nissan,Otomatik,Benzin,SUV,Önden Çekiş,Galeriden,1110000.0,1139767,1110000,-29767,-2.6,MAKUL
2016,195000.0,1598.0,130.0,,10.7,,4379.0,1800.0,1590.0,,5.0,,4.0,17977.0,Nissan,Otomatik,Dizel,SUV,Önden Çekiş,Galeriden,1295000.0,1342532,1295000,-47532,-3.5,MAKUL
2016,95000.0,1591.0,130.0,,11.5,,4394.0,1806.0,1615.0,,5.0,,4.0,15946.0,Nissan,Otomatik,Benzin,SUV,Önden Çekiş,Galeriden,1270000.0,1294102,1270000,-24102,-1.9,MAKUL
2011,193000.0,1461.0,110.0,,12.2,,4330.0,1783.0,1615.0,,5.0,,4.0,13348.0,Nissan,Düz,Dizel,SUV,Önden Çekiş,Galeriden,899999.0,927039,899999,-27040,-2.9,MAKUL
2015,250000.0,1591.0,130.0,,11.5,,4394.0,1806.0,1615.0,,5.0,,4.0,15946.0,Nissan,Düz,Dizel,SUV,Önden Çekiş,Galeriden,1100000.0,1077515,1100000,22484,2.1,MAKUL
2022,49000.0,1497.0,213.0,,7.0,,4680.0,1840.0,1725.0,,5.0,,3.0,15946.0,Nissan,Otomatik,Benzin,SUV,4WD (Sürekli),Galeriden,2610000.0,2618971,2610000,-8971,-0.3,MAKUL
1997,300000.0,2494.0,80.0,,11.5,,4394.0,1806.0,1615.0,,5.0,,4.0,15946.0,Nissan,Düz,Dizel,Panelvan,4WD (Sürekli),Galeriden,155000.0,215165,155000,-60165,-28.0,FIRSAT
2012,251000.0,1461.0,110.0,,12.2,,4541.0,1780.0,1645.0,,7.0,,4.0,15761.0,Nissan,Düz,Dizel,SUV,Önden Çekiş,Sahibinden,875000.0,847076,875000,27923,3.3,MAKUL
2012,219000.0,1461.0,110.0,,12.2,,4330.0,1783.0,1615.0,,5.0,,4.0,13348.0,Nissan,Düz,Dizel,SUV,Önden Çekiş,Galeriden,905000.0,903275,905000,1724,0.2,MAKUL
2012,241000.0,1461.0,106.0,,12.2,,4315.0,1780.0,1615.0,,5.0,,4.0,13348.0,Nissan,Düz,Dizel,SUV,Önden Çekiş,Sahibinden,740000.0,766412,740000,-26412,-3.4,MAKUL
2020,76792.0,1497.0,163.0,,9.6,,4680.0,1840.0,1725.0,,5.0,,3.0,15946.0,Nissan,Otomatik,Benzin,SUV,Önden Çekiş,Galeriden,1900000.0,1896845,1900000,3154,0.2,MAKUL
2012,139500.0,1598.0,117.0,,13.0,,4330.0,1780.0,1615.0,,5.0,,4.0,14969.0,Nissan,Otomatik,Benzin,SUV,Önden Çekiş,Galeriden,1095000.0,1075495,1095000,19504,1.8,MAKUL
2025,13.0,1591.0,130.0,,11.5,,4394.0,1806.0,1615.0,,5.0,,4.0,15946.0,Nissan,Otomatik,Hibrit,SUV,Önden Çekiş,Galeriden,2875000.0,2792175,2875000,82824,3.0,MAKUL
2023,20000.0,1497.0,190.0,,7.9,,4425.0,1835.0,1625.0,,5.0,,3.0,18356.0,Nissan,Otomatik,Hibrit,SUV,Önden Çekiş,Galeriden,2674750.0,2637986,2674750,36763,1.4,MAKUL
2020,97000.0,1461.0,115.0,,13.0,,4394.0,1806.0,1590.0,,5.0,,4.0,16546.0,Nissan,Yarı Otomatik,Dizel,SUV,Önden Çekiş,Galeriden,1540000.0,1579090,1540000,-39090,-2.5,MAKUL
2012,315000.0,1461.0,110.0,,12.2,,4330.0,1783.0,1615.0,,5.0,,4.0,15761.0,Nissan,Düz,Dizel,SUV,Önden Çekiş,Galeriden,750000.0,750948,750000,-948,-0.1,MAKUL
2015,85120.0,1197.0,115.0,,12.9,,4379.0,1800.0,1590.0,,5.0,,4.0,14536.0,Nissan,Otomatik,Benzin,SUV,Önden Çekiş,Galeriden,1329900.0,1287562,1329900,42337,3.3,MAKUL
2015,73000.0,1591.0,130.0,,11.5,,4394.0,1806.0,1615.0,,5.0,,4.0,15946.0,Nissan,Otomatik,Benzin,SUV,Önden Çekiş,Galeriden,1170000.0,1236454,1170000,-66454,-5.4,MAKUL
2013,182000.0,1461.0,110.0,,12.2,,4330.0,1783.0,1615.0,,5.0,,4.0,15761.0,Nissan,Düz,Dizel,SUV,Önden Çekiş,Galeriden,899000.0,939603,899000,-40603,-4.3,MAKUL
2013,229000.0,1598.0,130.0,,10.3,,4330.0,1780.0,1615.0,,5.0,,4.0,14969.0,Nissan,Düz,Dizel,SUV,Önden Çekiş,Galeriden,990000.0,987654,990000,2345,0.2,MAKUL
2025,25000.0,1591.0,130.0,,11.5,,4394.0,1806.0,1615.0,,5.0,,4.0,15946.0,Nissan,Otomatik,Hibrit,SUV,Önden Çekiş,Galeriden,2320000.0,2341817,2320000,-21817,-0.9,MAKUL
2024,17000.0,1497.0,190.0,,7.9,,4425.0,1835.0,1625.0,,5.0,,3.0,18751.0,Nissan,Otomatik,Hibrit,SUV,Önden Çekiş,Galeriden,2575000.0,2567737,2575000,7262,0.3,MAKUL
2016,95000.0,1591.0,130.0,,11.5,,4394.0,1806.0,1615.0,,5.0,,4.0,15946.0,Nissan,Otomatik,Benzin,SUV,Önden Çekiş,Galeriden,1270000.0,1294102,1270000,-24102,-1.9,MAKUL
2012,132000.0,1461.0,110.0,,12.2,,4330.0,1783.0,1615.0,,5.0,,4.0,13348.0,Nissan,Düz,Dizel,SUV,Önden Çekiş,Galeriden,1100000.0,1076005,1100000,23994,2.2,MAKUL
2013,183000.0,1598.0,130.0,,10.3,,4330.0,1780.0,1615.0,,5.0,,4.0,14969.0,Nissan,Düz,Dizel,SUV,Önden Çekiş,Galeriden,999000.0,1017685,999000,-18685,-1.8,MAKUL
2016,168159.0,1591.0,130.0,,11.5,,4394.0,1806.0,1615.0,,5.0,,4.0,15946.0,Nissan,Düz,Dizel,SUV,Arkadan İtiş,Galeriden,1100000.0,1100695,1100000,-695,-0.1,MAKUL
2014,138000.0,1598.0,130.0,,11.4,,4643.0,1820.0,1695.0,,7.0,,4.0,16177.0,Nissan,Otomatik,Dizel,SUV,Önden Çekiş,Galeriden,1435000.0,1427613,1435000,7386,0.5,MAKUL
2013,280000.0,1461.0,110.0,,12.2,,4330.0,1783.0,1615.0,,5.0,,4.0,13348.0,Nissan,Düz,Dizel,SUV,Önden Çekiş,Galeriden,739950.0,792856,739950,-52906,-6.7,MAKUL
2007,360000.0,1591.0,130.0,,11.5,,4394.0,1806.0,1615.0,,5.0,,4.0,15946.0,Nissan,Düz,Dizel,SUV,AWD (Elektronik),Galeriden,530000.0,535434,530000,-5434,-1.0,MAKUL
2012,251000.0,1461.0,110.0,,12.2,,4541.0,1780.0,1645.0,,7.0,,4.0,15761.0,Nissan,Düz,Dizel,SUV,Önden Çekiş,Sahibinden,875000.0,847076,875000,27923,3.3,MAKUL
2012,219000.0,1461.0,110.0,,12.2,,4330.0,1783.0,1615.0,,5.0,,4.0,13348.0,Nissan,Düz,Dizel,SUV,Önden Çekiş,Galeriden,905000.0,903275,905000,1724,0.2,MAKUL
2012,241000.0,1461.0,106.0,,12.2,,4315.0,1780.0,1615.0,,5.0,,4.0,13348.0,Nissan,Düz,Dizel,SUV,Önden Çekiş,Sahibinden,740000.0,766412,740000,-26412,-3.4,MAKUL
2020,76792.0,1497.0,163.0,,9.6,,4680.0,1840.0,1725.0,,5.0,,3.0,15946.0,Nissan,Otomatik,Benzin,SUV,Önden Çekiş,Galeriden,1900000.0,1896845,1900000,3154,0.2,MAKUL
2014,139000.0,1461.0,110.0,,12.4,,4379.0,1800.0,1590.0,,5.0,,4.0,15946.0,Nissan,Düz,Dizel,SUV,Önden Çekiş,Galeriden,1320000.0,1189012,1320000,130987,11.0,PAHALI
2017,83700.0,1598.0,130.0,,11.1,,4394.0,1806.0,1590.0,,5.0,,4.0,17538.0,Nissan,Otomatik,Dizel,SUV,Önden Çekiş,Sahibinden,1610000.0,1610538,1610000,-538,-0.0,MAKUL
2013,111000.0,1591.0,130.0,,11.5,,4394.0,1806.0,1615.0,,5.0,,4.0,15946.0,Nissan,Düz,Benzin,SUV,Önden Çekiş,Sahibinden,985000.0,1009283,985000,-24283,-2.4,MAKUL
2015,199000.0,1598.0,130.0,,10.7,,4379.0,1800.0,1590.0,,5.0,,4.0,17538.0,Nissan,Otomatik,Dizel,SUV,Önden Çekiş,Sahibinden,1200000.0,1239853,1200000,-39853,-3.2,MAKUL
2019,187430.0,1598.0,130.0,,11.1,,4394.0,1806.0,1590.0,,5.0,,4.0,17538.0,Nissan,Otomatik,Dizel,SUV,Önden Çekiş,Sahibinden,1365000.0,1383591,1365000,-18591,-1.3,MAKUL
2005,385000.0,1591.0,130.0,,11.5,,4394.0,1806.0,1615.0,,5.0,,4.0,15946.0,Nissan,Düz,Dizel,Pick-Up,Arkadan İtiş,Sahibinden,400000.0,404135,400000,-4135,-1.0,MAKUL
2004,345000.0,2488.0,133.0,,13.0,,5090.0,1825.0,1830.0,,5.0,,4.0,15946.0,Nissan,Düz,Dizel,Hard top,Arkadan İtiş,Sahibinden,450000.0,458156,450000,-8156,-1.8,MAKUL
2015,159000.0,1598.0,130.0,,10.7,,4379.0,1800.0,1590.0,,5.0,,4.0,17977.0,Nissan,Otomatik,Dizel,SUV,Önden Çekiş,Sahibinden,1415000.0,1382951,1415000,32048,2.3,MAKUL
2016,129000.0,1598.0,130.0,,11.4,,4643.0,1820.0,1695.0,,7.0,,4.0,19938.0,Nissan,Otomatik,Dizel,SUV,Önden Çekiş,Sahibinden,1550000.0,1551477,1550000,-1477,-0.1,MAKUL
2018,78500.0,1197.0,115.0,,12.9,,4394.0,1806.0,1590.0,,5.0,,4.0,14536.0,Nissan,Otomatik,Benzin,SUV,Önden Çekiş,Sahibinden,1490000.0,1486323,1490000,3676,0.2,MAKUL
2023,37500.0,1497.0,190.0,,7.9,,4425.0,1835.0,1625.0,,5.0,,3.0,16769.0,Nissan,Otomatik,Hibrit,SUV,Önden Çekiş,Sahibinden,2295000.0,2268126,2295000,26873,1.2,MAKUL
2024,10000.0,1497.0,190.0,,7.9,,4425.0,1835.0,1625.0,,5.0,,3.0,18751.0,Nissan,Otomatik,Hibrit,SUV,Önden Çekiş,Sahibinden,2850000.0,2830562,2850000,19437,0.7,MAKUL
2016,86500.0,1461.0,110.0,,12.4,,4379.0,1800.0,1590.0,,5.0,,4.0,17538.0,Nissan,Düz,Dizel,SUV,Önden Çekiş,Sahibinden,1380000.0,1400512,1380000,-20512,-1.5,MAKUL
2016,205000.0,1598.0,130.0,,11.4,,4643.0,1820.0,1695.0,,7.0,,4.0,19938.0,Nissan,Otomatik,Dizel,SUV,Önden Çekiş,Sahibinden,1475000.0,1445957,1475000,29042,2.0,MAKUL
2010,78800.0,1598.0,115.0,,12.0,,4315.0,1780.0,1615.0,,5.0,,4.0,15761.0,Nissan,Düz,Benzin,SUV,Önden Çekiş,Sahibinden,1000000.0,989369,1000000,10630,1.1,MAKUL
2012,74000.0,1598.0,117.0,,11.5,,4135.0,1765.0,1570.0,,5.0,,4.0,16754.0,Nissan,Otomatik,Benzin,SUV,Önden Çekiş,Sahibinden,975000.0,971637,975000,3362,0.3,MAKUL
2018,75000.0,1598.0,117.0,,11.5,,4135.0,1765.0,1565.0,,5.0,,4.0,13260.0,Nissan,Otomatik,Benzin,SUV,Önden Çekiş,Galeriden,1275000.0,1273799,1275000,1200,0.1,MAKUL
2025,6001.0,1591.0,130.0,,11.5,,4394.0,1806.0,1615.0,,5.0,,4.0,15946.0,Nissan,Otomatik,Hibrit,SUV,AWD (Elektronik),Sahibinden,2480000.0,2490567,2480000,-10567,-0.4,MAKUL
2016,169000.0,1598.0,130.0,,10.7,,4379.0,1800.0,1590.0,,5.0,,4.0,18918.0,Nissan,Otomatik,Dizel,SUV,Önden Çekiş,Sahibinden,1425000.0,1373819,1425000,51180,3.7,MAKUL
2014,233000.0,1461.0,110.0,,12.4,,4379.0,1800.0,1590.0,,5.0,,4.0,15946.0,Nissan,Düz,Dizel,SUV,Önden Çekiş,Galeriden,995000.0,1008956,995000,-13956,-1.4,MAKUL
2024,13500.0,1497.0,213.0,,7.2,,4680.0,1840.0,1725.0,,7.0,,3.0,15946.0,Nissan,Otomatik,Benzin,SUV,4WD (Sürekli),Sahibinden,3350000.0,3339178,3350000,10821,0.3,MAKUL
2017,81000.0,1591.0,130.0,,11.5,,4394.0,1806.0,1615.0,,5.0,,4.0,15946.0,Nissan,Otomatik,Dizel,SUV,Önden Çekiş,Sahibinden,1690000.0,1663741,1690000,26258,1.6,MAKUL
2012,107000.0,1461.0,106.0,,12.2,,4315.0,1780.0,1615.0,,5.0,,4.0,14969.0,Nissan,Düz,Dizel,SUV,Önden Çekiş,Sahibinden,1195000.0,1007326,1195000,187673,18.6,PAHALI
2011,256000.0,1461.0,110.0,,11.3,,4135.0,1765.0,1570.0,,5.0,,4.0,16754.0,Nissan,Düz,Dizel,SUV,Önden Çekiş,Sahibinden,650000.0,648771,650000,1228,0.2,MAKUL
2016,156000.0,1197.0,115.0,,12.9,,4379.0,1800.0,1590.0,,5.0,,4.0,14536.0,Nissan,Otomatik,Benzin,SUV,Önden Çekiş,Sahibinden,1299999.0,1278298,1299999,21700,1.7,MAKUL
2015,160500.0,1598.0,130.0,,10.7,,4379.0,1800.0,1590.0,,5.0,,4.0,17538.0,Nissan,Otomatik,Dizel,SUV,Önden Çekiş,Sahibinden,1300000.0,1342972,1300000,-42972,-3.2,MAKUL
2017,190000.0,1591.0,130.0,,11.5,,4394.0,1806.0,1615.0,,5.0,,4.0,15946.0,Nissan,Düz,Dizel,SUV,Önden Çekiş,Galeriden,1240000.0,1224997,1240000,15002,1.2,MAKUL
2015,185000.0,1598.0,130.0,,10.7,,4379.0,1800.0,1590.0,,5.0,,4.0,17977.0,Nissan,Otomatik,Dizel,SUV,Önden Çekiş,Galeriden,1330000.0,1291990,1330000,38009,2.9,MAKUL
2025,18000.0,1497.0,213.0,,7.0,,4680.0,1840.0,1725.0,,5.0,,3.0,15946.0,Nissan,Otomatik,Benzin,SUV,4WD (Sürekli),Galeriden,3250000.0,3288224,3250000,-38224,-1.2,MAKUL
2019,90000.0,1591.0,130.0,,11.5,,4394.0,1806.0,1615.0,,5.0,,4.0,15946.0,Nissan,Otomatik,Benzin,SUV,Önden Çekiş,Galeriden,1819000.0,1782477,1819000,36522,2.0,MAKUL
2020,103942.0,1461.0,115.0,,13.0,,4394.0,1806.0,1590.0,,5.0,,4.0,15261.0,Nissan,Yarı Otomatik,Dizel,SUV,Önden Çekiş,Galeriden,1729000.0,1778100,1729000,-49100,-2.8,MAKUL
2018,72545.0,1591.0,130.0,,11.5,,4394.0,1806.0,1615.0,,5.0,,4.0,15946.0,Nissan,Otomatik,Benzin,SUV,Önden Çekiş,Galeriden,1319900.0,1377395,1319900,-57495,-4.2,MAKUL
2016,110000.0,1591.0,130.0,,11.5,,4394.0,1806.0,1615.0,,5.0,,4.0,15946.0,Nissan,Düz,Dizel,SUV,Arkadan İtiş,Galeriden,1099750.0,1122388,1099750,-22638,-2.0,MAKUL
2013,147000.0,1591.0,130.0,,11.5,,4394.0,1806.0,1615.0,,5.0,,4.0,15946.0,Nissan,Otomatik,Benzin,SUV,Önden Çekiş,Galeriden,1050000.0,1042930,1050000,7069,0.7,MAKUL
2024,42000.0,1591.0,130.0,,11.5,,4394.0,1806.0,1615.0,,5.0,,4.0,15946.0,Nissan,Otomatik,Hibrit,SUV,Önden Çekiş,Galeriden,2550000.0,2445511,2550000,104488,4.3,MAKUL
2022,92295.0,1497.0,190.0,,7.9,,4425.0,1835.0,1625.0,,5.0,,3.0,16769.0,Nissan,Otomatik,Hibrit,SUV,Önden Çekiş,Yetkili Bayiden,1909950.0,1930052,1909950,-20102,-1.0,MAKUL
2022,68000.0,1497.0,190.0,,7.9,,4425.0,1835.0,1625.0,,5.0,,3.0,16769.0,Nissan,Otomatik,Hibrit,SUV,Önden Çekiş,Galeriden,1960000.0,2056343,1960000,-96343,-4.7,MAKUL
2015,219687.0,1591.0,130.0,,11.5,,4394.0,1806.0,1615.0,,5.0,,4.0,15946.0,Nissan,Düz,Dizel,SUV,Önden Çekiş,Galeriden,935000.0,987949,935000,-52949,-5.4,MAKUL
2016,203000.0,1461.0,110.0,,12.4,,4379.0,1800.0,1590.0,,5.0,,4.0,18918.0,Nissan,Düz,Dizel,SUV,Önden Çekiş,Galeriden,975000.0,1019261,975000,-44261,-4.3,MAKUL
2013,117000.0,1461.0,110.0,,12.2,,4330.0,1783.0,1615.0,,5.0,,4.0,15761.0,Nissan,Düz,Dizel,SUV,Önden Çekiş,Galeriden,890000.0,1101044,890000,-211044,-19.2,FIRSAT
2020,229489.0,1591.0,130.0,,11.5,,4394.0,1806.0,1615.0,,5.0,,4.0,15946.0,Nissan,Düz,Dizel,SUV,AWD (Elektronik),Galeriden,1450000.0,1461131,1450000,-11131,-0.8,MAKUL
2012,125000.0,1598.0,117.0,,13.0,,4330.0,1780.0,1615.0,,5.0,,4.0,15761.0,Nissan,Otomatik,Benzin,SUV,Önden Çekiş,Sahibinden,1100000.0,1078839,1100000,21160,2.0,MAKUL
2020,145000.0,1332.0,160.0,,10.1,,4394.0,1806.0,1590.0,,5.0,,4.0,15261.0,Nissan,Yarı Otomatik,Benzin,SUV,Önden Çekiş,Galeriden,1455000.0,1464312,1455000,-9312,-0.6,MAKUL
2025,24470.0,1332.0,158.0,,9.2,,4425.0,1848.0,1625.0,,5.0,,4.0,18751.0,Nissan,Otomatik,Hibrit,SUV,Önden Çekiş,Yetkili Bayiden,2699000.0,2674389,2699000,24610,0.9,MAKUL
2018,165000.0,1598.0,130.0,,11.1,,4394.0,1806.0,1590.0,,5.0,,4.0,17538.0,Nissan,Otomatik,Dizel,SUV,Önden Çekiş,Galeriden,1420000.0,1457645,1420000,-37645,-2.6,MAKUL
2018,168989.0,1591.0,130.0,,11.5,,4394.0,1806.0,1615.0,,5.0,,4.0,15946.0,Nissan,Otomatik,Dizel,SUV,Önden Çekiş,Galeriden,1490750.0,1465353,1490750,25396,1.7,MAKUL
2014,245000.0,1591.0,130.0,,11.5,,4394.0,1806.0,1615.0,,5.0,,4.0,15946.0,Nissan,Düz,Dizel,SUV,Önden Çekiş,Galeriden,1060000.0,1044314,1060000,15685,1.5,MAKUL
2016,234000.0,1598.0,130.0,,11.4,,4643.0,1820.0,1695.0,,7.0,,4.0,16177.0,Nissan,Otomatik,Dizel,SUV,Önden Çekiş,Galeriden,1265000.0,1255387,1265000,9612,0.8,MAKUL
2017,84000.0,1591.0,130.0,,11.5,,4394.0,1806.0,1615.0,,5.0,,4.0,15946.0,Nissan,Otomatik,Benzin,Crossover,Önden Çekiş,Galeriden,1070500.0,1080632,1070500,-10132,-0.9,MAKUL
2021,96900.0,2298.0,190.0,,10.8,,5330.0,1850.0,1840.0,,5.0,,4.0,15946.0,Nissan,Otomatik,Dizel,Hard top,4WD (Sürekli),Galeriden,1849000.0,1855242,1849000,-6242,-0.3,MAKUL
2017,170000.0,1591.0,130.0,,11.5,,4394.0,1806.0,1615.0,,5.0,,4.0,15946.0,Nissan,Otomatik,Dizel,SUV,Önden Çekiş,Galeriden,1275000.0,1415177,1275000,-140177,-9.9,MAKUL
2017,99000.0,2298.0,190.0,,10.8,,5330.0,1850.0,1840.0,,5.0,,4.0,15946.0,Nissan,Otomatik,Dizel,Hard top,4WD (Sürekli),Galeriden,1350000.0,1368756,1350000,-18756,-1.4,MAKUL
2016,118000.0,2298.0,190.0,,10.8,,5330.0,1850.0,1840.0,,5.0,,4.0,15946.0,Nissan,Otomatik,Dizel,Hard top,4WD (Sürekli),Galeriden,1650000.0,1433202,1650000,216797,15.1,PAHALI
2020,185000.0,1591.0,130.0,,11.5,,4394.0,1806.0,1615.0,,5.0,,4.0,15946.0,Nissan,Otomatik,Dizel,SUV,AWD (Elektronik),Galeriden,1495000.0,1516402,1495000,-21402,-1.4,MAKUL
2024,18000.0,1332.0,158.0,,9.2,,4425.0,1848.0,1625.0,,5.0,,4.0,18751.0,Nissan,Otomatik,Benzin,SUV,Önden Çekiş,Galeriden,2275000.0,2282686,2275000,-7686,-0.3,MAKUL
2024,19000.0,1332.0,158.0,,9.2,,4425.0,1848.0,1625.0,,5.0,,4.0,15528.0,Nissan,Yarı Otomatik,Hibrit,SUV,Önden Çekiş,Galeriden,2049950.0,2060567,2049950,-10617,-0.5,MAKUL
2022,176000.0,1591.0,130.0,,11.5,,4394.0,1806.0,1615.0,,5.0,,4.0,15946.0,Nissan,Otomatik,Benzin,SUV,Önden Çekiş,Galeriden,1775000.0,1782191,1775000,-7191,-0.4,MAKUL
2023,63000.0,1497.0,190.0,,7.9,,4425.0,1835.0,1625.0,,5.0,,3.0,16769.0,Nissan,Otomatik,Hibrit,SUV,Önden Çekiş,Galeriden,2090000.0,2110447,2090000,-20447,-1.0,MAKUL
2025,6001.0,1497.0,190.0,,7.9,,4425.0,1835.0,1625.0,,5.0,,3.0,18751.0,Nissan,Otomatik,Hibrit,SUV,Önden Çekiş,Galeriden,2999000.0,2969895,2999000,29104,1.0,MAKUL
2023,28000.0,1497.0,190.0,,7.9,,4425.0,1835.0,1625.0,,5.0,,3.0,16769.0,Nissan,Otomatik,Hibrit,SUV,Önden Çekiş,Galeriden,2179900.0,2163314,2179900,16585,0.8,MAKUL
2012,158000.0,1461.0,106.0,,12.2,,4315.0,1780.0,1615.0,,5.0,,4.0,13348.0,Nissan,Düz,Dizel,SUV,Önden Çekiş,Galeriden,925000.0,949299,925000,-24299,-2.6,MAKUL
2010,228000.0,1461.0,110.0,,12.2,,4330.0,1783.0,1615.0,,5.0,,4.0,13348.0,Nissan,Düz,Dizel,SUV,Önden Çekiş,Galeriden,765000.0,695719,765000,69280,10.0,MAKUL
2011,287000.0,1591.0,130.0,,11.5,,4394.0,1806.0,1615.0,,5.0,,4.0,15946.0,Nissan,Düz,Dizel,SUV,Önden Çekiş,Galeriden,699900.0,703213,699900,-3313,-0.5,MAKUL
2017,127000.0,1591.0,130.0,,11.5,,4394.0,1806.0,1615.0,,5.0,,4.0,15946.0,Nissan,Düz,Dizel,SUV,Önden Çekiş,Galeriden,1595000.0,1502743,1595000,92256,6.1,MAKUL
2020,78000.0,1461.0,115.0,,13.0,,4394.0,1806.0,1590.0,,5.0,,4.0,15261.0,Nissan,Yarı Otomatik,Dizel,SUV,Önden Çekiş,Galeriden,1730000.0,1750387,1730000,-20387,-1.2,MAKUL
2020,124000.0,1461.0,115.0,,13.0,,4394.0,1806.0,1590.0,,5.0,,4.0,15261.0,Nissan,Yarı Otomatik,Dizel,SUV,Önden Çekiş,Galeriden,1730000.0,1729494,1730000,505,0.0,MAKUL
2015,116000.0,1591.0,130.0,,11.5,,4394.0,1806.0,1615.0,,5.0,,4.0,15946.0,Nissan,Otomatik,Benzin,Crossover,Önden Çekiş,Galeriden,1090000.0,1101918,1090000,-11918,-1.1,MAKUL
2015,205000.0,1591.0,130.0,,11.5,,4394.0,1806.0,1615.0,,5.0,,4.0,15946.0,Nissan,Otomatik,Benzin,Crossover,Önden Çekiş,Galeriden,955000.0,983472,955000,-28472,-2.9,MAKUL
2013,187000.0,1591.0,130.0,,11.5,,4394.0,1806.0,1615.0,,5.0,,4.0,15946.0,Nissan,Düz,Dizel,Crossover,Önden Çekiş,Galeriden,710000.0,785734,710000,-75734,-9.6,MAKUL
2025,6500.0,999.0,115.0,,11.8,,4210.0,1800.0,1595.0,,5.0,,3.0,16173.0,Nissan,Yarı Otomatik,Benzin,SUV,Önden Çekiş,Galeriden,1695000.0,1698187,1695000,-3187,-0.2,MAKUL
2024,40000.0,999.0,115.0,,11.8,,4210.0,1800.0,1595.0,,5.0,,3.0,16173.0,Nissan,Yarı Otomatik,Benzin,SUV,Önden Çekiş,Galeriden,1550000.0,1536031,1550000,13968,0.9,MAKUL
2016,105000.0,1197.0,115.0,,12.9,,4379.0,1800.0,1590.0,,5.0,,4.0,17977.0,Nissan,Otomatik,Benzin,SUV,Önden Çekiş,Galeriden,1369900.0,1384105,1369900,-14205,-1.0,MAKUL
2016,18500.0,1197.0,115.0,,12.9,,4379.0,1800.0,1590.0,,5.0,,4.0,18918.0,Nissan,Otomatik,Benzin,SUV,Önden Çekiş,Galeriden,1490000.0,1480890,1490000,9109,0.6,MAKUL
2012,330000.0,2488.0,133.0,,13.3,,5180.0,1825.0,1720.0,,5.0,,4.0,15946.0,Nissan,Düz,Dizel,Hard top,4WD (Sürekli),Galeriden,485000.0,704255,485000,-219255,-31.1,FIRSAT
2010,230000.0,1461.0,106.0,,12.2,,4315.0,1780.0,1615.0,,5.0,,4.0,13348.0,Nissan,Düz,Dizel,SUV,Önden Çekiş,Sahibinden,750000.0,754238,750000,-4238,-0.6,MAKUL
2020,124000.0,1461.0,115.0,,13.0,,4394.0,1806.0,1590.0,,5.0,,4.0,15261.0,Nissan,Yarı Otomatik,Dizel,SUV,Önden Çekiş,Galeriden,1730000.0,1729494,1730000,505,0.0,MAKUL
2012,120000.0,1598.0,115.0,,11.8,,4330.0,1783.0,1615.0,,5.0,,4.0,13348.0,Nissan,Düz,Benzin,SUV,Önden Çekiş,Sahibinden,940000.0,970244,940000,-30244,-3.1,MAKUL
2017,137000.0,1461.0,110.0,,12.4,,4379.0,1800.0,1590.0,,5.0,,4.0,17538.0,Nissan,Düz,Dizel,SUV,Önden Çekiş,Sahibinden,1360000.0,1351764,1360000,8235,0.6,MAKUL
2014,230000.0,1598.0,130.0,,10.7,,4379.0,1800.0,1590.0,,5.0,,4.0,18918.0,Nissan,Otomatik,Dizel,SUV,Önden Çekiş,Sahibinden,965000.0,1162828,965000,-197828,-17.0,FIRSAT
2012,119700.0,1461.0,110.0,,11.3,,4135.0,1765.0,1570.0,,5.0,,4.0,16754.0,Nissan,Düz,Dizel,SUV,Önden Çekiş,Sahibinden,825000.0,831614,825000,-6614,-0.8,MAKUL
2011,205000.0,1591.0,130.0,,11.5,,4394.0,1806.0,1615.0,,5.0,,4.0,15946.0,Nissan,Düz,LPG & Benzin,SUV,Önden Çekiş,Galeriden,835000.0,829851,835000,5148,0.6,MAKUL
2016,170000.0,2298.0,190.0,,10.8,,5330.0,1850.0,1840.0,,5.0,,4.0,15946.0,Nissan,Otomatik,Dizel,Hard top,4WD (Sürekli),Galeriden,1465000.0,1361297,1465000,103702,7.6,MAKUL
2017,113000.0,2298.0,190.0,,10.8,,5330.0,1850.0,1840.0,,5.0,,4.0,15946.0,Nissan,Otomatik,Dizel,Hard top,4WD (Sürekli),Galeriden,1495000.0,1488490,1495000,6509,0.4,MAKUL
2018,96490.0,1591.0,130.0,,11.5,,4394.0,1806.0,1615.0,,5.0,,4.0,15946.0,Nissan,Düz,Dizel,SUV,Arkadan İtiş,Galeriden,1360000.0,1361087,1360000,-1087,-0.1,MAKUL
2021,76769.0,2298.0,190.0,,10.8,,5330.0,1850.0,1840.0,,5.0,,4.0,15946.0,Nissan,Otomatik,Dizel,Hard top,4WD (Sürekli),Galeriden,1875000.0,1841661,1875000,33338,1.8,MAKUL
2009,158050.0,1591.0,130.0,,11.5,,4394.0,1806.0,1615.0,,5.0,,4.0,15946.0,Nissan,Düz,Dizel,SUV,Arkadan İtiş,Galeriden,710000.0,731806,710000,-21806,-3.0,MAKUL
2009,253800.0,1591.0,130.0,,11.5,,4394.0,1806.0,1615.0,,5.0,,4.0,15946.0,Nissan,Düz,Dizel,SUV,Arkadan İtiş,Galeriden,675000.0,685598,675000,-10598,-1.5,MAKUL
2018,100000.0,1591.0,130.0,,11.5,,4394.0,1806.0,1615.0,,5.0,,4.0,15946.0,Nissan,Düz,Dizel,SUV,Arkadan İtiş,Galeriden,1135000.0,1175487,1135000,-40487,-3.4,MAKUL
2018,45000.0,1598.0,117.0,,11.5,,4135.0,1765.0,1565.0,,5.0,,4.0,14518.0,Nissan,Otomatik,Benzin,SUV,Önden Çekiş,Galeriden,1265000.0,1265057,1265000,-57,-0.0,MAKUL
2015,55000.0,1598.0,117.0,,11.5,,4135.0,1765.0,1565.0,,5.0,,4.0,14518.0,Nissan,Otomatik,Benzin,SUV,Önden Çekiş,Galeriden,1195000.0,1198449,1195000,-3449,-0.3,MAKUL
2016,137000.0,1591.0,130.0,,11.5,,4394.0,1806.0,1615.0,,5.0,,4.0,15946.0,Nissan,Otomatik,Benzin,Crossover,Önden Çekiş,Galeriden,1150000.0,1147656,1150000,2343,0.2,MAKUL
2017,89000.0,1591.0,130.0,,11.5,,4394.0,1806.0,1615.0,,5.0,,4.0,15946.0,Nissan,Otomatik,Benzin,Crossover,Önden Çekiş,Galeriden,1200000.0,1057693,1200000,142306,13.5,PAHALI
2013,113000.0,1598.0,117.0,,11.5,,4135.0,1765.0,1570.0,,5.0,,4.0,14518.0,Nissan,Otomatik,Benzin,SUV,Önden Çekiş,Galeriden,899000.0,916251,899000,-17251,-1.9,MAKUL
2018,125000.0,1598.0,117.0,,11.5,,4135.0,1765.0,1565.0,,5.0,,4.0,13260.0,Nissan,Otomatik,Benzin,SUV,Önden Çekiş,Galeriden,1089900.0,1094833,1089900,-4933,-0.5,MAKUL
2017,113000.0,1591.0,130.0,,11.5,,4394.0,1806.0,1615.0,,5.0,,4.0,15946.0,Nissan,Otomatik,LPG & Benzin,Crossover,Önden Çekiş,Galeriden,1135000.0,1140471,1135000,-5471,-0.5,MAKUL
2017,105000.0,1591.0,130.0,,11.5,,4394.0,1806.0,1615.0,,5.0,,4.0,15946.0,Nissan,Otomatik,Benzin,Crossover,Önden Çekiş,Galeriden,1165000.0,1100441,1165000,64558,5.9,MAKUL
2016,124000.0,1591.0,130.0,,11.5,,4394.0,1806.0,1615.0,,5.0,,4.0,15946.0,Nissan,Otomatik,Benzin,Crossover,Önden Çekiş,Galeriden,969000.0,1145396,969000,-176396,-15.4,FIRSAT
2014,150500.0,1591.0,130.0,,11.5,,4394.0,1806.0,1615.0,,5.0,,4.0,15946.0,Nissan,Otomatik,Benzin,Crossover,Önden Çekiş,Galeriden,1025000.0,1027185,1025000,-2185,-0.2,MAKUL
2012,128000.0,1598.0,117.0,,11.5,,4135.0,1765.0,1570.0,,5.0,,4.0,16754.0,Nissan,Otomatik,Benzin,SUV,Önden Çekiş,Galeriden,975000.0,947433,975000,27566,2.9,MAKUL
2011,219000.0,1598.0,117.0,,11.5,,4135.0,1765.0,1570.0,,5.0,,4.0,14518.0,Nissan,Otomatik,Benzin,SUV,Önden Çekiş,Galeriden,744900.0,764340,744900,-19440,-2.5,MAKUL
2011,154000.0,1598.0,117.0,,11.0,,4135.0,1765.0,1570.0,,5.0,,4.0,17260.0,Nissan,Düz,LPG & Benzin,SUV,Önden Çekiş,Galeriden,685000.0,885396,685000,-200396,-22.6,FIRSAT
2011,135000.0,1598.0,117.0,,11.5,,4135.0,1765.0,1570.0,,5.0,,4.0,14518.0,Nissan,Otomatik,Benzin,SUV,Önden Çekiş,Galeriden,865000.0,869831,865000,-4831,-0.6,MAKUL
2012,152000.0,1598.0,117.0,,11.5,,4135.0,1765.0,1570.0,,5.0,,4.0,14518.0,Nissan,Otomatik,Benzin,SUV,Önden Çekiş,Galeriden,819500.0,839874,819500,-20374,-2.4,MAKUL
2014,237000.0,1598.0,117.0,,11.5,,4135.0,1765.0,1565.0,,5.0,,4.0,13260.0,Nissan,Otomatik,Benzin,SUV,Önden Çekiş,Galeriden,855000.0,1028084,855000,-173084,-16.8,FIRSAT
2018,100000.0,1591.0,130.0,,11.5,,4394.0,1806.0,1615.0,,5.0,,4.0,15946.0,Nissan,Otomatik,Dizel,SUV,Önden Çekiş,Galeriden,1659900.0,1664522,1659900,-4622,-0.3,MAKUL
2017,346000.0,1591.0,130.0,,11.5,,4394.0,1806.0,1615.0,,5.0,,4.0,15946.0,Nissan,Otomatik,Dizel,SUV,Önden Çekiş,Galeriden,1190000.0,1177993,1190000,12006,1.0,MAKUL
2025,6001.0,1497.0,163.0,,9.6,,4680.0,1840.0,1725.0,,5.0,,3.0,15946.0,Nissan,Otomatik,Benzin,SUV,Önden Çekiş,Galeriden,3300000.0,2833630,3300000,466369,16.5,PAHALI
2024,45000.0,1497.0,213.0,,7.0,,4680.0,1840.0,1725.0,,5.0,,3.0,15946.0,Nissan,Otomatik,Hibrit,SUV,4WD (Sürekli),Galeriden,2950000.0,2805138,2950000,144861,5.2,MAKUL
2024,19000.0,1497.0,163.0,,9.6,,4680.0,1840.0,1725.0,,5.0,,3.0,15946.0,Nissan,Otomatik,Hibrit,SUV,Önden Çekiş,Galeriden,2830000.0,2804637,2830000,25362,0.9,MAKUL
2024,88000.0,1497.0,213.0,,7.0,,4680.0,1840.0,1725.0,,5.0,,3.0,15946.0,Nissan,Otomatik,Benzin,SUV,4WD (Sürekli),Galeriden,2675000.0,2677187,2675000,-2187,-0.1,MAKUL
2021,77000.0,1591.0,130.0,,11.5,,4394.0,1806.0,1615.0,,5.0,,4.0,15946.0,Nissan,Otomatik,Benzin,SUV,Önden Çekiş,Galeriden,2070000.0,2029961,2070000,40038,2.0,MAKUL
2018,78000.0,1591.0,130.0,,11.5,,4394.0,1806.0,1615.0,,5.0,,4.0,15946.0,Nissan,Otomatik,Dizel,SUV,Önden Çekiş,Galeriden,1899000.0,1775673,1899000,123326,6.9,MAKUL
2018,76000.0,1591.0,130.0,,11.5,,4394.0,1806.0,1615.0,,5.0,,4.0,15946.0,Nissan,Otomatik,Dizel,SUV,Önden Çekiş,Galeriden,1849750.0,1771977,1849750,77772,4.4,MAKUL
2024,19000.0,1497.0,163.0,,9.6,,4680.0,1840.0,1725.0,,5.0,,3.0,15946.0,Nissan,Otomatik,Hibrit,SUV,Önden Çekiş,Galeriden,2830000.0,2804637,2830000,25362,0.9,MAKUL
2024,88000.0,1497.0,213.0,,7.0,,4680.0,1840.0,1725.0,,5.0,,3.0,15946.0,Nissan,Otomatik,Benzin,SUV,4WD (Sürekli),Galeriden,2675000.0,2677187,2675000,-2187,-0.1,MAKUL
2021,77000.0,1591.0,130.0,,11.5,,4394.0,1806.0,1615.0,,5.0,,4.0,15946.0,Nissan,Otomatik,Benzin,SUV,Önden Çekiş,Galeriden,2070000.0,2029961,2070000,40038,2.0,MAKUL
2018,78000.0,1591.0,130.0,,11.5,,4394.0,1806.0,1615.0,,5.0,,4.0,15946.0,Nissan,Otomatik,Dizel,SUV,Önden Çekiş,Galeriden,1899000.0,1775673,1899000,123326,6.9,MAKUL
2018,76000.0,1591.0,130.0,,11.5,,4394.0,1806.0,1615.0,,5.0,,4.0,15946.0,Nissan,Otomatik,Dizel,SUV,Önden Çekiş,Galeriden,1849750.0,1771977,1849750,77772,4.4,MAKUL
2017,158000.0,1591.0,130.0,,11.5,,4394.0,1806.0,1615.0,,5.0,,4.0,15946.0,Nissan,Otomatik,Dizel,SUV,Önden Çekiş,Galeriden,1675000.0,1495103,1675000,179896,12.0,PAHALI
2018,103000.0,1591.0,130.0,,11.5,,4394.0,1806.0,1615.0,,5.0,,4.0,15946.0,Nissan,Otomatik,Dizel,SUV,Önden Çekiş,Galeriden,1865000.0,1684656,1865000,180343,10.7,PAHALI
2018,119000.0,1591.0,130.0,,11.5,,4394.0,1806.0,1615.0,,5.0,,4.0,15946.0,Nissan,Otomatik,Dizel,SUV,Önden Çekiş,Galeriden,1764750.0,1614204,1764750,150545,9.3,MAKUL
2015,93000.0,1598.0,130.0,,11.4,,4643.0,1820.0,1695.0,,7.0,,4.0,16177.0,Nissan,Otomatik,Dizel,SUV,Önden Çekiş,Galeriden,1500000.0,1522610,1500000,-22610,-1.5,MAKUL
2017,169000.0,1591.0,130.0,,11.5,,4394.0,1806.0,1615.0,,5.0,,4.0,15946.0,Nissan,Otomatik,Dizel,SUV,Önden Çekiş,Galeriden,1489000.0,1420756,1489000,68243,4.8,MAKUL
2015,122000.0,1598.0,130.0,,11.4,,4643.0,1820.0,1695.0,,7.0,,4.0,16177.0,Nissan,Otomatik,Dizel,SUV,Önden Çekiş,Galeriden,1510000.0,1487190,1510000,22809,1.5,MAKUL
2018,197000.0,1591.0,130.0,,11.5,,4394.0,1806.0,1615.0,,5.0,,4.0,15946.0,Nissan,Otomatik,Dizel,SUV,Önden Çekiş,Galeriden,1549000.0,1406065,1549000,142934,10.2,PAHALI
2016,189000.0,1598.0,130.0,,11.4,,4643.0,1820.0,1695.0,,7.0,,4.0,16177.0,Nissan,Otomatik,Dizel,SUV,Önden Çekiş,Galeriden,1475000.0,1366864,1475000,108135,7.9,MAKUL
2016,145000.0,1598.0,130.0,,11.4,,4643.0,1820.0,1695.0,,7.0,,4.0,16177.0,Nissan,Otomatik,Dizel,SUV,Önden Çekiş,Galeriden,1549058.0,1523137,1549058,25920,1.7,MAKUL
2014,125000.0,1598.0,130.0,,11.4,,4643.0,1820.0,1695.0,,7.0,,4.0,16177.0,Nissan,Otomatik,Dizel,SUV,Önden Çekiş,Galeriden,1489000.0,1488601,1489000,398,0.0,MAKUL
2016,176000.0,1598.0,130.0,,11.4,,4643.0,1820.0,1695.0,,7.0,,4.0,16177.0,Nissan,Otomatik,Dizel,SUV,Önden Çekiş,Galeriden,1395000.0,1419255,1395000,-24255,-1.7,MAKUL
2015,167000.0,1598.0,130.0,,11.4,,4643.0,1820.0,1695.0,,7.0,,4.0,16177.0,Nissan,Otomatik,Dizel,SUV,Önden Çekiş,Galeriden,1449000.0,1426664,1449000,22335,1.6,MAKUL
2016,210000.0,1598.0,130.0,,11.4,,4643.0,1820.0,1695.0,,7.0,,4.0,16177.0,Nissan,Otomatik,Dizel,SUV,Önden Çekiş,Galeriden,1279000.0,1310931,1279000,-31931,-2.4,MAKUL
2014,210000.0,1598.0,130.0,,11.4,,4643.0,1820.0,1695.0,,7.0,,4.0,16177.0,Nissan,Otomatik,Dizel,SUV,Önden Çekiş,Galeriden,1330000.0,1306070,1330000,23929,1.8,MAKUL
2017,179000.0,1591.0,130.0,,11.5,,4394.0,1806.0,1615.0,,5.0,,4.0,15946.0,Nissan,Otomatik,Dizel,SUV,Önden Çekiş,Galeriden,1418950.0,1423444,1418950,-4494,-0.3,MAKUL
2015,267000.0,1598.0,130.0,,11.4,,4643.0,1820.0,1695.0,,7.0,,4.0,16177.0,Nissan,Otomatik,Dizel,SUV,Önden Çekiş,Galeriden,1049000.0,1064899,1049000,-15899,-1.5,MAKUL
2015,69900.0,1461.0,110.0,,12.4,,4379.0,1800.0,1590.0,,5.0,,4.0,18918.0,Nissan,Düz,Dizel,SUV,Önden Çekiş,Galeriden,1569000.0,1557992,1569000,11007,0.7,MAKUL
2018,158000.0,1591.0,130.0,,11.5,,4394.0,1806.0,1615.0,,5.0,,4.0,15946.0,Nissan,Otomatik,Dizel,SUV,Önden Çekiş,Galeriden,1590000.0,1492426,1590000,97573,6.5,MAKUL
2018,72000.0,1591.0,130.0,,11.5,,4394.0,1806.0,1615.0,,5.0,,4.0,15946.0,Nissan,Otomatik,Dizel,SUV,Önden Çekiş,Galeriden,1700000.0,1723673,1700000,-23673,-1.4,MAKUL
2018,120000.0,1591.0,130.0,,11.5,,4394.0,1806.0,1615.0,,5.0,,4.0,15946.0,Nissan,Otomatik,Dizel,SUV,Önden Çekiş,Galeriden,1558850.0,1609258,1558850,-50408,-3.1,MAKUL
2018,99500.0,1591.0,130.0,,11.5,,4394.0,1806.0,1615.0,,5.0,,4.0,15946.0,Nissan,Otomatik,Dizel,SUV,Önden Çekiş,Galeriden,1675000.0,1665670,1675000,9329,0.6,MAKUL
2016,129000.0,1598.0,130.0,,10.7,,4379.0,1800.0,1590.0,,5.0,,4.0,17538.0,Nissan,Otomatik,Dizel,SUV,Önden Çekiş,Galeriden,1279000.0,1378607,1279000,-99607,-7.2,MAKUL
2015,90000.0,1598.0,130.0,,10.7,,4379.0,1800.0,1590.0,,5.0,,4.0,17538.0,Nissan,Otomatik,Dizel,SUV,Önden Çekiş,Galeriden,1515000.0,1481710,1515000,33289,2.2,MAKUL
2018,150000.0,1591.0,130.0,,11.5,,4394.0,1806.0,1615.0,,5.0,,4.0,15946.0,Nissan,Otomatik,Dizel,SUV,Önden Çekiş,Galeriden,1439000.0,1479168,1439000,-40168,-2.7,MAKUL
2017,147500.0,1591.0,130.0,,11.5,,4394.0,1806.0,1615.0,,5.0,,4.0,15946.0,Nissan,Otomatik,Dizel,SUV,Önden Çekiş,Galeriden,1475000.0,1477778,1475000,-2778,-0.2,MAKUL
2016,173000.0,1598.0,130.0,,10.7,,4379.0,1800.0,1590.0,,5.0,,4.0,17538.0,Nissan,Otomatik,Dizel,SUV,Önden Çekiş,Galeriden,1285000.0,1300121,1285000,-15121,-1.2,MAKUL
2017,283000.0,1591.0,130.0,,11.5,,4394.0,1806.0,1615.0,,5.0,,4.0,15946.0,Nissan,Otomatik,Dizel,SUV,Önden Çekiş,Galeriden,945000.0,977383,945000,-32383,-3.3,MAKUL
2017,110000.0,1591.0,130.0,,11.5,,4394.0,1806.0,1615.0,,5.0,,4.0,15946.0,Nissan,Otomatik,Dizel,SUV,Önden Çekiş,Galeriden,1349000.0,1548278,1349000,-199278,-12.9,FIRSAT
2007,362896.0,2488.0,144.0,,12.8,,5220.0,1850.0,1766.0,,5.0,,4.0,15946.0,Nissan,Otomatik,Dizel,Hard top,Arkadan İtiş,Galeriden,655000.0,655955,655000,-955,-0.1,MAKUL
2024,33306.0,999.0,115.0,,11.8,,4210.0,1800.0,1595.0,,5.0,,3.0,11957.0,Nissan,Yarı Otomatik,Benzin,SUV,Önden Çekiş,Galeriden,1400000.0,1433596,1400000,-33596,-2.3,MAKUL
2016,40000.0,1461.0,110.0,,12.4,,4379.0,1800.0,1590.0,,5.0,,4.0,15946.0,Nissan,Düz,Dizel,SUV,Önden Çekiş,Galeriden,1625000.0,1451233,1625000,173766,12.0,PAHALI
2018,150000.0,1591.0,130.0,,11.5,,4394.0,1806.0,1615.0,,5.0,,4.0,15946.0,Nissan,Otomatik,Benzin,SUV,Önden Çekiş,Galeriden,1369000.0,1372875,1369000,-3875,-0.3,MAKUL
2015,116000.0,1197.0,115.0,,12.9,,4379.0,1800.0,1590.0,,5.0,,4.0,14536.0,Nissan,Otomatik,Benzin,SUV,Önden Çekiş,Galeriden,1265000.0,1250743,1265000,14256,1.1,MAKUL
2018,62000.0,1591.0,130.0,,11.5,,4394.0,1806.0,1615.0,,5.0,,4.0,15946.0,Nissan,Otomatik,Benzin,SUV,Önden Çekiş,Galeriden,1395000.0,1389971,1395000,5028,0.4,MAKUL
2015,93000.0,1591.0,130.0,,11.5,,4394.0,1806.0,1615.0,,5.0,,4.0,15946.0,Nissan,Otomatik,Benzin,SUV,Önden Çekiş,Galeriden,1310000.0,1271017,1310000,38982,3.1,MAKUL
2015,108000.0,1197.0,115.0,,12.9,,4379.0,1800.0,1590.0,,5.0,,4.0,14536.0,Nissan,Otomatik,Benzin,SUV,Önden Çekiş,Galeriden,1265000.0,1259518,1265000,5481,0.4,MAKUL
2010,336000.0,2488.0,144.0,,12.7,,5220.0,1850.0,1766.0,,5.0,,4.0,15946.0,Nissan,Düz,Dizel,Hard top,Arkadan İtiş,Sahibinden,585000.0,590102,585000,-5102,-0.9,MAKUL
2011,265000.0,1461.0,110.0,,11.3,,4135.0,1765.0,1570.0,,5.0,,4.0,16754.0,Nissan,Düz,Dizel,SUV,Önden Çekiş,Sahibinden,595000.0,610614,595000,-15614,-2.6,MAKUL
2021,85000.0,999.0,115.0,,11.8,,4210.0,1800.0,1595.0,,5.0,,3.0,11957.0,Nissan,Yarı Otomatik,Benzin,SUV,Önden Çekiş,Galeriden,1305000.0,1315614,1305000,-10614,-0.8,MAKUL
2015,158000.0,1598.0,130.0,,11.4,,4643.0,1820.0,1695.0,,7.0,,4.0,19938.0,Nissan,Otomatik,Dizel,SUV,Önden Çekiş,Galeriden,1399000.0,1410672,1399000,-11672,-0.8,MAKUL
2011,278000.0,1461.0,110.0,,11.3,,4135.0,1765.0,1570.0,,5.0,,4.0,16754.0,Nissan,Düz,Dizel,SUV,Önden Çekiş,Galeriden,665000.0,653177,665000,11822,1.8,MAKUL
2017,73000.0,1591.0,130.0,,11.5,,4394.0,1806.0,1615.0,,5.0,,4.0,15946.0,Nissan,Otomatik,Dizel,SUV,Önden Çekiş,Galeriden,1635000.0,1656565,1635000,-21565,-1.3,MAKUL
2024,13000.0,1591.0,130.0,,11.5,,4394.0,1806.0,1615.0,,5.0,,4.0,15946.0,Nissan,Otomatik,Hibrit,SUV,AWD (Elektronik),Galeriden,2579000.0,2581519,2579000,-2519,-0.1,MAKUL
2023,51000.0,1591.0,130.0,,11.5,,4394.0,1806.0,1615.0,,5.0,,4.0,15946.0,Nissan,Otomatik,Hibrit,SUV,Önden Çekiş,Galeriden,1969000.0,2009493,1969000,-40493,-2.0,MAKUL
2017,129000.0,1598.0,130.0,,11.1,,4394.0,1806.0,1590.0,,5.0,,4.0,17538.0,Nissan,Otomatik,Dizel,SUV,Önden Çekiş,Galeriden,1575000.0,1525668,1575000,49331,3.2,MAKUL
2017,90000.0,1591.0,130.0,,11.5,,4394.0,1806.0,1615.0,,5.0,,4.0,15946.0,Nissan,Otomatik,Dizel,SUV,Önden Çekiş,Galeriden,1790000.0,1668154,1790000,121845,7.3,MAKUL
2015,155000.0,1598.0,130.0,,11.4,,4643.0,1820.0,1695.0,,7.0,,4.0,16177.0,Nissan,Otomatik,Dizel,SUV,Önden Çekiş,Galeriden,1353000.0,1406977,1353000,-53977,-3.8,MAKUL
2018,144000.0,1591.0,130.0,,11.5,,4394.0,1806.0,1615.0,,5.0,,4.0,15946.0,Nissan,Düz,Dizel,SUV,Önden Çekiş,Galeriden,1585000.0,1528264,1585000,56735,3.7,MAKUL
2016,40000.0,1591.0,130.0,,11.5,,4394.0,1806.0,1615.0,,5.0,,4.0,15946.0,Nissan,Otomatik,Benzin,SUV,Önden Çekiş,Galeriden,1389500.0,1401206,1389500,-11706,-0.8,MAKUL
2014,168000.0,1197.0,115.0,,12.9,,4379.0,1800.0,1590.0,,5.0,,4.0,17977.0,Nissan,Otomatik,Benzin,SUV,Önden Çekiş,Galeriden,1169000.0,1208125,1169000,-39125,-3.2,MAKUL
2019,185000.0,1461.0,115.0,,13.0,,4394.0,1806.0,1590.0,,5.0,,4.0,15261.0,Nissan,Yarı Otomatik,Dizel,SUV,Önden Çekiş,Galeriden,1465000.0,1471451,1465000,-6451,-0.4,MAKUL
2013,187000.0,1591.0,130.0,,11.5,,4394.0,1806.0,1615.0,,5.0,,4.0,15946.0,Nissan,Düz,Dizel,SUV,Arkadan İtiş,Galeriden,800000.0,855904,800000,-55904,-6.5,MAKUL
2017,228000.0,1591.0,130.0,,11.5,,4394.0,1806.0,1615.0,,5.0,,4.0,15946.0,Nissan,Otomatik,Dizel,SUV,Önden Çekiş,Galeriden,1099750.0,1171119,1099750,-71369,-6.1,MAKUL
2013,90000.0,1461.0,110.0,,12.2,,4330.0,1783.0,1615.0,,5.0,,4.0,15761.0,Nissan,Düz,Dizel,SUV,Önden Çekiş,Galeriden,1175000.0,1170503,1175000,4496,0.4,MAKUL
2016,288000.0,1598.0,130.0,,10.7,,4379.0,1800.0,1590.0,,5.0,,4.0,17977.0,Nissan,Otomatik,Dizel,SUV,Önden Çekiş,Galeriden,1048900.0,1080254,1048900,-31354,-2.9,MAKUL
2025,33910.0,1332.0,158.0,,9.2,,4425.0,1848.0,1625.0,,5.0,,4.0,18751.0,Nissan,Otomatik,Benzin,SUV,Önden Çekiş,Galeriden,2630000.0,2585011,2630000,44988,1.7,MAKUL
2013,376000.0,1591.0,130.0,,11.5,,4394.0,1806.0,1615.0,,5.0,,4.0,15946.0,Nissan,Düz,Dizel,SUV,Arkadan İtiş,Galeriden,695000.0,724998,695000,-29998,-4.1,MAKUL
2016,190000.0,1598.0,130.0,,10.7,,4379.0,1800.0,1590.0,,5.0,,4.0,17977.0,Nissan,Otomatik,Dizel,SUV,Önden Çekiş,Galeriden,1275000.0,1326165,1275000,-51165,-3.9,MAKUL
2012,220000.0,1461.0,110.0,,12.2,,4330.0,1783.0,1615.0,,5.0,,4.0,15761.0,Nissan,Düz,Dizel,SUV,Önden Çekiş,Galeriden,870000.0,891342,870000,-21342,-2.4,MAKUL
2014,190728.0,1598.0,130.0,,11.4,,4643.0,1820.0,1695.0,,7.0,,4.0,16177.0,Nissan,Otomatik,Dizel,SUV,Önden Çekiş,Galeriden,1375000.0,1352722,1375000,22277,1.6,MAKUL
2023,68000.0,999.0,115.0,,11.8,,4210.0,1800.0,1595.0,,5.0,,3.0,11957.0,Nissan,Yarı Otomatik,Benzin,SUV,Önden Çekiş,Galeriden,1395000.0,1408934,1395000,-13934,-1.0,MAKUL
2017,152000.0,1591.0,130.0,,11.5,,4394.0,1806.0,1615.0,,5.0,,4.0,15946.0,Nissan,Otomatik,Dizel,SUV,Önden Çekiş,Galeriden,1648000.0,1484924,1648000,163075,11.0,PAHALI
2016,113000.0,1591.0,130.0,,11.5,,4394.0,1806.0,1615.0,,5.0,,4.0,15946.0,Nissan,Otomatik,Dizel,SUV,Önden Çekiş,Galeriden,1458000.0,1405367,1458000,52632,3.7,MAKUL
2024,33000.0,999.0,115.0,,11.8,,4210.0,1800.0,1595.0,,5.0,,3.0,16173.0,Nissan,Yarı Otomatik,Benzin,SUV,Önden Çekiş,Galeriden,1495000.0,1510775,1495000,-15775,-1.0,MAKUL
2016,181000.0,1598.0,130.0,,10.7,,4379.0,1800.0,1590.0,,5.0,,4.0,17538.0,Nissan,Otomatik,Dizel,SUV,Önden Çekiş,Galeriden,1149000.0,1270006,1149000,-121006,-9.5,MAKUL
2024,33306.0,999.0,115.0,,11.8,,4210.0,1800.0,1595.0,,5.0,,3.0,11957.0,Nissan,Yarı Otomatik,Benzin,SUV,Önden Çekiş,Galeriden,1400000.0,1433596,1400000,-33596,-2.3,MAKUL
2016,40000.0,1461.0,110.0,,12.4,,4379.0,1800.0,1590.0,,5.0,,4.0,15946.0,Nissan,Düz,Dizel,SUV,Önden Çekiş,Galeriden,1625000.0,1451233,1625000,173766,12.0,PAHALI
2018,150000.0,1591.0,130.0,,11.5,,4394.0,1806.0,1615.0,,5.0,,4.0,15946.0,Nissan,Otomatik,Benzin,SUV,Önden Çekiş,Galeriden,1369000.0,1372875,1369000,-3875,-0.3,MAKUL
2015,116000.0,1197.0,115.0,,12.9,,4379.0,1800.0,1590.0,,5.0,,4.0,14536.0,Nissan,Otomatik,Benzin,SUV,Önden Çekiş,Galeriden,1265000.0,1250743,1265000,14256,1.1,MAKUL
2018,62000.0,1591.0,130.0,,11.5,,4394.0,1806.0,1615.0,,5.0,,4.0,15946.0,Nissan,Otomatik,Benzin,SUV,Önden Çekiş,Galeriden,1395000.0,1389971,1395000,5028,0.4,MAKUL
2015,93000.0,1591.0,130.0,,11.5,,4394.0,1806.0,1615.0,,5.0,,4.0,15946.0,Nissan,Otomatik,Benzin,SUV,Önden Çekiş,Galeriden,1310000.0,1271017,1310000,38982,3.1,MAKUL
2015,108000.0,1197.0,115.0,,12.9,,4379.0,1800.0,1590.0,,5.0,,4.0,14536.0,Nissan,Otomatik,Benzin,SUV,Önden Çekiş,Galeriden,1265000.0,1259518,1265000,5481,0.4,MAKUL
2016,166000.0,1591.0,130.0,,11.5,,4394.0,1806.0,1615.0,,5.0,,4.0,15946.0,Nissan,Otomatik,Benzin,SUV,Önden Çekiş,Galeriden,1260000.0,1198566,1260000,61433,5.1,MAKUL
2015,123000.0,1197.0,115.0,,12.9,,4379.0,1800.0,1590.0,,5.0,,4.0,14536.0,Nissan,Otomatik,Benzin,SUV,Önden Çekiş,Galeriden,1260000.0,1244501,1260000,15498,1.2,MAKUL
2015,126000.0,1197.0,115.0,,12.9,,4379.0,1800.0,1590.0,,5.0,,4.0,14536.0,Nissan,Otomatik,Benzin,SUV,Önden Çekiş,Galeriden,1200000.0,1238756,1200000,-38756,-3.1,MAKUL
2017,111000.0,1591.0,130.0,,11.5,,4394.0,1806.0,1615.0,,5.0,,4.0,15946.0,Nissan,Otomatik,Benzin,SUV,Önden Çekiş,Galeriden,1350000.0,1350742,1350000,-742,-0.1,MAKUL
2017,109000.0,1591.0,130.0,,11.5,,4394.0,1806.0,1615.0,,5.0,,4.0,15946.0,Nissan,Otomatik,Benzin,SUV,Önden Çekiş,Galeriden,1345000.0,1361863,1345000,-16863,-1.2,MAKUL
2013,96800.0,1598.0,117.0,,11.5,,4135.0,1765.0,1570.0,,5.0,,4.0,14518.0,Nissan,Otomatik,Benzin,SUV,Önden Çekiş,Galeriden,965000.0,972760,965000,-7760,-0.8,MAKUL
2016,177000.0,1598.0,130.0,,10.7,,4379.0,1800.0,1590.0,,5.0,,4.0,18918.0,Nissan,Otomatik,Dizel,SUV,Önden Çekiş,Galeriden,1450000.0,1259474,1450000,190525,15.1,PAHALI
2017,110000.0,1591.0,130.0,,11.5,,4394.0,1806.0,1615.0,,5.0,,4.0,15946.0,Nissan,Otomatik,Dizel,SUV,Önden Çekiş,Galeriden,1635000.0,1548278,1635000,86721,5.6,MAKUL
2016,168000.0,1598.0,130.0,,10.7,,4379.0,1800.0,1590.0,,5.0,,4.0,17538.0,Nissan,Otomatik,Dizel,SUV,Önden Çekiş,Galeriden,1179900.0,1329635,1179900,-149735,-11.3,FIRSAT
2015,140000.0,1591.0,130.0,,11.5,,4394.0,1806.0,1615.0,,5.0,,4.0,15946.0,Nissan,Otomatik,Benzin,SUV,Önden Çekiş,Galeriden,1095000.0,1171902,1095000,-76902,-6.6,MAKUL
2010,225000.0,1591.0,130.0,,11.5,,4394.0,1806.0,1615.0,,5.0,,4.0,15946.0,Nissan,Düz,LPG & Benzin,SUV,Önden Çekiş,Galeriden,718000.0,725946,718000,-7946,-1.1,MAKUL
2017,97000.0,1591.0,130.0,,11.5,,4394.0,1806.0,1615.0,,5.0,,4.0,15946.0,Nissan,Otomatik,Dizel,SUV,Önden Çekiş,Galeriden,1689000.0,1637205,1689000,51794,3.2,MAKUL
2020,89000.0,1332.0,160.0,,10.1,,4394.0,1806.0,1590.0,,5.0,,4.0,16546.0,Nissan,Yarı Otomatik,Benzin,SUV,Önden Çekiş,Galeriden,1560000.0,1693278,1560000,-133278,-7.9,MAKUL
2017,99500.0,1591.0,130.0,,11.5,,4394.0,1806.0,1615.0,,5.0,,4.0,15946.0,Nissan,Otomatik,Benzin,SUV,Önden Çekiş,Galeriden,1399000.0,1398970,1399000,29,0.0,MAKUL
2015,25000.0,1591.0,130.0,,11.5,,4394.0,1806.0,1615.0,,5.0,,4.0,15946.0,Nissan,Otomatik,Benzin,SUV,Önden Çekiş,Galeriden,1450000.0,1424683,1450000,25316,1.8,MAKUL
2018,79500.0,1591.0,130.0,,11.5,,4394.0,1806.0,1615.0,,5.0,,4.0,15946.0,Nissan,Otomatik,Benzin,SUV,Önden Çekiş,Galeriden,1360000.0,1423666,1360000,-63666,-4.5,MAKUL
2016,129000.0,1197.0,115.0,,12.9,,4379.0,1800.0,1590.0,,5.0,,4.0,17977.0,Nissan,Otomatik,Benzin,SUV,Önden Çekiş,Galeriden,1468000.0,1415342,1468000,52657,3.7,MAKUL
2015,119000.0,1591.0,130.0,,11.5,,4394.0,1806.0,1615.0,,5.0,,4.0,15946.0,Nissan,Otomatik,Benzin,SUV,Önden Çekiş,Galeriden,1177750.0,1212349,1177750,-34599,-2.9,MAKUL
2012,216000.0,1591.0,130.0,,11.5,,4394.0,1806.0,1615.0,,5.0,,4.0,15946.0,Nissan,Otomatik,LPG & Benzin,SUV,Önden Çekiş,Galeriden,895000.0,892874,895000,2125,0.2,MAKUL
2024,16088.0,1497.0,190.0,,7.9,,4425.0,1835.0,1625.0,,5.0,,3.0,18751.0,Nissan,Otomatik,Benzin,SUV,Önden Çekiş,Yetkili Bayiden,2845950.0,2831145,2845950,14804,0.5,MAKUL
2025,22400.0,999.0,115.0,,11.8,,4210.0,1800.0,1595.0,,5.0,,3.0,16173.0,Nissan,Yarı Otomatik,Benzin,SUV,Önden Çekiş,Galeriden,1709000.0,1708466,1709000,533,0.0,MAKUL
2024,59000.0,999.0,115.0,,11.8,,4210.0,1800.0,1595.0,,5.0,,3.0,11957.0,Nissan,Yarı Otomatik,Benzin,SUV,Önden Çekiş,Galeriden,1500000.0,1498137,1500000,1862,0.1,MAKUL
2021,45600.0,1332.0,158.0,,9.2,,4425.0,1848.0,1625.0,,5.0,,4.0,15528.0,Nissan,Otomatik,Benzin,SUV,Önden Çekiş,Galeriden,2250000.0,2027583,2250000,222416,11.0,PAHALI
2015,88000.0,1461.0,110.0,,12.4,,4379.0,1800.0,1590.0,,5.0,,4.0,17538.0,Nissan,Düz,Dizel,SUV,Önden Çekiş,Galeriden,1345000.0,1355456,1345000,-10456,-0.8,MAKUL
2014,173000.0,1591.0,130.0,,11.5,,4394.0,1806.0,1615.0,,5.0,,4.0,15946.0,Nissan,Otomatik,Benzin,Crossover,Önden Çekiş,Galeriden,829000.0,1029975,829000,-200975,-19.5,FIRSAT
2012,274000.0,1461.0,110.0,,11.3,,4135.0,1765.0,1570.0,,5.0,,4.0,16754.0,Nissan,Düz,Dizel,SUV,Önden Çekiş,Galeriden,675000.0,625431,675000,49568,7.9,MAKUL
2017,63000.0,1591.0,130.0,,11.5,,4394.0,1806.0,1615.0,,5.0,,4.0,15946.0,Nissan,Otomatik,Dizel,SUV,Önden Çekiş,Galeriden,1675000.0,1674717,1675000,282,0.0,MAKUL
2021,79000.0,2298.0,190.0,,10.8,,5330.0,1850.0,1840.0,,5.0,,4.0,15946.0,Nissan,Otomatik,Dizel,Hard top,4WD (Sürekli),Galeriden,1385000.0,1562477,1385000,-177477,-11.4,FIRSAT
2020,72000.0,1461.0,115.0,,13.0,,4394.0,1806.0,1590.0,,5.0,,4.0,15261.0,Nissan,Yarı Otomatik,Dizel,SUV,Önden Çekiş,Galeriden,1770000.0,1795661,1770000,-25661,-1.4,MAKUL
2018,92000.0,1591.0,130.0,,11.5,,4394.0,1806.0,1615.0,,5.0,,4.0,15946.0,Nissan,Otomatik,Dizel,SUV,Önden Çekiş,Galeriden,1475000.0,1627801,1475000,-152801,-9.4,MAKUL
2025,23000.0,999.0,115.0,,11.8,,4210.0,1800.0,1595.0,,5.0,,3.0,16173.0,Nissan,Yarı Otomatik,Benzin,SUV,Önden Çekiş,Galeriden,1659000.0,1704914,1659000,-45914,-2.7,MAKUL
2014,245000.0,1591.0,130.0,,11.5,,4394.0,1806.0,1615.0,,5.0,,4.0,15946.0,Nissan,Düz,Dizel,SUV,Önden Çekiş,Galeriden,970000.0,1044314,970000,-74314,-7.1,MAKUL
2014,225000.0,1591.0,130.0,,11.5,,4394.0,1806.0,1615.0,,5.0,,4.0,15946.0,Nissan,Düz,Dizel,SUV,Önden Çekiş,Galeriden,890000.0,949327,890000,-59327,-6.2,MAKUL
2016,190000.0,2298.0,190.0,,10.8,,5330.0,1850.0,1840.0,,5.0,,4.0,15946.0,Nissan,Otomatik,Dizel,Hard top,4WD (Sürekli),Galeriden,1390000.0,1347628,1390000,42371,3.1,MAKUL
2020,40000.0,1461.0,115.0,,13.0,,4394.0,1806.0,1590.0,,5.0,,4.0,15261.0,Nissan,Yarı Otomatik,Dizel,SUV,Önden Çekiş,Galeriden,1799000.0,1874857,1799000,-75857,-4.0,MAKUL
2016,48000.0,1598.0,130.0,,10.7,,4379.0,1800.0,1590.0,,5.0,,4.0,17977.0,Nissan,Otomatik,Dizel,SUV,Önden Çekiş,Galeriden,1550000.0,1556355,1550000,-6355,-0.4,MAKUL
2017,115000.0,1591.0,130.0,,11.5,,4394.0,1806.0,1615.0,,5.0,,4.0,15946.0,Nissan,Otomatik,Dizel,SUV,Önden Çekiş,Galeriden,1420000.0,1518748,1420000,-98748,-6.5,MAKUL
1999,390000.0,1591.0,130.0,,11.5,,4394.0,1806.0,1615.0,,5.0,,4.0,15946.0,Nissan,Düz,Dizel,SUV,Önden Çekiş,Galeriden,345000.0,352975,345000,-7975,-2.3,MAKUL
2011,142000.0,1598.0,117.0,,11.5,,4135.0,1765.0,1570.0,,5.0,,4.0,16754.0,Nissan,Otomatik,Benzin,SUV,Önden Çekiş,Galeriden,915000.0,903957,915000,11042,1.2,MAKUL
2012,310000.0,1461.0,106.0,,12.2,,4315.0,1780.0,1615.0,,5.0,,4.0,14969.0,Nissan,Düz,Dizel,SUV,Önden Çekiş,Sahibinden,695000.0,719474,695000,-24474,-3.4,MAKUL
2008,217000.0,1591.0,130.0,,11.5,,4394.0,1806.0,1615.0,,5.0,,4.0,15946.0,Nissan,Düz,Dizel,SUV,Arkadan İtiş,Galeriden,715000.0,713020,715000,1979,0.3,MAKUL
2001,320000.0,2488.0,133.0,,13.0,,5090.0,1825.0,1830.0,,5.0,,4.0,15946.0,Nissan,Düz,Dizel,Hard top,Arkadan İtiş,Galeriden,349000.0,386319,349000,-37319,-9.7,MAKUL
1998,264000.0,1591.0,130.0,,11.5,,4394.0,1806.0,1615.0,,5.0,,4.0,15946.0,Nissan,Düz,Dizel,SUV,Arkadan İtiş,Galeriden,615000.0,533697,615000,81302,15.2,PAHALI
1997,400000.0,1591.0,130.0,,11.5,,4394.0,1806.0,1615.0,,5.0,,4.0,15946.0,Nissan,Düz,Dizel,SUV,Arkadan İtiş,Galeriden,155000.0,238303,155000,-83303,-35.0,FIRSAT
1999,340000.0,1591.0,130.0,,11.5,,4394.0,1806.0,1615.0,,5.0,,4.0,15946.0,Nissan,Düz,Dizel,SUV,Arkadan İtiş,Galeriden,530000.0,528345,530000,1655,0.3,MAKUL
2004,437000.0,1591.0,130.0,,11.5,,4394.0,1806.0,1615.0,,5.0,,4.0,15946.0,Nissan,Düz,Dizel,SUV,Arkadan İtiş,Galeriden,520000.0,498941,520000,21058,4.2,MAKUL
2005,303000.0,2488.0,133.0,,13.3,,5090.0,1825.0,1720.0,,5.0,,4.0,15946.0,Nissan,Düz,Dizel,Hard top,4WD (Sürekli),Galeriden,689000.0,674267,689000,14732,2.2,MAKUL
2024,16000.0,1497.0,190.0,,7.9,,4425.0,1835.0,1625.0,,5.0,,3.0,18751.0,Nissan,Otomatik,Hibrit,SUV,Önden Çekiş,Galeriden,2530000.0,2532562,2530000,-2562,-0.1,MAKUL
2025,19000.0,1591.0,130.0,,11.5,,4394.0,1806.0,1615.0,,5.0,,4.0,15946.0,Nissan,Otomatik,Hibrit,SUV,Önden Çekiş,Galeriden,2920000.0,2715395,2920000,204604,7.5,MAKUL
2023,19000.0,1497.0,190.0,,7.9,,4425.0,1835.0,1625.0,,5.0,,3.0,16769.0,Nissan,Otomatik,Hibrit,SUV,Önden Çekiş,Galeriden,2195000.0,2241513,2195000,-46513,-2.1,MAKUL
2024,14000.0,1591.0,130.0,,11.5,,4394.0,1806.0,1615.0,,5.0,,4.0,15946.0,Nissan,Otomatik,Hibrit,SUV,Önden Çekiş,Galeriden,2855000.0,2746351,2855000,108648,4.0,MAKUL
2024,52725.0,1591.0,130.0,,11.5,,4394.0,1806.0,1615.0,,5.0,,4.0,15946.0,Nissan,Otomatik,Benzin,SUV,Önden Çekiş,Galeriden,2499000.0,2355339,2499000,143660,6.1,MAKUL
2024,24000.0,1497.0,190.0,,7.9,,4425.0,1835.0,1625.0,,5.0,,3.0,18751.0,Nissan,Otomatik,Hibrit,SUV,Önden Çekiş,Galeriden,2800000.0,2525443,2800000,274556,10.9,PAHALI
2023,43778.0,1497.0,190.0,,7.9,,4425.0,1835.0,1625.0,,5.0,,3.0,16769.0,Nissan,Otomatik,Hibrit,SUV,Önden Çekiş,Galeriden,2090000.0,2116051,2090000,-26051,-1.2,MAKUL
2009,169000.0,1591.0,130.0,,11.5,,4394.0,1806.0,1615.0,,5.0,,4.0,15946.0,Nissan,Düz,Dizel,SUV,Önden Çekiş,Galeriden,740000.0,762407,740000,-22407,-2.9,MAKUL
2010,131000.0,1591.0,130.0,,11.5,,4394.0,1806.0,1615.0,,5.0,,4.0,15946.0,Nissan,Düz,Dizel,SUV,Önden Çekiş,Galeriden,819750.0,926354,819750,-106604,-11.5,FIRSAT
2012,213000.0,1461.0,106.0,,12.2,,4315.0,1780.0,1615.0,,5.0,,4.0,13348.0,Nissan,Düz,Dizel,SUV,Önden Çekiş,Galeriden,920000.0,910770,920000,9229,1.0,MAKUL
2014,139000.0,1591.0,130.0,,11.5,,4394.0,1806.0,1615.0,,5.0,,4.0,15946.0,Nissan,Düz,Dizel,SUV,Önden Çekiş,Galeriden,1220000.0,1141148,1220000,78851,6.9,MAKUL
2013,216000.0,1461.0,110.0,,12.2,,4330.0,1783.0,1615.0,,5.0,,4.0,15761.0,Nissan,Düz,Dizel,SUV,Önden Çekiş,Galeriden,998000.0,964292,998000,33707,3.5,MAKUL
2013,250000.0,1461.0,110.0,,12.2,,4330.0,1783.0,1615.0,,5.0,,4.0,15761.0,Nissan,Düz,Dizel,SUV,Önden Çekiş,Galeriden,835000.0,860576,835000,-25576,-3.0,MAKUL
2024,22000.0,1332.0,158.0,,9.2,,4425.0,1848.0,1625.0,,5.0,,4.0,18751.0,Nissan,Otomatik,Benzin,SUV,Önden Çekiş,Galeriden,2220000.0,2208646,2220000,11353,0.5,MAKUL
2024,34000.0,1332.0,158.0,,9.2,,4425.0,1848.0,1625.0,,5.0,,4.0,18751.0,Nissan,Otomatik,Benzin,SUV,Önden Çekiş,Galeriden,2185000.0,2191415,2185000,-6415,-0.3,MAKUL
2024,19000.0,1332.0,158.0,,9.2,,4425.0,1848.0,1625.0,,5.0,,4.0,18751.0,Nissan,Otomatik,Hibrit,SUV,Önden Çekiş,Galeriden,2170000.0,2221059,2170000,-51059,-2.3,MAKUL
2019,75000.0,1591.0,130.0,,11.5,,4394.0,1806.0,1615.0,,5.0,,4.0,15946.0,Nissan,Otomatik,Dizel,SUV,AWD (Elektronik),Galeriden,1610000.0,1832664,1610000,-222664,-12.1,FIRSAT
2020,157000.0,1332.0,160.0,,10.1,,4394.0,1806.0,1590.0,,5.0,,4.0,16546.0,Nissan,Yarı Otomatik,Benzin,SUV,Önden Çekiş,Galeriden,1380000.0,1450891,1380000,-70891,-4.9,MAKUL
2012,220000.0,1598.0,117.0,,13.0,,4330.0,1780.0,1615.0,,5.0,,4.0,15761.0,Nissan,Otomatik,LPG & Benzin,SUV,Önden Çekiş,Galeriden,879000.0,891082,879000,-12082,-1.4,MAKUL
2018,162000.0,1598.0,117.0,,11.5,,4135.0,1765.0,1565.0,,5.0,,4.0,13260.0,Nissan,Otomatik,Benzin,SUV,Önden Çekiş,Galeriden,925000.0,936697,925000,-11697,-1.2,MAKUL
2012,101000.0,1598.0,117.0,,11.5,,4135.0,1765.0,1570.0,,5.0,,4.0,16754.0,Nissan,Otomatik,Benzin,SUV,Önden Çekiş,Galeriden,924500.0,930448,924500,-5948,-0.6,MAKUL
2025,18387.0,1591.0,130.0,,11.5,,4394.0,1806.0,1615.0,,5.0,,4.0,15946.0,Nissan,Otomatik,Benzin,SUV,Önden Çekiş,Sahibinden,1550000.0,1693562,1550000,-143562,-8.5,MAKUL
2021,34000.0,1332.0,158.0,,10.1,,4394.0,1806.0,1590.0,,5.0,,4.0,15528.0,Nissan,Yarı Otomatik,Benzin,SUV,Önden Çekiş,Sahibinden,1800000.0,1817799,1800000,-17799,-1.0,MAKUL
2018,110000.0,1591.0,130.0,,11.5,,4394.0,1806.0,1615.0,,5.0,,4.0,15946.0,Nissan,Otomatik,Dizel,SUV,Önden Çekiş,Galeriden,1840000.0,1635364,1840000,204635,12.5,PAHALI
2023,14000.0,1497.0,213.0,,7.0,,4680.0,1840.0,1725.0,,5.0,,3.0,15946.0,Nissan,Otomatik,Benzin,SUV,4WD (Sürekli),Galeriden,2650950.0,2665572,2650950,-14622,-0.5,MAKUL
2014,199000.0,1598.0,130.0,,11.4,,4643.0,1820.0,1695.0,,7.0,,4.0,16177.0,Nissan,Otomatik,Dizel,SUV,Önden Çekiş,Galeriden,1259000.0,1278214,1259000,-19214,-1.5,MAKUL
2016,98000.0,1598.0,130.0,,11.4,,4643.0,1820.0,1695.0,,7.0,,4.0,16177.0,Nissan,Otomatik,Dizel,SUV,Önden Çekiş,Galeriden,1699750.0,1665309,1699750,34440,2.1,MAKUL
2014,205000.0,1598.0,130.0,,11.4,,4643.0,1820.0,1695.0,,7.0,,4.0,16177.0,Nissan,Otomatik,Dizel,SUV,Önden Çekiş,Galeriden,1285000.0,1282145,1285000,2854,0.2,MAKUL
2012,335000.0,1461.0,110.0,,12.2,,4330.0,1783.0,1615.0,,5.0,,4.0,13348.0,Nissan,Düz,Dizel,SUV,Önden Çekiş,Galeriden,839750.0,811234,839750,28515,3.5,MAKUL
2019,113000.0,1461.0,115.0,,13.0,,4394.0,1806.0,1590.0,,5.0,,4.0,15261.0,Nissan,Yarı Otomatik,Dizel,SUV,Önden Çekiş,Galeriden,1219500.0,1276904,1219500,-57404,-4.5,MAKUL
2024,25000.0,1332.0,158.0,,9.2,,4425.0,1848.0,1625.0,,5.0,,4.0,18751.0,Nissan,Otomatik,Benzin,SUV,Önden Çekiş,Yetkili Bayiden,2199900.0,2195304,2199900,4595,0.2,MAKUL
2015,135000.0,1591.0,130.0,,11.5,,4394.0,1806.0,1615.0,,5.0,,4.0,15946.0,Nissan,Otomatik,Benzin,SUV,Önden Çekiş,Galeriden,1165000.0,1184824,1165000,-19824,-1.7,MAKUL
2017,119485.0,1591.0,130.0,,11.5,,4394.0,1806.0,1615.0,,5.0,,4.0,15946.0,Nissan,Otomatik,Benzin,SUV,Önden Çekiş,Galeriden,1315000.0,1319980,1315000,-4980,-0.4,MAKUL
2025,13000.0,1591.0,130.0,,11.5,,4394.0,1806.0,1615.0,,5.0,,4.0,15946.0,Nissan,Otomatik,Benzin,SUV,Önden Çekiş,Galeriden,2319000.0,2304980,2319000,14019,0.6,MAKUL
2012,191000.0,1461.0,110.0,,12.2,,4541.0,1780.0,1645.0,,7.0,,4.0,13348.0,Nissan,Düz,Dizel,SUV,Önden Çekiş,Galeriden,1030000.0,996050,1030000,33949,3.4,MAKUL
2025,6001.0,1591.0,130.0,,11.5,,4394.0,1806.0,1615.0,,5.0,,4.0,15946.0,Nissan,Otomatik,Hibrit,SUV,Önden Çekiş,Galeriden,2475000.0,2514212,2475000,-39212,-1.6,MAKUL
2023,41000.0,1591.0,130.0,,11.5,,4394.0,1806.0,1615.0,,5.0,,4.0,15946.0,Nissan,Otomatik,Benzin,SUV,AWD (Elektronik),Galeriden,2125000.0,2135247,2125000,-10247,-0.5,MAKUL
2023,62000.0,1591.0,130.0,,11.5,,4394.0,1806.0,1615.0,,5.0,,4.0,15946.0,Nissan,Otomatik,Benzin,SUV,AWD (Elektronik),Galeriden,1945000.0,1964614,1945000,-19614,-1.0,MAKUL
2025,6001.0,1591.0,130.0,,11.5,,4394.0,1806.0,1615.0,,5.0,,4.0,15946.0,Nissan,Otomatik,Hibrit,SUV,Önden Çekiş,Sahibinden,2599000.0,2498857,2599000,100142,4.0,MAKUL
2015,298774.0,1598.0,130.0,,10.7,,4379.0,1800.0,1590.0,,5.0,,4.0,18918.0,Nissan,Otomatik,Dizel,SUV,Önden Çekiş,Galeriden,915000.0,970372,915000,-55372,-5.7,MAKUL
2015,258000.0,1598.0,130.0,,10.7,,4379.0,1800.0,1590.0,,5.0,,4.0,17977.0,Nissan,Otomatik,Dizel,SUV,Önden Çekiş,Galeriden,1100000.0,1080278,1100000,19721,1.8,MAKUL
2020,86000.0,1461.0,115.0,,13.0,,4394.0,1806.0,1590.0,,5.0,,4.0,15261.0,Nissan,Yarı Otomatik,Dizel,SUV,Önden Çekiş,Galeriden,1839950.0,1811739,1839950,28210,1.6,MAKUL
2010,220000.0,1461.0,106.0,,12.2,,4315.0,1780.0,1615.0,,5.0,,4.0,13348.0,Nissan,Düz,Dizel,SUV,Önden Çekiş,Galeriden,625000.0,671038,625000,-46038,-6.9,MAKUL
2020,107000.0,1461.0,115.0,,13.0,,4394.0,1806.0,1590.0,,5.0,,4.0,15261.0,Nissan,Yarı Otomatik,Dizel,SUV,Önden Çekiş,Galeriden,1785900.0,1771515,1785900,14384,0.8,MAKUL
2017,149000.0,1461.0,110.0,,11.9,,4394.0,1806.0,1590.0,,5.0,,4.0,17538.0,Nissan,Düz,Dizel,SUV,Önden Çekiş,Galeriden,1395000.0,1390743,1395000,4256,0.3,MAKUL
2017,108000.0,1591.0,130.0,,11.5,,4394.0,1806.0,1615.0,,5.0,,4.0,15946.0,Nissan,Otomatik,Benzin,Crossover,Önden Çekiş,Galeriden,1129000.0,1125228,1129000,3771,0.3,MAKUL
2012,102000.0,1591.0,130.0,,11.5,,4394.0,1806.0,1615.0,,5.0,,4.0,15946.0,Nissan,Otomatik,Benzin,Crossover,Önden Çekiş,Galeriden,990000.0,946020,990000,43979,4.6,MAKUL
2012,155000.0,1591.0,130.0,,11.5,,4394.0,1806.0,1615.0,,5.0,,4.0,15946.0,Nissan,Otomatik,Benzin,Crossover,Önden Çekiş,Galeriden,927900.0,929477,927900,-1577,-0.2,MAKUL
2019,70000.0,1461.0,115.0,,13.0,,4394.0,1806.0,1590.0,,5.0,,4.0,16546.0,Nissan,Yarı Otomatik,Dizel,SUV,Önden Çekiş,Galeriden,1475000.0,1513322,1475000,-38322,-2.5,MAKUL
2011,162592.0,1591.0,130.0,,11.5,,4394.0,1806.0,1615.0,,5.0,,4.0,15946.0,Nissan,Düz,Dizel,SUV,Önden Çekiş,Galeriden,975000.0,967951,975000,7048,0.7,MAKUL
2011,217000.0,1591.0,130.0,,11.5,,4394.0,1806.0,1615.0,,5.0,,4.0,15946.0,Nissan,Düz,Dizel,SUV,Önden Çekiş,Galeriden,685000.0,740662,685000,-55662,-7.5,MAKUL
2010,195000.0,1591.0,130.0,,11.5,,4394.0,1806.0,1615.0,,5.0,,4.0,15946.0,Nissan,Düz,Dizel,SUV,Önden Çekiş,Galeriden,525000.0,834247,525000,-309247,-37.1,FIRSAT
2011,164000.0,1598.0,117.0,,11.5,,4135.0,1765.0,1570.0,,5.0,,4.0,16754.0,Nissan,Otomatik,LPG & Benzin,SUV,Önden Çekiş,Galeriden,895750.0,887100,895750,8649,1.0,MAKUL
2011,47000.0,1598.0,117.0,,11.0,,4135.0,1765.0,1570.0,,5.0,,4.0,17260.0,Nissan,Düz,Benzin,SUV,Önden Çekiş,Galeriden,929950.0,934620,929950,-4670,-0.5,MAKUL
2017,118000.0,1591.0,130.0,,11.5,,4394.0,1806.0,1615.0,,5.0,,4.0,15946.0,Nissan,Otomatik,Benzin,Crossover,Önden Çekiş,Galeriden,1149900.0,1146918,1149900,2981,0.3,MAKUL
2024,39100.0,999.0,115.0,,11.8,,4210.0,1800.0,1595.0,,5.0,,3.0,16173.0,Nissan,Yarı Otomatik,Benzin,SUV,Önden Çekiş,Galeriden,1498000.0,1513373,1498000,-15373,-1.0,MAKUL
2024,34000.0,999.0,115.0,,11.8,,4210.0,1800.0,1595.0,,5.0,,3.0,16173.0,Nissan,Yarı Otomatik,Benzin,SUV,Önden Çekiş,Galeriden,1515000.0,1510735,1515000,4264,0.3,MAKUL
2024,43000.0,999.0,115.0,,11.8,,4210.0,1800.0,1595.0,,5.0,,3.0,16173.0,Nissan,Yarı Otomatik,Benzin,SUV,Önden Çekiş,Galeriden,1599750.0,1584765,1599750,14984,0.9,MAKUL
2012,239000.0,1591.0,130.0,,11.5,,4394.0,1806.0,1615.0,,5.0,,4.0,15946.0,Nissan,Düz,Dizel,Crossover,Önden Çekiş,Galeriden,675000.0,700916,675000,-25916,-3.7,MAKUL
2018,103000.0,1461.0,110.0,,11.2,,4135.0,1765.0,1565.0,,5.0,,4.0,14518.0,Nissan,Düz,Dizel,SUV,Önden Çekiş,Galeriden,1049900.0,1044018,1049900,5881,0.6,MAKUL
2010,336000.0,2488.0,144.0,,12.7,,5220.0,1850.0,1766.0,,5.0,,4.0,15946.0,Nissan,Düz,Dizel,Hard top,Arkadan İtiş,Sahibinden,585000.0,590102,585000,-5102,-0.9,MAKUL
2011,265000.0,1461.0,110.0,,11.3,,4135.0,1765.0,1570.0,,5.0,,4.0,16754.0,Nissan,Düz,Dizel,SUV,Önden Çekiş,Sahibinden,595000.0,610614,595000,-15614,-2.6,MAKUL
2021,85000.0,999.0,115.0,,11.8,,4210.0,1800.0,1595.0,,5.0,,3.0,11957.0,Nissan,Yarı Otomatik,Benzin,SUV,Önden Çekiş,Galeriden,1299000.0,1315614,1299000,-16614,-1.3,MAKUL
2017,275000.0,2298.0,190.0,,10.8,,5330.0,1850.0,1840.0,,5.0,,4.0,15946.0,Nissan,Otomatik,Dizel,Hard top,4WD (Sürekli),Galeriden,1085000.0,1106581,1085000,-21581,-2.0,MAKUL
2011,278000.0,1461.0,110.0,,11.3,,4135.0,1765.0,1570.0,,5.0,,4.0,16754.0,Nissan,Düz,Dizel,SUV,Önden Çekiş,Galeriden,665000.0,653177,665000,11822,1.8,MAKUL
2017,73000.0,1591.0,130.0,,11.5,,4394.0,1806.0,1615.0,,5.0,,4.0,15946.0,Nissan,Otomatik,Dizel,SUV,Önden Çekiş,Galeriden,1635000.0,1656565,1635000,-21565,-1.3,MAKUL
2024,13000.0,1591.0,130.0,,11.5,,4394.0,1806.0,1615.0,,5.0,,4.0,15946.0,Nissan,Otomatik,Hibrit,SUV,AWD (Elektronik),Galeriden,2579000.0,2581519,2579000,-2519,-0.1,MAKUL
2023,51000.0,1591.0,130.0,,11.5,,4394.0,1806.0,1615.0,,5.0,,4.0,15946.0,Nissan,Otomatik,Hibrit,SUV,Önden Çekiş,Galeriden,1969000.0,2009493,1969000,-40493,-2.0,MAKUL
2017,129000.0,1598.0,130.0,,11.1,,4394.0,1806.0,1590.0,,5.0,,4.0,17538.0,Nissan,Otomatik,Dizel,SUV,Önden Çekiş,Galeriden,1575000.0,1525668,1575000,49331,3.2,MAKUL
2017,90000.0,1591.0,130.0,,11.5,,4394.0,1806.0,1615.0,,5.0,,4.0,15946.0,Nissan,Otomatik,Dizel,SUV,Önden Çekiş,Galeriden,1730000.0,1668154,1730000,61845,3.7,MAKUL
2015,155000.0,1598.0,130.0,,11.4,,4643.0,1820.0,1695.0,,7.0,,4.0,16177.0,Nissan,Otomatik,Dizel,SUV,Önden Çekiş,Galeriden,1353000.0,1406977,1353000,-53977,-3.8,MAKUL
2018,144000.0,1591.0,130.0,,11.5,,4394.0,1806.0,1615.0,,5.0,,4.0,15946.0,Nissan,Düz,Dizel,SUV,Önden Çekiş,Galeriden,1585000.0,1528264,1585000,56735,3.7,MAKUL
2016,40000.0,1591.0,130.0,,11.5,,4394.0,1806.0,1615.0,,5.0,,4.0,15946.0,Nissan,Otomatik,Benzin,SUV,Önden Çekiş,Galeriden,1389500.0,1401206,1389500,-11706,-0.8,MAKUL
2014,168000.0,1197.0,115.0,,12.9,,4379.0,1800.0,1590.0,,5.0,,4.0,17977.0,Nissan,Otomatik,Benzin,SUV,Önden Çekiş,Galeriden,1169000.0,1208125,1169000,-39125,-3.2,MAKUL
2019,185000.0,1461.0,115.0,,13.0,,4394.0,1806.0,1590.0,,5.0,,4.0,15261.0,Nissan,Yarı Otomatik,Dizel,SUV,Önden Çekiş,Galeriden,1465000.0,1471451,1465000,-6451,-0.4,MAKUL
2013,187000.0,1591.0,130.0,,11.5,,4394.0,1806.0,1615.0,,5.0,,4.0,15946.0,Nissan,Düz,Dizel,SUV,Arkadan İtiş,Galeriden,800000.0,855904,800000,-55904,-6.5,MAKUL
2013,310000.0,1461.0,110.0,,12.2,,4330.0,1783.0,1615.0,,5.0,,4.0,15761.0,Nissan,Düz,Dizel,SUV,Önden Çekiş,Sahibinden,700000.0,754949,700000,-54949,-7.3,MAKUL
2017,230000.0,1461.0,110.0,,11.9,,4394.0,1806.0,1590.0,,5.0,,4.0,17538.0,Nissan,Düz,Dizel,SUV,Önden Çekiş,Galeriden,1269000.0,1251585,1269000,17414,1.4,MAKUL
2023,40000.0,1332.0,158.0,,9.2,,4425.0,1848.0,1625.0,,5.0,,4.0,15528.0,Nissan,Yarı Otomatik,Hibrit,SUV,Önden Çekiş,Sahibinden,1945000.0,1963673,1945000,-18673,-1.0,MAKUL
2012,146000.0,1591.0,130.0,,11.5,,4394.0,1806.0,1615.0,,5.0,,4.0,15946.0,Nissan,Otomatik,Benzin,Crossover,Önden Çekiş,Galeriden,895000.0,911719,895000,-16719,-1.8,MAKUL
2011,163500.0,1461.0,106.0,,12.2,,4315.0,1780.0,1615.0,,5.0,,4.0,14969.0,Nissan,Düz,Dizel,SUV,Önden Çekiş,Sahibinden,950000.0,855802,950000,94197,11.0,PAHALI
2012,271000.0,1461.0,106.0,,12.2,,4315.0,1780.0,1615.0,,5.0,,4.0,13348.0,Nissan,Düz,Dizel,SUV,Önden Çekiş,Sahibinden,830000.0,816392,830000,13607,1.7,MAKUL
2025,6001.0,1591.0,130.0,,11.5,,4394.0,1806.0,1615.0,,5.0,,4.0,15946.0,Nissan,Otomatik,Benzin,SUV,Önden Çekiş,Sahibinden,1860000.0,2055859,1860000,-195859,-9.5,MAKUL
2017,295000.0,1461.0,110.0,,11.9,,4394.0,1806.0,1590.0,,5.0,,4.0,17538.0,Nissan,Düz,Dizel,SUV,Önden Çekiş,Sahibinden,1040000.0,1112993,1040000,-72993,-6.6,MAKUL
2011,143000.0,1591.0,130.0,,11.5,,4394.0,1806.0,1615.0,,5.0,,4.0,15946.0,Nissan,Düz,Benzin,SUV,Önden Çekiş,Galeriden,949750.0,956349,949750,-6599,-0.7,MAKUL
2020,109000.0,1591.0,130.0,,11.5,,4394.0,1806.0,1615.0,,5.0,,4.0,15946.0,Nissan,Otomatik,Benzin,SUV,Önden Çekiş,Galeriden,1839000.0,1820067,1839000,18932,1.0,MAKUL
2012,163000.0,1598.0,117.0,,11.5,,4135.0,1765.0,1570.0,,5.0,,4.0,16754.0,Nissan,Otomatik,Benzin,SUV,Önden Çekiş,Galeriden,875000.0,869479,875000,5520,0.6,MAKUL
2019,214000.0,1461.0,115.0,,13.0,,4394.0,1806.0,1590.0,,5.0,,4.0,16546.0,Nissan,Yarı Otomatik,Dizel,SUV,Önden Çekiş,Galeriden,1449000.0,1440947,1449000,8052,0.6,MAKUL
2005,388000.0,1591.0,130.0,,11.5,,4394.0,1806.0,1615.0,,5.0,,4.0,15946.0,Nissan,Düz,Dizel,SUV,Arkadan İtiş,Galeriden,385000.0,397794,385000,-12794,-3.2,MAKUL
2012,239000.0,1591.0,130.0,,11.5,,4394.0,1806.0,1615.0,,5.0,,4.0,15946.0,Nissan,Düz,Dizel,Crossover,Önden Çekiş,Galeriden,675000.0,700916,675000,-25916,-3.7,MAKUL
2017,45000.0,1591.0,130.0,,11.5,,4394.0,1806.0,1615.0,,5.0,,4.0,15946.0,Nissan,Otomatik,Dizel,SUV,Önden Çekiş,Galeriden,1825000.0,1801057,1825000,23942,1.3,MAKUL
2012,232471.0,1461.0,110.0,,12.2,,4330.0,1783.0,1615.0,,5.0,,4.0,13348.0,Nissan,Düz,Dizel,SUV,Önden Çekiş,Galeriden,850000.0,866693,850000,-16693,-1.9,MAKUL
2001,246000.0,2488.0,133.0,,13.0,,5090.0,1825.0,1830.0,,5.0,,4.0,15946.0,Nissan,Düz,Dizel,Hard top,Arkadan İtiş,Galeriden,290000.0,322415,290000,-32415,-10.1,FIRSAT
2020,88500.0,999.0,115.0,,11.8,,4210.0,1800.0,1595.0,,5.0,,3.0,11957.0,Nissan,Yarı Otomatik,Benzin,SUV,Önden Çekiş,Galeriden,1255000.0,1278565,1255000,-23565,-1.8,MAKUL
2025,24000.0,1591.0,130.0,,11.5,,4394.0,1806.0,1615.0,,5.0,,4.0,15946.0,Nissan,Otomatik,Benzin,SUV,Önden Çekiş,Galeriden,2265000.0,2231958,2265000,33041,1.5,MAKUL
2019,106500.0,1461.0,115.0,,13.0,,4394.0,1806.0,1590.0,,5.0,,4.0,16546.0,Nissan,Yarı Otomatik,Dizel,SUV,Önden Çekiş,Galeriden,1495000.0,1509090,1495000,-14090,-0.9,MAKUL
2016,155000.0,1598.0,130.0,,10.7,,4379.0,1800.0,1590.0,,5.0,,4.0,17977.0,Nissan,Otomatik,Dizel,SUV,Önden Çekiş,Galeriden,1355000.0,1395510,1355000,-40510,-2.9,MAKUL
2022,44906.0,1497.0,213.0,,7.0,,4680.0,1840.0,1725.0,,5.0,,3.0,15946.0,Nissan,Otomatik,Benzin,SUV,4WD (Sürekli),Galeriden,2705000.0,2702848,2705000,2151,0.1,MAKUL
2015,372000.0,1598.0,130.0,,11.4,,4643.0,1820.0,1695.0,,7.0,,4.0,19938.0,Nissan,Otomatik,Dizel,SUV,Önden Çekiş,Galeriden,975000.0,996238,975000,-21238,-2.1,MAKUL
2015,219750.0,1598.0,130.0,,11.4,,4643.0,1820.0,1695.0,,7.0,,4.0,16177.0,Nissan,Otomatik,Dizel,SUV,Önden Çekiş,Galeriden,1265000.0,1239482,1265000,25517,2.1,MAKUL
2015,140000.0,1591.0,130.0,,11.5,,4394.0,1806.0,1615.0,,5.0,,4.0,15946.0,Nissan,Otomatik,Benzin,SUV,Önden Çekiş,Galeriden,1099000.0,1171902,1099000,-72902,-6.2,MAKUL
2012,210000.0,2488.0,163.0,,11.6,,5396.0,1848.0,1790.0,,5.0,,4.0,15946.0,Nissan,Otomatik,Dizel,Hard top,Arkadan İtiş,Galeriden,840000.0,873263,840000,-33263,-3.8,MAKUL
2011,112000.0,1591.0,130.0,,11.5,,4394.0,1806.0,1615.0,,5.0,,4.0,15946.0,Nissan,Düz,Benzin,SUV,Önden Çekiş,Galeriden,925000.0,958764,925000,-33764,-3.5,MAKUL
2009,137000.0,1598.0,115.0,,12.0,,4315.0,1780.0,1615.0,,5.0,,4.0,13348.0,Nissan,Düz,LPG & Benzin,SUV,Önden Çekiş,Galeriden,850000.0,856359,850000,-6359,-0.7,MAKUL
2012,108100.0,1591.0,130.0,,11.5,,4394.0,1806.0,1615.0,,5.0,,4.0,15946.0,Nissan,Otomatik,Benzin,SUV,Önden Çekiş,Galeriden,925000.0,954293,925000,-29293,-3.1,MAKUL
2024,20000.0,1591.0,130.0,,11.5,,4394.0,1806.0,1615.0,,5.0,,4.0,15946.0,Nissan,Otomatik,Hibrit,SUV,Önden Çekiş,Galeriden,2725000.0,2680068,2725000,44931,1.7,MAKUL
2017,14000.0,1591.0,130.0,,11.5,,4394.0,1806.0,1615.0,,5.0,,4.0,15946.0,Nissan,Otomatik,Benzin,Crossover,Önden Çekiş,Galeriden,1225000.0,1254340,1225000,-29340,-2.3,MAKUL
2018,98000.0,1591.0,130.0,,11.5,,4394.0,1806.0,1615.0,,5.0,,4.0,15946.0,Nissan,Otomatik,Dizel,SUV,Önden Çekiş,Galeriden,1685000.0,1661307,1685000,23692,1.4,MAKUL
2015,308000.0,1598.0,130.0,,10.7,,4379.0,1800.0,1590.0,,5.0,,4.0,17538.0,Nissan,Otomatik,Dizel,SUV,Önden Çekiş,Galeriden,978000.0,1008403,978000,-30403,-3.0,MAKUL
2017,109000.0,1591.0,130.0,,11.5,,4394.0,1806.0,1615.0,,5.0,,4.0,15946.0,Nissan,Otomatik,Dizel,SUV,Önden Çekiş,Galeriden,1670000.0,1546671,1670000,123328,8.0,MAKUL
2015,131000.0,1591.0,130.0,,11.5,,4394.0,1806.0,1615.0,,5.0,,4.0,15946.0,Nissan,Düz,Dizel,SUV,Önden Çekiş,Galeriden,1385000.0,1100145,1385000,284854,25.9,PAHALI
2018,193000.0,1591.0,130.0,,11.5,,4394.0,1806.0,1615.0,,5.0,,4.0,15946.0,Nissan,Otomatik,Dizel,SUV,Önden Çekiş,Galeriden,1185000.0,1343952,1185000,-158952,-11.8,FIRSAT
2014,208000.0,1598.0,130.0,,10.7,,4379.0,1800.0,1590.0,,5.0,,4.0,18918.0,Nissan,Otomatik,Dizel,SUV,Önden Çekiş,Galeriden,1165000.0,1177479,1165000,-12479,-1.1,MAKUL
2012,140000.0,1598.0,117.0,,11.5,,4135.0,1765.0,1570.0,,5.0,,4.0,16754.0,Nissan,Otomatik,Benzin,SUV,Önden Çekiş,Galeriden,920000.0,881585,920000,38414,4.4,MAKUL
2016,197000.0,1591.0,130.0,,11.5,,4394.0,1806.0,1615.0,,5.0,,4.0,15946.0,Nissan,Otomatik,Dizel,SUV,Önden Çekiş,Galeriden,1279000.0,1267819,1279000,11180,0.9,MAKUL
2016,95000.0,1598.0,117.0,,11.5,,4135.0,1765.0,1565.0,,5.0,,4.0,16754.0,Nissan,Otomatik,Benzin,SUV,Önden Çekiş,Sahibinden,1100000.0,1104583,1100000,-4583,-0.4,MAKUL
2012,158000.0,1598.0,115.0,,11.8,,4330.0,1783.0,1615.0,,5.0,,4.0,13348.0,Nissan,Düz,LPG & Benzin,SUV,Önden Çekiş,Sahibinden,1050000.0,1038703,1050000,11296,1.1,MAKUL
2016,75000.0,1197.0,115.0,,12.9,,4379.0,1800.0,1590.0,,5.0,,4.0,17977.0,Nissan,Otomatik,Benzin,SUV,Önden Çekiş,Sahibinden,1299000.0,1321874,1299000,-22874,-1.7,MAKUL
2016,201000.0,1598.0,130.0,,10.7,,4379.0,1800.0,1590.0,,5.0,,4.0,17538.0,Nissan,Otomatik,Dizel,SUV,Önden Çekiş,Sahibinden,1350000.0,1322725,1350000,27274,2.1,MAKUL
2016,290000.0,1591.0,130.0,,11.5,,4394.0,1806.0,1615.0,,5.0,,4.0,15946.0,Nissan,Otomatik,Dizel,Pick-Up,4WD (Sürekli),Sahibinden,1200000.0,1197063,1200000,2936,0.2,MAKUL
2023,14350.0,1591.0,130.0,,11.5,,4394.0,1806.0,1615.0,,5.0,,4.0,15946.0,Nissan,Otomatik,Benzin,SUV,4WD (Sürekli),Sahibinden,2375000.0,2382751,2375000,-7751,-0.3,MAKUL
2016,150000.0,1461.0,110.0,,12.4,,4379.0,1800.0,1590.0,,5.0,,4.0,17538.0,Nissan,Düz,Dizel,SUV,Önden Çekiş,Sahibinden,1275000.0,1294332,1275000,-19332,-1.5,MAKUL
2010,231000.0,1461.0,110.0,,12.2,,4330.0,1783.0,1615.0,,5.0,,4.0,13348.0,Nissan,Düz,Dizel,SUV,Önden Çekiş,Sahibinden,687000.0,710932,687000,-23932,-3.4,MAKUL
2018,70000.0,1591.0,130.0,,11.5,,4394.0,1806.0,1615.0,,5.0,,4.0,15946.0,Nissan,Otomatik,Benzin,SUV,Önden Çekiş,Galeriden,1385000.0,1394685,1385000,-9685,-0.7,MAKUL
2006,452000.0,2488.0,133.0,,11.7,,5090.0,1690.0,1630.0,,5.0,,4.0,15946.0,Nissan,Düz,Dizel,Hard top,Arkadan İtiş,Sahibinden,380000.0,390900,380000,-10900,-2.8,MAKUL
2013,283971.0,1461.0,110.0,,12.2,,4330.0,1783.0,1615.0,,5.0,,4.0,15761.0,Nissan,Düz,Dizel,SUV,Önden Çekiş,Galeriden,799000.0,825606,799000,-26606,-3.2,MAKUL
2020,69000.0,1332.0,160.0,,10.1,,4394.0,1806.0,1590.0,,5.0,,4.0,16546.0,Nissan,Yarı Otomatik,Benzin,SUV,Önden Çekiş,Sahibinden,1630000.0,1651834,1630000,-21834,-1.3,MAKUL
2024,6100.0,1332.0,158.0,,9.2,,4425.0,1848.0,1625.0,,5.0,,4.0,18751.0,Nissan,Otomatik,Hibrit,SUV,Önden Çekiş,Sahibinden,2625000.0,2597260,2625000,27739,1.1,MAKUL
2018,205000.0,1598.0,130.0,,11.4,,4690.0,1820.0,1710.0,,5.0,,4.0,15946.0,Nissan,Otomatik,Dizel,SUV,Önden Çekiş,Sahibinden,1750000.0,1728367,1750000,21632,1.3,MAKUL
2016,107000.0,1197.0,115.0,,12.9,,4379.0,1800.0,1590.0,,5.0,,4.0,18918.0,Nissan,Otomatik,Benzin,SUV,Önden Çekiş,Sahibinden,1350000.0,1321873,1350000,28126,2.1,MAKUL
2018,56000.0,1598.0,130.0,,11.1,,4394.0,1806.0,1590.0,,5.0,,4.0,17538.0,Nissan,Otomatik,Dizel,SUV,Önden Çekiş,Sahibinden,1800000.0,1760878,1800000,39121,2.2,MAKUL
2022,45000.0,1497.0,213.0,,7.0,,4680.0,1840.0,1725.0,,5.0,,3.0,15946.0,Nissan,Otomatik,Hibrit,SUV,4WD (Sürekli),Sahibinden,2850000.0,2848058,2850000,1941,0.1,MAKUL
2012,268000.0,2488.0,163.0,,12.0,,5396.0,1848.0,1790.0,,5.0,,4.0,15946.0,Nissan,Düz,Dizel,Hard top,Arkadan İtiş,Galeriden,779000.0,784190,779000,-5190,-0.7,MAKUL
2011,150000.0,1598.0,117.0,,11.5,,4135.0,1765.0,1570.0,,5.0,,4.0,16754.0,Nissan,Otomatik,LPG & Benzin,SUV,Önden Çekiş,Sahibinden,890000.0,888448,890000,1551,0.2,MAKUL
2016,295000.0,1598.0,130.0,,11.4,,4643.0,1820.0,1695.0,,7.0,,4.0,19938.0,Nissan,Otomatik,Dizel,SUV,Önden Çekiş,Sahibinden,1099000.0,1097261,1099000,1738,0.2,MAKUL
2011,144900.0,1598.0,117.0,,11.0,,4135.0,1765.0,1570.0,,5.0,,4.0,17260.0,Nissan,Düz,LPG & Benzin,SUV,Önden Çekiş,Sahibinden,880000.0,879392,880000,607,0.1,MAKUL
1998,354000.0,2494.0,104.0,,17.4,,4885.0,1820.0,1720.0,,5.0,,4.0,15946.0,Nissan,Düz,Dizel,Panelvan,4WD (Sürekli),Sahibinden,335750.0,356782,335750,-21032,-5.9,MAKUL
2016,165000.0,1598.0,130.0,,10.7,,4379.0,1800.0,1590.0,,5.0,,4.0,17977.0,Nissan,Otomatik,Dizel,SUV,Önden Çekiş,Sahibinden,1385000.0,1397758,1385000,-12758,-0.9,MAKUL
2014,244000.0,1598.0,130.0,,10.7,,4379.0,1800.0,1590.0,,5.0,,4.0,17977.0,Nissan,Otomatik,Dizel,SUV,Önden Çekiş,Sahibinden,1170000.0,1163615,1170000,6384,0.5,MAKUL
2012,286000.0,1461.0,110.0,,12.2,,4330.0,1783.0,1615.0,,5.0,,4.0,15761.0,Nissan,Düz,Dizel,SUV,Önden Çekiş,Sahibinden,865000.0,843516,865000,21483,2.5,MAKUL
2018,73000.0,1197.0,115.0,,12.9,,4394.0,1806.0,1590.0,,5.0,,4.0,17538.0,Nissan,Otomatik,Benzin,SUV,Önden Çekiş,Sahibinden,1410000.0,1417818,1410000,-7818,-0.6,MAKUL
2025,21725.0,1332.0,158.0,,9.2,,4425.0,1848.0,1625.0,,5.0,,4.0,18751.0,Nissan,Otomatik,Hibrit,SUV,Önden Çekiş,Yetkili Bayiden,2699000.0,2683229,2699000,15770,0.6,MAKUL
2025,22000.0,1332.0,158.0,,9.2,,4425.0,1848.0,1625.0,,5.0,,4.0,18751.0,Nissan,Otomatik,Hibrit,SUV,Önden Çekiş,Yetkili Bayiden,2699000.0,2682676,2699000,16323,0.6,MAKUL
2017,179000.0,1591.0,130.0,,11.5,,4394.0,1806.0,1615.0,,5.0,,4.0,15946.0,Nissan,Düz,Dizel,SUV,Arkadan İtiş,Galeriden,1065000.0,1065615,1065000,-615,-0.1,MAKUL
2018,54000.0,1598.0,130.0,,11.1,,4394.0,1806.0,1590.0,,5.0,,4.0,14536.0,Nissan,Otomatik,Dizel,SUV,Önden Çekiş,Galeriden,1795000.0,1757208,1795000,37791,2.2,MAKUL
2015,97000.0,1197.0,115.0,,12.9,,4379.0,1800.0,1590.0,,5.0,,4.0,18918.0,Nissan,Otomatik,Benzin,SUV,Önden Çekiş,Galeriden,1150000.0,1216086,1150000,-66086,-5.4,MAKUL
2013,120000.0,1598.0,117.0,,13.0,,4330.0,1780.0,1615.0,,5.0,,4.0,15761.0,Nissan,Otomatik,Benzin,SUV,Önden Çekiş,Galeriden,1014000.0,1022767,1014000,-8767,-0.9,MAKUL
2011,234000.0,1591.0,130.0,,11.5,,4394.0,1806.0,1615.0,,5.0,,4.0,15946.0,Nissan,Düz,Dizel,SUV,Önden Çekiş,Galeriden,799000.0,729643,799000,69356,9.5,MAKUL
2011,160000.0,1598.0,115.0,,12.0,,4315.0,1780.0,1615.0,,5.0,,4.0,15761.0,Nissan,Düz,LPG & Benzin,SUV,Önden Çekiş,Galeriden,895000.0,914024,895000,-19024,-2.1,MAKUL
2011,220000.0,1591.0,130.0,,11.5,,4394.0,1806.0,1615.0,,5.0,,4.0,15946.0,Nissan,Düz,Benzin,SUV,Önden Çekiş,Galeriden,759000.0,759077,759000,-77,-0.0,MAKUL
2024,14331.0,999.0,115.0,,11.8,,4210.0,1800.0,1595.0,,5.0,,3.0,16173.0,Nissan,Yarı Otomatik,Benzin,SUV,Önden Çekiş,Galeriden,1385000.0,1408532,1385000,-23532,-1.7,MAKUL
2012,172000.0,1461.0,110.0,,12.2,,4330.0,1783.0,1615.0,,5.0,,4.0,15761.0,Nissan,Düz,Dizel,SUV,Önden Çekiş,Galeriden,1049900.0,977532,1049900,72367,7.4,MAKUL
2023,67000.0,1497.0,190.0,,7.9,,4425.0,1835.0,1625.0,,5.0,,3.0,18356.0,Nissan,Otomatik,Hibrit,SUV,Önden Çekiş,Galeriden,2319000.0,2301799,2319000,17200,0.7,MAKUL
2016,252000.0,1461.0,110.0,,11.2,,4135.0,1765.0,1565.0,,5.0,,4.0,14518.0,Nissan,Düz,Dizel,SUV,Önden Çekiş,Galeriden,875000.0,875585,875000,-585,-0.1,MAKUL
2016,207000.0,2298.0,190.0,,10.8,,5330.0,1850.0,1840.0,,5.0,,4.0,15946.0,Nissan,Otomatik,Dizel,Hard top,4WD (Sürekli),Galeriden,1190000.0,1227246,1190000,-37246,-3.0,MAKUL
2014,208000.0,1598.0,130.0,,10.7,,4379.0,1800.0,1590.0,,5.0,,4.0,18918.0,Nissan,Otomatik,Dizel,SUV,Önden Çekiş,Galeriden,1165000.0,1177479,1165000,-12479,-1.1,MAKUL
2012,140000.0,1598.0,117.0,,11.5,,4135.0,1765.0,1570.0,,5.0,,4.0,16754.0,Nissan,Otomatik,Benzin,SUV,Önden Çekiş,Galeriden,920000.0,881585,920000,38414,4.4,MAKUL
2016,95000.0,1598.0,117.0,,11.5,,4135.0,1765.0,1565.0,,5.0,,4.0,16754.0,Nissan,Otomatik,Benzin,SUV,Önden Çekiş,Sahibinden,1100000.0,1104583,1100000,-4583,-0.4,MAKUL
2012,158000.0,1598.0,115.0,,11.8,,4330.0,1783.0,1615.0,,5.0,,4.0,13348.0,Nissan,Düz,LPG & Benzin,SUV,Önden Çekiş,Sahibinden,1030000.0,1038703,1030000,-8703,-0.8,MAKUL
2016,75000.0,1197.0,115.0,,12.9,,4379.0,1800.0,1590.0,,5.0,,4.0,17977.0,Nissan,Otomatik,Benzin,SUV,Önden Çekiş,Sahibinden,1299000.0,1321874,1299000,-22874,-1.7,MAKUL
2016,201000.0,1598.0,130.0,,10.7,,4379.0,1800.0,1590.0,,5.0,,4.0,17538.0,Nissan,Otomatik,Dizel,SUV,Önden Çekiş,Sahibinden,1350000.0,1322725,1350000,27274,2.1,MAKUL
2016,290000.0,1591.0,130.0,,11.5,,4394.0,1806.0,1615.0,,5.0,,4.0,15946.0,Nissan,Otomatik,Dizel,Pick-Up,4WD (Sürekli),Sahibinden,1200000.0,1197063,1200000,2936,0.2,MAKUL
2023,14350.0,1591.0,130.0,,11.5,,4394.0,1806.0,1615.0,,5.0,,4.0,15946.0,Nissan,Otomatik,Benzin,SUV,4WD (Sürekli),Sahibinden,2375000.0,2382751,2375000,-7751,-0.3,MAKUL
2016,150000.0,1461.0,110.0,,12.4,,4379.0,1800.0,1590.0,,5.0,,4.0,17538.0,Nissan,Düz,Dizel,SUV,Önden Çekiş,Sahibinden,1275000.0,1294332,1275000,-19332,-1.5,MAKUL
2010,231000.0,1461.0,110.0,,12.2,,4330.0,1783.0,1615.0,,5.0,,4.0,13348.0,Nissan,Düz,Dizel,SUV,Önden Çekiş,Sahibinden,687000.0,710932,687000,-23932,-3.4,MAKUL
2018,70000.0,1591.0,130.0,,11.5,,4394.0,1806.0,1615.0,,5.0,,4.0,15946.0,Nissan,Otomatik,Benzin,SUV,Önden Çekiş,Galeriden,1385000.0,1394685,1385000,-9685,-0.7,MAKUL
2006,452000.0,2488.0,133.0,,11.7,,5090.0,1690.0,1630.0,,5.0,,4.0,15946.0,Nissan,Düz,Dizel,Hard top,Arkadan İtiş,Sahibinden,380000.0,390900,380000,-10900,-2.8,MAKUL
2013,283971.0,1461.0,110.0,,12.2,,4330.0,1783.0,1615.0,,5.0,,4.0,15761.0,Nissan,Düz,Dizel,SUV,Önden Çekiş,Galeriden,799000.0,825606,799000,-26606,-3.2,MAKUL
2020,69000.0,1332.0,160.0,,10.1,,4394.0,1806.0,1590.0,,5.0,,4.0,16546.0,Nissan,Yarı Otomatik,Benzin,SUV,Önden Çekiş,Sahibinden,1630000.0,1651834,1630000,-21834,-1.3,MAKUL
2024,6100.0,1332.0,158.0,,9.2,,4425.0,1848.0,1625.0,,5.0,,4.0,18751.0,Nissan,Otomatik,Hibrit,SUV,Önden Çekiş,Sahibinden,2625000.0,2597260,2625000,27739,1.1,MAKUL
2018,205000.0,1598.0,130.0,,11.4,,4690.0,1820.0,1710.0,,5.0,,4.0,15946.0,Nissan,Otomatik,Dizel,SUV,Önden Çekiş,Sahibinden,1750000.0,1728367,1750000,21632,1.3,MAKUL
2016,107000.0,1197.0,115.0,,12.9,,4379.0,1800.0,1590.0,,5.0,,4.0,18918.0,Nissan,Otomatik,Benzin,SUV,Önden Çekiş,Sahibinden,1330000.0,1321873,1330000,8126,0.6,MAKUL
2018,56000.0,1598.0,130.0,,11.1,,4394.0,1806.0,1590.0,,5.0,,4.0,17538.0,Nissan,Otomatik,Dizel,SUV,Önden Çekiş,Sahibinden,1800000.0,1760878,1800000,39121,2.2,MAKUL
2022,45000.0,1497.0,213.0,,7.0,,4680.0,1840.0,1725.0,,5.0,,3.0,15946.0,Nissan,Otomatik,Hibrit,SUV,4WD (Sürekli),Sahibinden,2850000.0,2848058,2850000,1941,0.1,MAKUL
2012,268000.0,2488.0,163.0,,12.0,,5396.0,1848.0,1790.0,,5.0,,4.0,15946.0,Nissan,Düz,Dizel,Hard top,Arkadan İtiş,Galeriden,779000.0,784190,779000,-5190,-0.7,MAKUL
2011,150000.0,1598.0,117.0,,11.5,,4135.0,1765.0,1570.0,,5.0,,4.0,16754.0,Nissan,Otomatik,LPG & Benzin,SUV,Önden Çekiş,Sahibinden,890000.0,888448,890000,1551,0.2,MAKUL
2016,295000.0,1598.0,130.0,,11.4,,4643.0,1820.0,1695.0,,7.0,,4.0,19938.0,Nissan,Otomatik,Dizel,SUV,Önden Çekiş,Sahibinden,1090000.0,1097261,1090000,-7261,-0.7,MAKUL
2011,144900.0,1598.0,117.0,,11.0,,4135.0,1765.0,1570.0,,5.0,,4.0,17260.0,Nissan,Düz,LPG & Benzin,SUV,Önden Çekiş,Sahibinden,880000.0,879392,880000,607,0.1,MAKUL
1998,354000.0,2494.0,104.0,,17.4,,4885.0,1820.0,1720.0,,5.0,,4.0,15946.0,Nissan,Düz,Dizel,Panelvan,4WD (Sürekli),Sahibinden,335750.0,356782,335750,-21032,-5.9,MAKUL
2016,165000.0,1598.0,130.0,,10.7,,4379.0,1800.0,1590.0,,5.0,,4.0,17977.0,Nissan,Otomatik,Dizel,SUV,Önden Çekiş,Sahibinden,1385000.0,1397758,1385000,-12758,-0.9,MAKUL
2014,244000.0,1598.0,130.0,,10.7,,4379.0,1800.0,1590.0,,5.0,,4.0,17977.0,Nissan,Otomatik,Dizel,SUV,Önden Çekiş,Sahibinden,1170000.0,1163615,1170000,6384,0.5,MAKUL
2012,286000.0,1461.0,110.0,,12.2,,4330.0,1783.0,1615.0,,5.0,,4.0,15761.0,Nissan,Düz,Dizel,SUV,Önden Çekiş,Sahibinden,865000.0,843516,865000,21483,2.5,MAKUL
2018,73000.0,1197.0,115.0,,12.9,,4394.0,1806.0,1590.0,,5.0,,4.0,17538.0,Nissan,Otomatik,Benzin,SUV,Önden Çekiş,Sahibinden,1410000.0,1417818,1410000,-7818,-0.6,MAKUL
2025,21725.0,1332.0,158.0,,9.2,,4425.0,1848.0,1625.0,,5.0,,4.0,18751.0,Nissan,Otomatik,Hibrit,SUV,Önden Çekiş,Yetkili Bayiden,2699000.0,2683229,2699000,15770,0.6,MAKUL
2025,22000.0,1332.0,158.0,,9.2,,4425.0,1848.0,1625.0,,5.0,,4.0,18751.0,Nissan,Otomatik,Hibrit,SUV,Önden Çekiş,Yetkili Bayiden,2699000.0,2682676,2699000,16323,0.6,MAKUL
2017,179000.0,1591.0,130.0,,11.5,,4394.0,1806.0,1615.0,,5.0,,4.0,15946.0,Nissan,Düz,Dizel,SUV,Arkadan İtiş,Galeriden,1065000.0,1065615,1065000,-615,-0.1,MAKUL
2018,54000.0,1598.0,130.0,,11.1,,4394.0,1806.0,1590.0,,5.0,,4.0,14536.0,Nissan,Otomatik,Dizel,SUV,Önden Çekiş,Galeriden,1795000.0,1757208,1795000,37791,2.2,MAKUL
1996,440000.0,1591.0,130.0,,11.5,,4394.0,1806.0,1615.0,,5.0,,4.0,15946.0,Nissan,Düz,Dizel,Pick-Up,Arkadan İtiş,Sahibinden,150000.0,203075,150000,-53075,-26.1,FIRSAT
2015,142000.0,1598.0,130.0,,10.7,,4379.0,1800.0,1590.0,,5.0,,4.0,17977.0,Nissan,Otomatik,Dizel,SUV,Önden Çekiş,Sahibinden,1420000.0,1380496,1420000,39503,2.9,MAKUL
2010,205000.0,1598.0,115.0,,12.0,,4315.0,1780.0,1615.0,,5.0,,4.0,13348.0,Nissan,Düz,LPG & Benzin,SUV,Önden Çekiş,Sahibinden,810000.0,813831,810000,-3831,-0.5,MAKUL
2016,80150.0,1598.0,130.0,,10.7,,4379.0,1800.0,1590.0,,5.0,,4.0,17977.0,Nissan,Otomatik,Dizel,SUV,Önden Çekiş,Sahibinden,1585000.0,1548033,1585000,36966,2.4,MAKUL
2017,83500.0,1197.0,115.0,,12.9,,4394.0,1806.0,1590.0,,5.0,,4.0,17538.0,Nissan,Otomatik,Benzin,SUV,Önden Çekiş,Sahibinden,1330000.0,1354536,1330000,-24536,-1.8,MAKUL
2020,148000.0,1461.0,115.0,,13.0,,4394.0,1806.0,1590.0,,5.0,,4.0,16546.0,Nissan,Yarı Otomatik,Dizel,SUV,Önden Çekiş,Sahibinden,1600000.0,1617869,1600000,-17869,-1.1,MAKUL
2018,225000.0,1598.0,130.0,,11.1,,4394.0,1806.0,1590.0,,5.0,,4.0,14536.0,Nissan,Otomatik,Dizel,SUV,Önden Çekiş,Galeriden,1275000.0,1285861,1275000,-10861,-0.8,MAKUL
2017,152000.0,1598.0,130.0,,11.4,,4690.0,1820.0,1710.0,,5.0,,4.0,15946.0,Nissan,Otomatik,Dizel,SUV,Önden Çekiş,Sahibinden,1690000.0,1650494,1690000,39505,2.4,MAKUL
2014,168000.0,1598.0,130.0,,10.5,,4379.0,1800.0,1590.0,,5.0,,4.0,18918.0,Nissan,Düz,Dizel,SUV,Önden Çekiş,Sahibinden,1300000.0,1288392,1300000,11607,0.9,MAKUL
2021,36000.0,999.0,115.0,,11.8,,4210.0,1800.0,1595.0,,5.0,,3.0,16173.0,Nissan,Yarı Otomatik,Benzin,SUV,Önden Çekiş,Sahibinden,1460000.0,1470707,1460000,-10707,-0.7,MAKUL
2015,320000.0,1598.0,130.0,,11.4,,4643.0,1820.0,1695.0,,7.0,,4.0,19938.0,Nissan,Otomatik,Dizel,SUV,Önden Çekiş,Sahibinden,1050000.0,1058417,1050000,-8417,-0.8,MAKUL
2018,156000.0,1598.0,130.0,,11.4,,4690.0,1820.0,1710.0,,5.0,,4.0,20908.0,Nissan,Otomatik,Dizel,SUV,Önden Çekiş,Sahibinden,1360000.0,1403073,1360000,-43073,-3.1,MAKUL
2017,155000.0,1461.0,110.0,,11.2,,4135.0,1765.0,1565.0,,5.0,,4.0,16754.0,Nissan,Düz,Dizel,SUV,Önden Çekiş,Sahibinden,899000.0,876353,899000,22647,2.6,MAKUL
2023,36600.0,1591.0,130.0,,11.5,,4394.0,1806.0,1615.0,,5.0,,4.0,15946.0,Nissan,Otomatik,Benzin,SUV,Önden Çekiş,Sahibinden,2200000.0,2166747,2200000,33252,1.5,MAKUL
2018,137000.0,1461.0,110.0,,11.2,,4135.0,1765.0,1565.0,,5.0,,4.0,14518.0,Nissan,Düz,Dizel,SUV,Önden Çekiş,Sahibinden,1075000.0,1076504,1075000,-1504,-0.1,MAKUL
1997,420000.0,2389.0,116.0,,13.2,,4185.0,1755.0,1830.0,,5.0,,4.0,15946.0,Nissan,Düz,LPG & Benzin,SUV,4WD (Sürekli),Sahibinden,395000.0,394000,395000,1000,0.3,MAKUL
2018,152000.0,1598.0,130.0,,11.1,,4394.0,1806.0,1590.0,,5.0,,4.0,17538.0,Nissan,Otomatik,Dizel,SUV,Önden Çekiş,Sahibinden,1430000.0,1458657,1430000,-28657,-2.0,MAKUL
2024,10500.0,1591.0,130.0,,11.5,,4394.0,1806.0,1615.0,,5.0,,4.0,15946.0,Nissan,Otomatik,Benzin,SUV,Önden Çekiş,Sahibinden,2375000.0,2307827,2375000,67172,2.9,MAKUL
2012,233000.0,1461.0,106.0,,12.2,,4315.0,1780.0,1615.0,,5.0,,4.0,13348.0,Nissan,Düz,Dizel,SUV,Önden Çekiş,Galeriden,895000.0,880406,895000,14593,1.7,MAKUL
2011,308000.0,1591.0,130.0,,11.5,,4394.0,1806.0,1615.0,,5.0,,4.0,15946.0,Nissan,Düz,Dizel,SUV,Önden Çekiş,Galeriden,685000.0,692389,685000,-7389,-1.1,MAKUL
2016,178000.0,1197.0,115.0,,12.9,,4379.0,1800.0,1590.0,,5.0,,4.0,18918.0,Nissan,Otomatik,Benzin,SUV,Önden Çekiş,Sahibinden,1050000.0,1108451,1050000,-58451,-5.3,MAKUL
2017,110000.0,1461.0,110.0,,12.4,,4379.0,1800.0,1590.0,,5.0,,4.0,15946.0,Nissan,Düz,Dizel,SUV,Önden Çekiş,Sahibinden,1100000.0,1140465,1100000,-40465,-3.5,MAKUL
2023,25000.0,1591.0,130.0,,11.5,,4394.0,1806.0,1615.0,,5.0,,4.0,15946.0,Nissan,Otomatik,Benzin,SUV,4WD (Sürekli),Sahibinden,2600000.0,2570516,2600000,29483,1.1,MAKUL
2024,19500.0,1591.0,130.0,,11.5,,4394.0,1806.0,1615.0,,5.0,,4.0,15946.0,Nissan,Otomatik,Benzin,SUV,Önden Çekiş,Sahibinden,2345000.0,2279421,2345000,65578,2.9,MAKUL
2023,12000.0,999.0,115.0,,11.8,,4210.0,1800.0,1595.0,,5.0,,3.0,16173.0,Nissan,Yarı Otomatik,Benzin,SUV,Önden Çekiş,Galeriden,1570000.0,1568973,1570000,1026,0.1,MAKUL
2022,28500.0,999.0,115.0,,11.8,,4210.0,1800.0,1595.0,,5.0,,3.0,16173.0,Nissan,Yarı Otomatik,Benzin,SUV,Önden Çekiş,Galeriden,1495000.0,1505826,1495000,-10826,-0.7,MAKUL
2018,86000.0,1591.0,130.0,,11.5,,4394.0,1806.0,1615.0,,5.0,,4.0,15946.0,Nissan,Otomatik,Dizel,SUV,Önden Çekiş,Galeriden,1485000.0,1644766,1485000,-159766,-9.7,MAKUL
2023,92000.0,1497.0,213.0,,7.2,,4680.0,1840.0,1725.0,,7.0,,3.0,15946.0,Nissan,Otomatik,Hibrit,SUV,4WD (Sürekli),Galeriden,2780000.0,2781450,2780000,-1450,-0.1,MAKUL
2018,90000.0,1591.0,130.0,,11.5,,4394.0,1806.0,1615.0,,5.0,,4.0,15946.0,Nissan,Otomatik,Dizel,SUV,Önden Çekiş,Galeriden,1785000.0,1641873,1785000,143126,8.7,MAKUL
2013,79450.0,1598.0,117.0,,11.0,,4135.0,1765.0,1570.0,,5.0,,4.0,17260.0,Nissan,Düz,Benzin,SUV,Önden Çekiş,Galeriden,789000.0,819037,789000,-30037,-3.7,MAKUL
2012,95000.0,1598.0,117.0,,11.5,,4135.0,1765.0,1570.0,,5.0,,4.0,16754.0,Nissan,Otomatik,Benzin,SUV,Önden Çekiş,Galeriden,975000.0,960261,975000,14738,1.5,MAKUL
1998,302000.0,1591.0,130.0,,11.5,,4394.0,1806.0,1615.0,,5.0,,4.0,15946.0,Nissan,Düz,Dizel,Pick-Up,Arkadan İtiş,Galeriden,495000.0,500777,495000,-5777,-1.2,MAKUL
2012,168000.0,1591.0,130.0,,11.5,,4394.0,1806.0,1615.0,,5.0,,4.0,15946.0,Nissan,Düz,Benzin,SUV,Önden Çekiş,Galeriden,923500.0,943836,923500,-20336,-2.2,MAKUL
2017,165000.0,1591.0,130.0,,11.5,,4394.0,1806.0,1615.0,,5.0,,4.0,15946.0,Nissan,Otomatik,Dizel,SUV,Önden Çekiş,Galeriden,1399000.0,1442912,1399000,-43912,-3.0,MAKUL
2006,330000.0,1591.0,130.0,,11.5,,4394.0,1806.0,1615.0,,5.0,,4.0,15946.0,Nissan,Otomatik,Dizel,SUV,AWD (Elektronik),Galeriden,790000.0,554100,790000,235899,42.6,PAHALI
2018,42000.0,1591.0,130.0,,11.5,,4394.0,1806.0,1615.0,,5.0,,4.0,15946.0,Nissan,Düz,Dizel,SUV,Önden Çekiş,Galeriden,1735000.0,1718814,1735000,16185,0.9,MAKUL
2015,150000.0,1598.0,130.0,,10.7,,4379.0,1800.0,1590.0,,5.0,,4.0,17977.0,Nissan,Otomatik,Dizel,SUV,Önden Çekiş,Sahibinden,1490000.0,1394658,1490000,95341,6.8,MAKUL
2015,206000.0,1598.0,130.0,,10.7,,4379.0,1800.0,1590.0,,5.0,,4.0,18918.0,Nissan,Otomatik,Dizel,SUV,Önden Çekiş,Galeriden,1045000.0,1111212,1045000,-66212,-6.0,MAKUL
2025,6001.0,1591.0,130.0,,11.5,,4394.0,1806.0,1615.0,,5.0,,4.0,15946.0,Nissan,Otomatik,Benzin,SUV,Önden Çekiş,Sahibinden,2425000.0,2055859,2425000,369140,18.0,PAHALI
2025,16000.0,1591.0,130.0,,11.5,,4394.0,1806.0,1615.0,,5.0,,4.0,15946.0,Nissan,Otomatik,Benzin,SUV,4WD (Sürekli),Sahibinden,2900000.0,2878151,2900000,21848,0.8,MAKUL
2015,265000.0,1461.0,110.0,,12.4,,4379.0,1800.0,1590.0,,5.0,,4.0,18918.0,Nissan,Düz,Dizel,SUV,Önden Çekiş,Galeriden,1150000.0,1142131,1150000,7868,0.7,MAKUL
2014,196000.0,1598.0,130.0,,10.7,,4379.0,1800.0,1590.0,,5.0,,4.0,17977.0,Nissan,Otomatik,Dizel,SUV,Önden Çekiş,Sahibinden,1240000.0,1237011,1240000,2988,0.2,MAKUL
2011,305000.0,1591.0,130.0,,11.5,,4394.0,1806.0,1615.0,,5.0,,4.0,15946.0,Nissan,Düz,Dizel,SUV,Önden Çekiş,Galeriden,690000.0,695117,690000,-5117,-0.7,MAKUL
2021,43500.0,999.0,115.0,,11.8,,4210.0,1800.0,1595.0,,5.0,,3.0,11957.0,Nissan,Yarı Otomatik,Benzin,SUV,Önden Çekiş,Galeriden,1329900.0,1343329,1329900,-13429,-1.0,MAKUL
2008,199887.0,1598.0,115.0,,12.0,,4315.0,1780.0,1615.0,,5.0,,4.0,13348.0,Nissan,Düz,Benzin,SUV,Önden Çekiş,Galeriden,850000.0,827036,850000,22963,2.8,MAKUL
2022,27000.0,1591.0,130.0,,11.5,,4394.0,1806.0,1615.0,,5.0,,4.0,15946.0,Nissan,Otomatik,Benzin,-,-,Galeriden,2269000.0,2269132,2269000,-132,-0.0,MAKUL
2024,39000.0,999.0,115.0,,11.8,,4210.0,1800.0,1595.0,,5.0,,3.0,16173.0,Nissan,Yarı Otomatik,Benzin,SUV,Önden Çekiş,Galeriden,1499000.0,1513316,1499000,-14316,-0.9,MAKUL
2025,26500.0,999.0,115.0,,11.8,,4210.0,1800.0,1595.0,,5.0,,3.0,11957.0,Nissan,Yarı Otomatik,Benzin,SUV,Önden Çekiş,Galeriden,1545000.0,1545777,1545000,-777,-0.1,MAKUL
2024,17000.0,999.0,115.0,,11.8,,4210.0,1800.0,1595.0,,5.0,,3.0,11957.0,Nissan,Yarı Otomatik,Benzin,SUV,Önden Çekiş,Galeriden,1485000.0,1487635,1485000,-2635,-0.2,MAKUL
2015,120000.0,1598.0,130.0,,11.4,,4643.0,1820.0,1695.0,,7.0,,4.0,16177.0,Nissan,Otomatik,Dizel,SUV,Önden Çekiş,Galeriden,1425000.0,1459496,1425000,-34496,-2.4,MAKUL
2016,199000.0,1461.0,110.0,,11.2,,4135.0,1765.0,1565.0,,5.0,,4.0,14518.0,Nissan,Düz,Dizel,SUV,Önden Çekiş,Galeriden,849950.0,858531,849950,-8581,-1.0,MAKUL
2022,135000.0,1591.0,130.0,,11.5,,4394.0,1806.0,1615.0,,5.0,,4.0,15946.0,Nissan,Otomatik,Hibrit,SUV,Önden Çekiş,Galeriden,1779000.0,1787808,1779000,-8808,-0.5,MAKUL
2024,16040.0,1591.0,130.0,,11.5,,4394.0,1806.0,1615.0,,5.0,,4.0,15946.0,Nissan,Otomatik,Benzin,SUV,Önden Çekiş,Galeriden,2349000.0,2248765,2349000,100234,4.5,MAKUL
2016,110000.0,1598.0,130.0,,10.7,,4379.0,1800.0,1590.0,,5.0,,4.0,17538.0,Nissan,Otomatik,Dizel,SUV,Önden Çekiş,Galeriden,1390000.0,1400242,1390000,-10242,-0.7,MAKUL
2018,67000.0,1591.0,130.0,,11.5,,4394.0,1806.0,1615.0,,5.0,,4.0,15946.0,Nissan,Düz,Dizel,SUV,Önden Çekiş,Galeriden,1700000.0,1684419,1700000,15580,0.9,MAKUL
2017,91000.0,1591.0,130.0,,11.5,,4394.0,1806.0,1615.0,,5.0,,4.0,15946.0,Nissan,Otomatik,Benzin,Crossover,Önden Çekiş,Galeriden,1035000.0,1049536,1035000,-14536,-1.4,MAKUL
2016,129000.0,1461.0,110.0,,11.2,,4135.0,1765.0,1565.0,,5.0,,4.0,14518.0,Nissan,Düz,Dizel,SUV,Önden Çekiş,Galeriden,979000.0,977804,979000,1195,0.1,MAKUL
2020,35385.0,1332.0,160.0,,10.1,,4394.0,1806.0,1590.0,,5.0,,4.0,16546.0,Nissan,Yarı Otomatik,Benzin,SUV,Önden Çekiş,Galeriden,1699000.0,1716042,1699000,-17042,-1.0,MAKUL
2024,39935.0,999.0,115.0,,11.8,,4210.0,1800.0,1595.0,,5.0,,3.0,11957.0,Nissan,Yarı Otomatik,Benzin,SUV,Önden Çekiş,Galeriden,1499000.0,1493425,1499000,5574,0.4,MAKUL
2023,80000.0,1497.0,213.0,,7.0,,4680.0,1840.0,1725.0,,5.0,,3.0,15946.0,Nissan,Otomatik,Benzin,SUV,4WD (Sürekli),Galeriden,2610000.0,2618659,2610000,-8659,-0.3,MAKUL
2017,163000.0,1591.0,130.0,,11.5,,4394.0,1806.0,1615.0,,5.0,,4.0,15946.0,Nissan,Otomatik,Dizel,SUV,Önden Çekiş,Galeriden,1625000.0,1467590,1625000,157409,10.7,PAHALI
2018,79000.0,1461.0,110.0,,11.2,,4135.0,1765.0,1565.0,,5.0,,4.0,14518.0,Nissan,Düz,Dizel,SUV,Önden Çekiş,Galeriden,870000.0,889083,870000,-19083,-2.1,MAKUL
2025,7000.0,1332.0,158.0,,9.2,,4425.0,1848.0,1625.0,,5.0,,4.0,18751.0,Nissan,Otomatik,Benzin,SUV,Önden Çekiş,Galeriden,2649900.0,2634896,2649900,15003,0.6,MAKUL
2024,10000.0,1591.0,130.0,,11.5,,4394.0,1806.0,1615.0,,5.0,,4.0,15946.0,Nissan,Otomatik,Benzin,SUV,Önden Çekiş,Galeriden,2280000.0,2203694,2280000,76305,3.5,MAKUL
2017,135000.0,1591.0,130.0,,11.5,,4394.0,1806.0,1615.0,,5.0,,4.0,15946.0,Nissan,Otomatik,Dizel,SUV,Önden Çekiş,Galeriden,1405000.0,1486887,1405000,-81887,-5.5,MAKUL
2023,33000.0,1497.0,190.0,,7.9,,4425.0,1835.0,1625.0,,5.0,,3.0,16769.0,Nissan,Otomatik,Hibrit,SUV,Önden Çekiş,Galeriden,2195000.0,2178742,2195000,16257,0.7,MAKUL
2017,130000.0,1591.0,130.0,,11.5,,4394.0,1806.0,1615.0,,5.0,,4.0,15946.0,Nissan,Düz,Dizel,SUV,Önden Çekiş,Galeriden,1370000.0,1426397,1370000,-56397,-4.0,MAKUL
2024,44006.0,999.0,115.0,,11.8,,4210.0,1800.0,1595.0,,5.0,,3.0,11957.0,Nissan,Yarı Otomatik,Benzin,SUV,Önden Çekiş,Galeriden,1410000.0,1433238,1410000,-23238,-1.6,MAKUL
2020,152000.0,1332.0,160.0,,10.1,,4394.0,1806.0,1590.0,,5.0,,4.0,15261.0,Nissan,Yarı Otomatik,Benzin,SUV,Önden Çekiş,Galeriden,1399000.0,1426521,1399000,-27521,-1.9,MAKUL
2023,70000.0,1497.0,213.0,,7.2,,4680.0,1840.0,1725.0,,7.0,,3.0,15946.0,Nissan,Otomatik,Hibrit,SUV,4WD (Sürekli),Galeriden,2765000.0,2766850,2765000,-1850,-0.1,MAKUL
2025,6150.0,1497.0,213.0,,7.0,,4680.0,1840.0,1725.0,,5.0,,3.0,15946.0,Nissan,Otomatik,Benzin,SUV,4WD (Sürekli),Galeriden,3399950.0,3388131,3399950,11818,0.3,MAKUL
2016,59000.0,1591.0,130.0,,11.5,,4394.0,1806.0,1615.0,,5.0,,4.0,15946.0,Nissan,Düz,Dizel,Crossover,Önden Çekiş,Galeriden,1050000.0,1052315,1050000,-2315,-0.2,MAKUL
2015,194000.0,1461.0,110.0,,12.4,,4379.0,1800.0,1590.0,,5.0,,4.0,15946.0,Nissan,Düz,Dizel,SUV,Önden Çekiş,Sahibinden,1160000.0,1169256,1160000,-9256,-0.8,MAKUL
2018,207000.0,1591.0,130.0,,11.5,,4394.0,1806.0,1615.0,,5.0,,4.0,15946.0,Nissan,Düz,Dizel,SUV,Önden Çekiş,Galeriden,1160750.0,1171214,1160750,-10464,-0.9,MAKUL
2015,153000.0,1598.0,130.0,,11.4,,4643.0,1820.0,1695.0,,7.0,,4.0,19938.0,Nissan,Otomatik,Dizel,SUV,Önden Çekiş,Sahibinden,1500000.0,1491916,1500000,8083,0.5,MAKUL
2018,177000.0,1591.0,130.0,,11.5,,4394.0,1806.0,1615.0,,5.0,,4.0,15946.0,Nissan,Otomatik,Dizel,SUV,Önden Çekiş,Galeriden,1575000.0,1479152,1575000,95847,6.5,MAKUL
2018,113602.0,1598.0,130.0,,11.1,,4394.0,1806.0,1590.0,,5.0,,4.0,17538.0,Nissan,Otomatik,Dizel,SUV,Önden Çekiş,Sahibinden,1645000.0,1605786,1645000,39213,2.4,MAKUL
2011,135000.0,1598.0,117.0,,11.5,,4135.0,1765.0,1570.0,,5.0,,4.0,16754.0,Nissan,Otomatik,Benzin,SUV,Önden Çekiş,Galeriden,895000.0,902712,895000,-7712,-0.9,MAKUL
2020,139000.0,1332.0,160.0,,10.1,,4394.0,1806.0,1590.0,,5.0,,4.0,16546.0,Nissan,Yarı Otomatik,Benzin,SUV,Önden Çekiş,Galeriden,1520000.0,1517431,1520000,2568,0.2,MAKUL
2012,232471.0,1461.0,110.0,,12.2,,4330.0,1783.0,1615.0,,5.0,,4.0,13348.0,Nissan,Düz,Dizel,SUV,Önden Çekiş,Galeriden,850000.0,866693,850000,-16693,-1.9,MAKUL
2017,59453.0,1591.0,130.0,,11.5,,4394.0,1806.0,1615.0,,5.0,,4.0,15946.0,Nissan,Düz,Dizel,SUV,Önden Çekiş,Yetkili Bayiden,1290000.0,1324758,1290000,-34758,-2.6,MAKUL
2013,271000.0,1461.0,110.0,,12.2,,4330.0,1783.0,1615.0,,5.0,,4.0,15761.0,Nissan,Düz,Dizel,SUV,Önden Çekiş,Sahibinden,860000.0,875092,860000,-15092,-1.7,MAKUL
2018,75000.0,1598.0,130.0,,11.1,,4394.0,1806.0,1590.0,,5.0,,4.0,14536.0,Nissan,Otomatik,Dizel,SUV,Önden Çekiş,Sahibinden,1590000.0,1640502,1590000,-50502,-3.1,MAKUL
2021,28000.0,1332.0,158.0,,10.1,,4394.0,1806.0,1590.0,,5.0,,4.0,15528.0,Nissan,Yarı Otomatik,Benzin,SUV,Önden Çekiş,Sahibinden,1849000.0,1854798,1849000,-5798,-0.3,MAKUL
2018,108500.0,1598.0,130.0,,11.1,,4394.0,1806.0,1590.0,,5.0,,4.0,17538.0,Nissan,Otomatik,Dizel,SUV,Önden Çekiş,Sahibinden,1650000.0,1632748,1650000,17251,1.1,MAKUL
2025,6010.0,1332.0,158.0,,9.2,,4425.0,1848.0,1625.0,,5.0,,4.0,18751.0,Nissan,Otomatik,Benzin,SUV,Önden Çekiş,Galeriden,2725000.0,2705316,2725000,19683,0.7,MAKUL
2018,220000.0,1591.0,130.0,,11.5,,4394.0,1806.0,1615.0,,5.0,,4.0,15946.0,Nissan,Otomatik,Dizel,SUV,Önden Çekiş,Galeriden,1250000.0,1284983,1250000,-34983,-2.7,MAKUL
2011,179555.0,1598.0,115.0,,12.0,,4315.0,1780.0,1615.0,,5.0,,4.0,13348.0,Nissan,Düz,Benzin,SUV,Önden Çekiş,Sahibinden,920000.0,896788,920000,23211,2.6,MAKUL
2013,214000.0,1461.0,110.0,,12.2,,4330.0,1783.0,1615.0,,5.0,,4.0,13348.0,Nissan,Düz,Dizel,SUV,Önden Çekiş,Sahibinden,975000.0,968012,975000,6987,0.7,MAKUL
2017,170250.0,1598.0,130.0,,11.1,,4394.0,1806.0,1590.0,,5.0,,4.0,17538.0,Nissan,Otomatik,Dizel,SUV,Önden Çekiş,Sahibinden,1375000.0,1403557,1375000,-28557,-2.0,MAKUL
2015,153000.0,1598.0,130.0,,10.7,,4379.0,1800.0,1590.0,,5.0,,4.0,17538.0,Nissan,Otomatik,Dizel,SUV,Önden Çekiş,Galeriden,1175000.0,1308214,1175000,-133214,-10.2,FIRSAT
2020,71000.0,1461.0,115.0,,13.0,,4394.0,1806.0,1590.0,,5.0,,4.0,16546.0,Nissan,Yarı Otomatik,Dizel,SUV,Önden Çekiş,Sahibinden,1750000.0,1762549,1750000,-12549,-0.7,MAKUL
2014,114000.0,1591.0,130.0,,11.5,,4394.0,1806.0,1615.0,,5.0,,4.0,15946.0,Nissan,Otomatik,Benzin,SUV,Önden Çekiş,Sahibinden,990000.0,1188024,990000,-198024,-16.7,FIRSAT
2014,137000.0,1598.0,130.0,,11.4,,4643.0,1820.0,1695.0,,7.0,,4.0,16177.0,Nissan,Otomatik,Dizel,SUV,Önden Çekiş,Galeriden,1405000.0,1426964,1405000,-21964,-1.5,MAKUL
2011,260000.0,1598.0,117.0,,11.0,,4135.0,1765.0,1570.0,,5.0,,4.0,16754.0,Nissan,Düz,Benzin,SUV,Önden Çekiş,Galeriden,576500.0,660781,576500,-84281,-12.8,FIRSAT
2022,86000.0,1591.0,130.0,,11.5,,4394.0,1806.0,1615.0,,5.0,,4.0,15946.0,Nissan,Otomatik,Benzin,SUV,Önden Çekiş,Galeriden,1739000.0,1816892,1739000,-77892,-4.3,MAKUL
2017,85500.0,1461.0,110.0,,12.4,,4379.0,1800.0,1590.0,,5.0,,4.0,15946.0,Nissan,Düz,Dizel,SUV,Önden Çekiş,Galeriden,1560000.0,1543883,1560000,16116,1.0,MAKUL
2018,284000.0,1598.0,130.0,,11.1,,4394.0,1806.0,1590.0,,5.0,,4.0,17538.0,Nissan,Otomatik,Dizel,SUV,Önden Çekiş,Galeriden,1230000.0,1215331,1230000,14668,1.2,MAKUL
2017,98000.0,1197.0,115.0,,12.9,,4394.0,1806.0,1590.0,,5.0,,4.0,17538.0,Nissan,Otomatik,Benzin,SUV,Önden Çekiş,Galeriden,1510000.0,1496098,1510000,13901,0.9,MAKUL
2018,101000.0,1598.0,117.0,,11.5,,4135.0,1765.0,1565.0,,5.0,,4.0,16754.0,Nissan,Otomatik,Benzin,SUV,Önden Çekiş,Galeriden,885000.0,903150,885000,-18150,-2.0,MAKUL
2016,201000.0,1598.0,130.0,,10.7,,4379.0,1800.0,1590.0,,5.0,,4.0,18918.0,Nissan,Otomatik,Dizel,SUV,Önden Çekiş,Sahibinden,1280000.0,1291542,1280000,-11542,-0.9,MAKUL
2015,188000.0,1598.0,130.0,,11.4,,4643.0,1820.0,1695.0,,7.0,,4.0,19938.0,Nissan,Otomatik,Dizel,SUV,Önden Çekiş,Galeriden,1350000.0,1346018,1350000,3981,0.3,MAKUL
2014,171000.0,1461.0,110.0,,12.4,,4379.0,1800.0,1590.0,,5.0,,4.0,18918.0,Nissan,Düz,Dizel,SUV,Önden Çekiş,Galeriden,1255000.0,1254216,1255000,783,0.1,MAKUL
2018,198000.0,1591.0,130.0,,11.5,,4394.0,1806.0,1615.0,,5.0,,4.0,15946.0,Nissan,Otomatik,Dizel,SUV,Önden Çekiş,Galeriden,1357500.0,1433773,1357500,-76273,-5.3,MAKUL
2016,190000.0,1598.0,130.0,,10.7,,4379.0,1800.0,1590.0,,5.0,,4.0,17538.0,Nissan,Otomatik,Dizel,SUV,Önden Çekiş,Galeriden,1150000.0,1254087,1150000,-104087,-8.3,MAKUL
2016,142000.0,1598.0,130.0,,10.7,,4379.0,1800.0,1590.0,,5.0,,4.0,18918.0,Nissan,Otomatik,Dizel,SUV,Önden Çekiş,Galeriden,1210000.0,1266561,1210000,-56561,-4.5,MAKUL
2017,125000.0,1591.0,130.0,,11.5,,4394.0,1806.0,1615.0,,5.0,,4.0,15946.0,Nissan,Otomatik,Dizel,SUV,Önden Çekiş,Galeriden,1515000.0,1522430,1515000,-7430,-0.5,MAKUL
2018,68000.0,1591.0,130.0,,11.5,,4394.0,1806.0,1615.0,,5.0,,4.0,15946.0,Nissan,Otomatik,Dizel,SUV,Önden Çekiş,Galeriden,1635000.0,1698610,1635000,-63610,-3.7,MAKUL
2018,97000.0,1591.0,130.0,,11.5,,4394.0,1806.0,1615.0,,5.0,,4.0,15946.0,Nissan,Otomatik,Dizel,SUV,Önden Çekiş,Galeriden,1580000.0,1654865,1580000,-74865,-4.5,MAKUL
2021,70000.0,1591.0,130.0,,11.5,,4394.0,1806.0,1615.0,,5.0,,4.0,15946.0,Nissan,Otomatik,Benzin,SUV,Önden Çekiş,Galeriden,1999000.0,1992545,1999000,6454,0.3,MAKUL
2023,38328.0,1497.0,190.0,,7.9,,4425.0,1835.0,1625.0,,5.0,,3.0,18356.0,Nissan,Otomatik,Benzin,SUV,Önden Çekiş,Yetkili Bayiden,2690000.0,2652255,2690000,37744,1.4,MAKUL
2016,190000.0,1591.0,130.0,,11.5,,4394.0,1806.0,1615.0,,5.0,,4.0,15946.0,Nissan,Düz,Dizel,SUV,Önden Çekiş,Galeriden,1320000.0,1266010,1320000,53989,4.3,MAKUL
2017,67000.0,1591.0,130.0,,11.5,,4394.0,1806.0,1615.0,,5.0,,4.0,15946.0,Nissan,Otomatik,Benzin,Crossover,Önden Çekiş,Galeriden,1165000.0,1166232,1165000,-1232,-0.1,MAKUL
2011,301000.0,1591.0,130.0,,11.5,,4394.0,1806.0,1615.0,,5.0,,4.0,15946.0,Nissan,Düz,Dizel,SUV,AWD (Elektronik),Galeriden,600000.0,637142,600000,-37142,-5.8,MAKUL
2023,47000.0,999.0,115.0,,11.8,,4210.0,1800.0,1595.0,,5.0,,3.0,16173.0,Nissan,Yarı Otomatik,Benzin,SUV,Önden Çekiş,Galeriden,1500000.0,1442675,1500000,57324,4.0,MAKUL
2020,100000.0,1461.0,115.0,,13.0,,4394.0,1806.0,1590.0,,5.0,,4.0,15261.0,Nissan,Yarı Otomatik,Dizel,SUV,Önden Çekiş,Galeriden,1750000.0,1759165,1750000,-9165,-0.5,MAKUL
2011,370000.0,1591.0,130.0,,11.5,,4394.0,1806.0,1615.0,,5.0,,4.0,15946.0,Nissan,Düz,Dizel,SUV,Arkadan İtiş,Galeriden,635000.0,635044,635000,-44,-0.0,MAKUL
2011,272000.0,1461.0,110.0,,11.3,,4135.0,1765.0,1570.0,,5.0,,4.0,16754.0,Nissan,Düz,Dizel,SUV,Önden Çekiş,Galeriden,690000.0,649027,690000,40972,6.3,MAKUL
2024,12500.0,999.0,115.0,,11.8,,4210.0,1800.0,1595.0,,5.0,,3.0,16173.0,Nissan,Yarı Otomatik,Benzin,SUV,Önden Çekiş,Sahibinden,1710000.0,1707136,1710000,2863,0.2,MAKUL
2011,270000.0,1461.0,110.0,,12.2,,4330.0,1783.0,1615.0,,5.0,,4.0,13348.0,Nissan,Düz,Dizel,SUV,Önden Çekiş,Sahibinden,725000.0,735399,725000,-10399,-1.4,MAKUL
2016,162500.0,1197.0,115.0,,10.8,,4135.0,1765.0,1565.0,,5.0,,4.0,14518.0,Nissan,Düz,Benzin,SUV,Önden Çekiş,Sahibinden,985000.0,977105,985000,7894,0.8,MAKUL
2011,220000.0,1461.0,110.0,,11.3,,4135.0,1765.0,1570.0,,5.0,,4.0,16754.0,Nissan,Düz,Dizel,SUV,Önden Çekiş,Sahibinden,775000.0,761300,775000,13699,1.8,MAKUL
2015,195000.0,1598.0,130.0,,10.7,,4379.0,1800.0,1590.0,,5.0,,4.0,17977.0,Nissan,Otomatik,Dizel,SUV,Önden Çekiş,Galeriden,1350000.0,1274383,1350000,75616,5.9,MAKUL
2020,102965.0,1461.0,115.0,,13.0,,4394.0,1806.0,1590.0,,5.0,,4.0,15261.0,Nissan,Yarı Otomatik,Dizel,SUV,Önden Çekiş,Galeriden,1835000.0,1783848,1835000,51151,2.9,MAKUL
2011,122000.0,1461.0,106.0,,12.2,,4315.0,1780.0,1615.0,,5.0,,4.0,13348.0,Nissan,Düz,Dizel,SUV,Önden Çekiş,Sahibinden,995000.0,885387,995000,109612,12.4,PAHALI
2013,251000.0,1461.0,110.0,,12.2,,4541.0,1780.0,1645.0,,7.0,,4.0,14969.0,Nissan,Düz,Dizel,SUV,Önden Çekiş,Sahibinden,850000.0,882653,850000,-32653,-3.7,MAKUL
2015,125000.0,1598.0,130.0,,11.4,,4643.0,1820.0,1695.0,,7.0,,4.0,19938.0,Nissan,Otomatik,Dizel,SUV,Önden Çekiş,Sahibinden,1570000.0,1558756,1570000,11243,0.7,MAKUL
2011,298000.0,1591.0,130.0,,11.5,,4394.0,1806.0,1615.0,,5.0,,4.0,15946.0,Nissan,Düz,Dizel,SUV,Arkadan İtiş,Galeriden,678000.0,675584,678000,2415,0.4,MAKUL
2003,242000.0,1998.0,140.0,,13.1,,4510.0,1765.0,1750.0,,5.0,,4.0,15946.0,Nissan,Otomatik,LPG & Benzin,SUV,4WD (Sürekli),Sahibinden,650000.0,642229,650000,7770,1.2,MAKUL
2020,42000.0,1591.0,130.0,,11.5,,4394.0,1806.0,1615.0,,5.0,,4.0,15946.0,Nissan,Otomatik,Dizel,SUV,Önden Çekiş,Sahibinden,1820000.0,1838972,1820000,-18972,-1.0,MAKUL
2018,194000.0,1598.0,130.0,,11.1,,4394.0,1806.0,1590.0,,5.0,,4.0,17538.0,Nissan,Otomatik,Dizel,SUV,Önden Çekiş,Sahibinden,1129900.0,1341012,1129900,-211112,-15.7,FIRSAT
2015,137000.0,1197.0,115.0,,12.9,,4379.0,1800.0,1590.0,,5.0,,4.0,14536.0,Nissan,Otomatik,Benzin,SUV,Önden Çekiş,Sahibinden,1275000.0,1250058,1275000,24941,2.0,MAKUL
2012,177000.0,1598.0,117.0,,11.5,,4135.0,1765.0,1570.0,,5.0,,4.0,16754.0,Nissan,Otomatik,Benzin,SUV,Önden Çekiş,Sahibinden,880000.0,890057,880000,-10057,-1.1,MAKUL
2012,348000.0,1461.0,110.0,,11.3,,4135.0,1765.0,1570.0,,5.0,,4.0,16754.0,Nissan,Düz,Dizel,SUV,Önden Çekiş,Sahibinden,650000.0,655649,650000,-5649,-0.9,MAKUL
2011,155523.0,1598.0,115.0,,11.8,,4330.0,1783.0,1615.0,,5.0,,4.0,13348.0,Nissan,Düz,LPG & Benzin,SUV,Önden Çekiş,Sahibinden,890000.0,953363,890000,-63363,-6.6,MAKUL
2020,208000.0,1332.0,160.0,,10.1,,4394.0,1806.0,1590.0,,5.0,,4.0,16546.0,Nissan,Yarı Otomatik,Benzin,SUV,Önden Çekiş,Sahibinden,1415000.0,1430272,1415000,-15272,-1.1,MAKUL
2012,205000.0,1461.0,110.0,,12.2,,4330.0,1783.0,1615.0,,5.0,,4.0,15761.0,Nissan,Düz,Dizel,SUV,Önden Çekiş,Sahibinden,790000.0,836763,790000,-46763,-5.6,MAKUL
2025,20000.0,1591.0,130.0,,11.5,,4394.0,1806.0,1615.0,,5.0,,4.0,15946.0,Nissan,Otomatik,Benzin,SUV,Önden Çekiş,Galeriden,2405000.0,2307830,2405000,97169,4.2,MAKUL
2025,17000.0,1591.0,130.0,,11.5,,4394.0,1806.0,1615.0,,5.0,,4.0,15946.0,Nissan,Otomatik,Benzin,SUV,Önden Çekiş,Galeriden,2415000.0,2339755,2415000,75244,3.2,MAKUL
2013,248400.0,1591.0,130.0,,11.5,,4394.0,1806.0,1615.0,,5.0,,4.0,15946.0,Nissan,Otomatik,LPG & Benzin,SUV,Önden Çekiş,Sahibinden,810000.0,841154,810000,-31154,-3.7,MAKUL
2012,235135.0,2488.0,190.0,,11.1,,5396.0,1848.0,1797.0,,5.0,,4.0,15946.0,Nissan,Düz,Dizel,Hard top,4WD (Sürekli),Sahibinden,750000.0,764623,750000,-14623,-1.9,MAKUL
2014,230000.0,1461.0,110.0,,12.4,,4379.0,1800.0,1590.0,,5.0,,4.0,15591.0,Nissan,Düz,Dizel,SUV,Önden Çekiş,Sahibinden,1025000.0,1028483,1025000,-3483,-0.3,MAKUL
2013,126000.0,1598.0,117.0,,11.5,,4135.0,1765.0,1570.0,,5.0,,4.0,16754.0,Nissan,Otomatik,LPG & Benzin,SUV,Önden Çekiş,Sahibinden,1015000.0,1014616,1015000,383,0.0,MAKUL
2015,208000.0,1598.0,130.0,,10.5,,4643.0,1820.0,1695.0,,7.0,,4.0,25729.0,Nissan,Düz,Dizel,SUV,Önden Çekiş,Sahibinden,1350000.0,1200699,1350000,149300,12.4,PAHALI
2012,285000.0,1461.0,110.0,,11.3,,4135.0,1765.0,1570.0,,5.0,,4.0,16754.0,Nissan,Düz,Dizel,SUV,Önden Çekiş,Sahibinden,609000.0,621895,609000,-12895,-2.1,MAKUL
2010,251000.0,1461.0,106.0,,12.2,,4315.0,1780.0,1615.0,,5.0,,4.0,13348.0,Nissan,Düz,Dizel,SUV,Önden Çekiş,Sahibinden,750000.0,765278,750000,-15278,-2.0,MAKUL
2017,119900.0,1461.0,110.0,,12.4,,4379.0,1800.0,1590.0,,5.0,,4.0,15946.0,Nissan,Düz,Dizel,SUV,Önden Çekiş,Galeriden,1455000.0,1434930,1455000,20069,1.4,MAKUL
2013,206000.0,1598.0,130.0,,10.3,,4330.0,1780.0,1615.0,,5.0,,4.0,14969.0,Nissan,Düz,Dizel,SUV,Önden Çekiş,Galeriden,1030000.0,1026322,1030000,3677,0.4,MAKUL
1998,241000.0,3275.0,170.0,,12.0,,4640.0,1840.0,1750.0,,5.0,,6.0,15946.0,Nissan,Otomatik,LPG & Benzin,SUV,4WD (Sürekli),Sahibinden,735000.0,597846,735000,137153,22.9,PAHALI
2015,150000.0,1598.0,130.0,,10.7,,4379.0,1800.0,1590.0,,5.0,,4.0,17977.0,Nissan,Otomatik,Dizel,SUV,Önden Çekiş,Sahibinden,1490000.0,1394658,1490000,95341,6.8,MAKUL
2015,206000.0,1598.0,130.0,,10.7,,4379.0,1800.0,1590.0,,5.0,,4.0,18918.0,Nissan,Otomatik,Dizel,SUV,Önden Çekiş,Galeriden,1045000.0,1111212,1045000,-66212,-6.0,MAKUL
2011,285000.0,1995.0,150.0,,12.5,,4635.0,1790.0,1700.0,,5.0,,4.0,15946.0,Nissan,Otomatik,Dizel,SUV,4WD (Sürekli),Galeriden,793000.0,803708,793000,-10708,-1.3,MAKUL
2020,87000.0,1461.0,115.0,,13.0,,4394.0,1806.0,1590.0,,5.0,,4.0,16546.0,Nissan,Yarı Otomatik,Dizel,SUV,Önden Çekiş,Galeriden,1640000.0,1645799,1640000,-5799,-0.4,MAKUL
2017,86000.0,1591.0,130.0,,11.5,,4394.0,1806.0,1615.0,,5.0,,4.0,15946.0,Nissan,Düz,Dizel,SUV,Önden Çekiş,Galeriden,1555000.0,1537767,1555000,17232,1.1,MAKUL
2025,15000.0,1591.0,130.0,,11.5,,4394.0,1806.0,1615.0,,5.0,,4.0,15946.0,Nissan,Otomatik,Hibrit,SUV,Önden Çekiş,Galeriden,2500000.0,2524456,2500000,-24456,-1.0,MAKUL
2017,88500.0,1591.0,130.0,,11.5,,4394.0,1806.0,1615.0,,5.0,,4.0,15946.0,Nissan,Otomatik,Dizel,SUV,Önden Çekiş,Galeriden,1615000.0,1660637,1615000,-45637,-2.7,MAKUL
2015,148000.0,1598.0,130.0,,10.7,,4379.0,1800.0,1590.0,,5.0,,4.0,17977.0,Nissan,Otomatik,Dizel,SUV,Önden Çekiş,Galeriden,1469900.0,1374524,1469900,95375,6.9,MAKUL
2018,100000.0,1591.0,130.0,,11.5,,4394.0,1806.0,1615.0,,5.0,,4.0,15946.0,Nissan,Düz,Dizel,SUV,Önden Çekiş,Galeriden,1395000.0,1474335,1395000,-79335,-5.4,MAKUL
2021,66000.0,2298.0,190.0,,10.8,,5330.0,1850.0,1840.0,,5.0,,4.0,15946.0,Nissan,Otomatik,Dizel,Hard top,4WD (Sürekli),Galeriden,1535000.0,1592354,1535000,-57354,-3.6,MAKUL
2014,229000.0,1591.0,130.0,,11.5,,4394.0,1806.0,1615.0,,5.0,,4.0,15946.0,Nissan,Düz,Dizel,SUV,Önden Çekiş,Galeriden,1065000.0,958174,1065000,106825,11.1,PAHALI
2014,193000.0,1591.0,130.0,,11.5,,4394.0,1806.0,1615.0,,5.0,,4.0,15946.0,Nissan,Düz,Dizel,SUV,Önden Çekiş,Galeriden,1175000.0,1130120,1175000,44879,4.0,MAKUL
2025,15000.0,999.0,115.0,,11.8,,4210.0,1800.0,1595.0,,5.0,,3.0,16173.0,Nissan,Yarı Otomatik,Benzin,SUV,Önden Çekiş,Galeriden,1695000.0,1693762,1695000,1237,0.1,MAKUL
2011,217000.0,1995.0,150.0,,12.5,,4635.0,1790.0,1700.0,,5.0,,4.0,15946.0,Nissan,Otomatik,Dizel,SUV,4WD (Sürekli),Galeriden,1080000.0,1067667,1080000,12332,1.2,MAKUL
2018,153000.0,1591.0,130.0,,11.5,,4394.0,1806.0,1615.0,,5.0,,4.0,15946.0,Nissan,Otomatik,Dizel,SUV,Önden Çekiş,Galeriden,1359000.0,1479806,1359000,-120806,-8.2,MAKUL
2015,105000.0,1197.0,115.0,,12.9,,4379.0,1800.0,1590.0,,5.0,,4.0,14536.0,Nissan,Otomatik,Benzin,SUV,Önden Çekiş,Galeriden,1239750.0,1260720,1239750,-20970,-1.7,MAKUL
2022,60000.0,1497.0,190.0,,7.9,,4425.0,1835.0,1625.0,,5.0,,3.0,18356.0,Nissan,Otomatik,Hibrit,SUV,Önden Çekiş,Galeriden,1989000.0,2221110,1989000,-232110,-10.5,FIRSAT
2015,146000.0,1591.0,130.0,,11.5,,4394.0,1806.0,1615.0,,5.0,,4.0,15946.0,Nissan,Düz,Dizel,SUV,Önden Çekiş,Galeriden,990000.0,1095785,990000,-105785,-9.7,MAKUL
2012,143000.0,1461.0,110.0,,11.3,,4135.0,1765.0,1570.0,,5.0,,4.0,16754.0,Nissan,Düz,Dizel,SUV,Önden Çekiş,Galeriden,790000.0,849820,790000,-59820,-7.0,MAKUL
2011,207000.0,1591.0,130.0,,11.5,,4394.0,1806.0,1615.0,,5.0,,4.0,15946.0,Nissan,Düz,Dizel,SUV,Arkadan İtiş,Galeriden,700000.0,780558,700000,-80558,-10.3,FIRSAT
2025,25000.0,1332.0,158.0,,9.2,,4425.0,1848.0,1625.0,,5.0,,4.0,18751.0,Nissan,Otomatik,Hibrit,SUV,Önden Çekiş,Galeriden,2635000.0,2640602,2635000,-5602,-0.2,MAKUL
2023,69000.0,1332.0,158.0,,9.2,,4425.0,1848.0,1625.0,,5.0,,4.0,15528.0,Nissan,Otomatik,Hibrit,SUV,Önden Çekiş,Galeriden,2289000.0,2040478,2289000,248521,12.2,PAHALI
2015,249000.0,1598.0,130.0,,10.7,,4379.0,1800.0,1590.0,,5.0,,4.0,17977.0,Nissan,Otomatik,Dizel,SUV,Önden Çekiş,Galeriden,1175500.0,1158650,1175500,16849,1.5,MAKUL
2017,139678.0,2298.0,190.0,,10.8,,5330.0,1850.0,1840.0,,5.0,,4.0,15946.0,Nissan,Otomatik,Dizel,Hard top,4WD (Sürekli),Galeriden,1249500.0,1283495,1249500,-33995,-2.6,MAKUL
2015,84000.0,1598.0,117.0,,11.5,,4135.0,1765.0,1565.0,,5.0,,4.0,14518.0,Nissan,Otomatik,Benzin,SUV,Önden Çekiş,Galeriden,1185000.0,1184899,1185000,100,0.0,MAKUL
2015,123000.0,1598.0,130.0,,10.7,,4379.0,1800.0,1590.0,,5.0,,4.0,17977.0,Nissan,Otomatik,Dizel,SUV,Önden Çekiş,Galeriden,1395000.0,1395531,1395000,-531,-0.0,MAKUL
2017,100000.0,1591.0,130.0,,11.5,,4394.0,1806.0,1615.0,,5.0,,4.0,15946.0,Nissan,Otomatik,Dizel,SUV,Önden Çekiş,Galeriden,1560000.0,1609567,1560000,-49567,-3.1,MAKUL
2017,195000.0,1591.0,130.0,,11.5,,4394.0,1806.0,1615.0,,5.0,,4.0,15946.0,Nissan,Otomatik,Dizel,SUV,Önden Çekiş,Galeriden,1259750.0,1305961,1259750,-46211,-3.5,MAKUL
2015,201000.0,1598.0,130.0,,10.7,,4379.0,1800.0,1590.0,,5.0,,4.0,17538.0,Nissan,Otomatik,Dizel,SUV,Önden Çekiş,Galeriden,1090000.0,1208901,1090000,-118901,-9.8,MAKUL
2018,295000.0,1598.0,130.0,,11.1,,4394.0,1806.0,1590.0,,5.0,,4.0,17538.0,Nissan,Otomatik,Dizel,SUV,Önden Çekiş,Galeriden,970000.0,1006525,970000,-36525,-3.6,MAKUL
2012,180000.0,1461.0,110.0,,12.2,,4330.0,1783.0,1615.0,,5.0,,4.0,13348.0,Nissan,Düz,Dizel,SUV,Önden Çekiş,Sahibinden,865000.0,819920,865000,45079,5.5,MAKUL
2016,197000.0,1591.0,130.0,,11.5,,4394.0,1806.0,1615.0,,5.0,,4.0,15946.0,Nissan,Otomatik,Benzin,SUV,Önden Çekiş,Galeriden,1120000.0,1065387,1120000,54612,5.1,MAKUL
2006,280000.0,1591.0,130.0,,11.5,,4394.0,1806.0,1615.0,,5.0,,4.0,15946.0,Nissan,Düz,Dizel,SUV,Arkadan İtiş,Galeriden,589900.0,603237,589900,-13337,-2.2,MAKUL
2016,128000.0,1598.0,130.0,,10.7,,4379.0,1800.0,1590.0,,5.0,,4.0,17977.0,Nissan,Otomatik,Dizel,SUV,Önden Çekiş,Galeriden,1490000.0,1436733,1490000,53266,3.7,MAKUL
2010,187000.0,1461.0,106.0,,12.2,,4315.0,1780.0,1615.0,,5.0,,4.0,13348.0,Nissan,Düz,Dizel,SUV,Önden Çekiş,Galeriden,860000.0,871829,860000,-11829,-1.4,MAKUL
2023,38000.0,1591.0,130.0,,11.5,,4394.0,1806.0,1615.0,,5.0,,4.0,15946.0,Nissan,Otomatik,Hibrit,SUV,AWD (Elektronik),Galeriden,2095000.0,2105547,2095000,-10547,-0.5,MAKUL
2019,87000.0,1461.0,115.0,,13.0,,4394.0,1806.0,1590.0,,5.0,,4.0,16546.0,Nissan,Yarı Otomatik,Dizel,SUV,Önden Çekiş,Galeriden,1725000.0,1669012,1725000,55987,3.4,MAKUL
2012,139500.0,1598.0,117.0,,13.0,,4330.0,1780.0,1615.0,,5.0,,4.0,14969.0,Nissan,Otomatik,Benzin,SUV,Önden Çekiş,Galeriden,1095000.0,1075495,1095000,19504,1.8,MAKUL
2016,149000.0,1591.0,130.0,,11.5,,4394.0,1806.0,1615.0,,5.0,,4.0,15946.0,Nissan,Otomatik,Benzin,SUV,Önden Çekiş,Galeriden,1365000.0,1220886,1365000,144113,11.8,PAHALI
2018,60000.0,1591.0,130.0,,11.5,,4394.0,1806.0,1615.0,,5.0,,4.0,15946.0,Nissan,Otomatik,Benzin,SUV,Önden Çekiş,Galeriden,1275000.0,1351585,1275000,-76585,-5.7,MAKUL
2012,198000.0,1461.0,106.0,,12.2,,4315.0,1780.0,1615.0,,5.0,,4.0,13348.0,Nissan,Düz,Dizel,SUV,Önden Çekiş,Galeriden,820000.0,917244,820000,-97244,-10.6,FIRSAT
2017,105000.0,1598.0,130.0,,11.1,,4394.0,1806.0,1590.0,,5.0,,4.0,17538.0,Nissan,Otomatik,Dizel,SUV,Önden Çekiş,Galeriden,1215000.0,1385114,1215000,-170114,-12.3,FIRSAT
2013,190000.0,1461.0,110.0,,12.2,,4330.0,1783.0,1615.0,,5.0,,4.0,15761.0,Nissan,Düz,Dizel,SUV,Önden Çekiş,Galeriden,860000.0,912801,860000,-52801,-5.8,MAKUL
2014,219000.0,1591.0,130.0,,11.5,,4394.0,1806.0,1615.0,,5.0,,4.0,15946.0,Nissan,Otomatik,Dizel,SUV,Önden Çekiş,Galeriden,1150000.0,1162462,1150000,-12462,-1.1,MAKUL
2010,310000.0,1591.0,130.0,,11.5,,4394.0,1806.0,1615.0,,5.0,,4.0,15946.0,Nissan,Düz,Benzin,SUV,Önden Çekiş,Galeriden,685000.0,687913,685000,-2913,-0.4,MAKUL
2013,198200.0,1461.0,110.0,,12.2,,4330.0,1783.0,1615.0,,5.0,,4.0,15761.0,Nissan,Düz,Dizel,SUV,Önden Çekiş,Galeriden,855000.0,908122,855000,-53122,-5.8,MAKUL
2020,134000.0,1332.0,160.0,,10.1,,4394.0,1806.0,1590.0,,5.0,,4.0,15261.0,Nissan,Yarı Otomatik,Benzin,SUV,Önden Çekiş,Galeriden,1440000.0,1456736,1440000,-16736,-1.1,MAKUL
2017,221000.0,1591.0,130.0,,11.5,,4394.0,1806.0,1615.0,,5.0,,4.0,15946.0,Nissan,Düz,Dizel,SUV,Arkadan İtiş,Galeriden,965000.0,1018821,965000,-53821,-5.3,MAKUL
2024,38000.0,1591.0,130.0,,11.5,,4394.0,1806.0,1615.0,,5.0,,4.0,15946.0,Nissan,Otomatik,Benzin,SUV,Önden Çekiş,Galeriden,2225000.0,2178916,2225000,46083,2.1,MAKUL
2011,224000.0,1461.0,110.0,,11.3,,4135.0,1765.0,1570.0,,5.0,,4.0,16754.0,Nissan,Düz,Dizel,SUV,Önden Çekiş,Galeriden,668000.0,696530,668000,-28530,-4.1,MAKUL
2004,438000.0,2488.0,133.0,,13.3,,5090.0,1825.0,1720.0,,5.0,,4.0,15946.0,Nissan,Düz,Dizel,Hard top,4WD (Sürekli),Galeriden,465000.0,467686,465000,-2686,-0.6,MAKUL
2019,126000.0,1332.0,160.0,,10.1,,4394.0,1806.0,1590.0,,5.0,,4.0,16546.0,Nissan,Yarı Otomatik,Benzin,SUV,Önden Çekiş,Galeriden,1745000.0,1703156,1745000,41843,2.5,MAKUL
2018,124000.0,1591.0,130.0,,11.5,,4394.0,1806.0,1615.0,,5.0,,4.0,15946.0,Nissan,Otomatik,Benzin,SUV,Önden Çekiş,Galeriden,1315000.0,1358737,1315000,-43737,-3.2,MAKUL
2017,128600.0,1591.0,130.0,,11.5,,4394.0,1806.0,1615.0,,5.0,,4.0,15946.0,Nissan,Otomatik,Dizel,SUV,Önden Çekiş,Galeriden,1550000.0,1517434,1550000,32565,2.1,MAKUL
2018,75000.0,1591.0,130.0,,11.5,,4394.0,1806.0,1615.0,,5.0,,4.0,15946.0,Nissan,Otomatik,Dizel,SUV,Önden Çekiş,Galeriden,1900000.0,1764725,1900000,135274,7.7,MAKUL
2020,185000.0,1591.0,130.0,,11.5,,4394.0,1806.0,1615.0,,5.0,,4.0,15946.0,Nissan,Düz,Dizel,SUV,AWD (Elektronik),Galeriden,1380000.0,1402668,1380000,-22668,-1.6,MAKUL
2014,141000.0,1591.0,130.0,,11.5,,4394.0,1806.0,1615.0,,5.0,,4.0,15946.0,Nissan,Otomatik,Benzin,Crossover,Önden Çekiş,Galeriden,1015000.0,1019396,1015000,-4396,-0.4,MAKUL
2011,260000.0,1461.0,110.0,,11.3,,4135.0,1765.0,1570.0,,5.0,,4.0,16754.0,Nissan,Düz,Dizel,SUV,Önden Çekiş,Galeriden,650000.0,648179,650000,1820,0.3,MAKUL
2014,257000.0,1598.0,130.0,,10.9,,4379.0,1800.0,1590.0,,5.0,,4.0,17977.0,Nissan,Düz,Dizel,SUV,4WD (Sürekli),Sahibinden,885000.0,911208,885000,-26208,-2.9,MAKUL
2017,90000.0,1598.0,130.0,,10.7,,4379.0,1800.0,1590.0,,5.0,,4.0,17538.0,Nissan,Otomatik,Dizel,SUV,Önden Çekiş,Galeriden,1599999.0,1580130,1599999,19868,1.3,MAKUL
2024,20000.0,1591.0,130.0,,11.5,,4394.0,1806.0,1615.0,,5.0,,4.0,15946.0,Nissan,Otomatik,Benzin,SUV,Önden Çekiş,Galeriden,1495000.0,1977790,1495000,-482790,-24.4,FIRSAT
2012,220000.0,1598.0,117.0,,11.0,,4135.0,1765.0,1570.0,,5.0,,4.0,17260.0,Nissan,Düz,LPG & Benzin,SUV,Önden Çekiş,Sahibinden,600000.0,637952,600000,-37952,-5.9,MAKUL
2025,28000.0,1591.0,130.0,,11.5,,4394.0,1806.0,1615.0,,5.0,,4.0,15946.0,Nissan,Otomatik,Benzin,SUV,Önden Çekiş,Galeriden,1659000.0,1857964,1659000,-198964,-10.7,FIRSAT
2017,170000.0,1598.0,130.0,,11.1,,4394.0,1806.0,1590.0,,5.0,,4.0,17538.0,Nissan,Otomatik,Dizel,SUV,Önden Çekiş,Sahibinden,1375000.0,1406734,1375000,-31734,-2.3,MAKUL
2016,239000.0,1598.0,130.0,,11.4,,4643.0,1820.0,1695.0,,7.0,,4.0,19938.0,Nissan,Otomatik,Dizel,SUV,Önden Çekiş,Sahibinden,1115000.0,1147423,1115000,-32423,-2.8,MAKUL
2012,169000.0,1598.0,117.0,,13.0,,4330.0,1780.0,1615.0,,5.0,,4.0,15761.0,Nissan,Otomatik,LPG & Benzin,SUV,Önden Çekiş,Sahibinden,825000.0,854716,825000,-29716,-3.5,MAKUL
2014,189000.0,1461.0,110.0,,12.4,,4379.0,1800.0,1590.0,,5.0,,4.0,18918.0,Nissan,Düz,Dizel,SUV,Önden Çekiş,Sahibinden,1040000.0,1155134,1040000,-115134,-10.0,MAKUL
2024,30726.0,999.0,115.0,,11.8,,4210.0,1800.0,1595.0,,5.0,,3.0,16173.0,Nissan,Yarı Otomatik,Benzin,SUV,Önden Çekiş,Galeriden,1565000.0,1547167,1565000,17832,1.2,MAKUL
2011,97000.0,1598.0,115.0,,12.0,,4315.0,1780.0,1615.0,,5.0,,4.0,15761.0,Nissan,Düz,Benzin,SUV,Önden Çekiş,Sahibinden,890000.0,898692,890000,-8692,-1.0,MAKUL
2013,180000.0,1461.0,110.0,,12.2,,4330.0,1783.0,1615.0,,5.0,,4.0,15761.0,Nissan,Düz,Dizel,SUV,Önden Çekiş,Sahibinden,925000.0,962830,925000,-37830,-3.9,MAKUL
2011,198000.0,1461.0,110.0,,12.2,,4330.0,1783.0,1615.0,,5.0,,4.0,13348.0,Nissan,Düz,Dizel,SUV,Önden Çekiş,Sahibinden,900000.0,874677,900000,25322,2.9,MAKUL
2020,90580.0,1461.0,115.0,,13.0,,4394.0,1806.0,1590.0,,5.0,,4.0,16546.0,Nissan,Yarı Otomatik,Dizel,SUV,Önden Çekiş,Galeriden,1598000.0,1618139,1598000,-20139,-1.2,MAKUL
2010,230000.0,1995.0,150.0,,12.5,,4635.0,1790.0,1700.0,,5.0,,4.0,15946.0,Nissan,Otomatik,Dizel,SUV,4WD (Sürekli),Sahibinden,1150000.0,1133545,1150000,16455,1.5,MAKUL
2011,107000.0,1598.0,117.0,,11.0,,4135.0,1765.0,1570.0,,5.0,,4.0,17260.0,Nissan,Düz,Benzin,SUV,Önden Çekiş,Sahibinden,780000.0,801164,780000,-21164,-2.6,MAKUL
2011,163800.0,1598.0,117.0,,11.5,,4135.0,1765.0,1570.0,,5.0,,4.0,16754.0,Nissan,Otomatik,LPG & Benzin,SUV,Önden Çekiş,Sahibinden,920000.0,911474,920000,8525,0.9,MAKUL
2016,202500.0,1598.0,130.0,,10.5,,4379.0,1800.0,1590.0,,5.0,,4.0,18918.0,Nissan,Düz,Dizel,SUV,Önden Çekiş,Sahibinden,1390000.0,1366641,1390000,23358,1.7,MAKUL
2009,351625.0,1461.0,106.0,,12.2,,4315.0,1780.0,1615.0,,5.0,,4.0,13348.0,Nissan,Düz,Dizel,SUV,Önden Çekiş,Sahibinden,650000.0,740294,650000,-90294,-12.2,FIRSAT
2016,135000.0,1197.0,115.0,,12.9,,4379.0,1800.0,1590.0,,5.0,,4.0,18918.0,Nissan,Otomatik,Benzin,SUV,Önden Çekiş,Sahibinden,1250000.0,1270541,1250000,-20541,-1.6,MAKUL
2019,125600.0,1332.0,160.0,,10.1,,4394.0,1806.0,1590.0,,5.0,,4.0,16546.0,Nissan,Yarı Otomatik,Benzin,SUV,Önden Çekiş,Sahibinden,1535000.0,1678867,1535000,-143867,-8.6,MAKUL
2025,7900.0,1591.0,130.0,,11.5,,4394.0,1806.0,1615.0,,5.0,,4.0,15946.0,Nissan,Otomatik,Benzin,Crossover,Önden Çekiş,Sahibinden,1730000.0,1781048,1730000,-51048,-2.9,MAKUL
2023,67000.0,1497.0,190.0,,7.9,,4425.0,1835.0,1625.0,,5.0,,3.0,16769.0,Nissan,Otomatik,Hibrit,SUV,Önden Çekiş,Sahibinden,2160000.0,2168968,2160000,-8968,-0.4,MAKUL
2013,80000.0,1598.0,117.0,,13.0,,4330.0,1780.0,1615.0,,5.0,,4.0,15761.0,Nissan,Otomatik,LPG & Benzin,SUV,Önden Çekiş,Sahibinden,1025000.0,1046897,1025000,-21897,-2.1,MAKUL
2013,244000.0,1461.0,110.0,,12.2,,4541.0,1780.0,1645.0,,7.0,,4.0,14969.0,Nissan,Düz,Dizel,SUV,Önden Çekiş,Sahibinden,925000.0,932124,925000,-7124,-0.8,MAKUL
2012,114000.0,1598.0,117.0,,13.0,,4330.0,1780.0,1615.0,,5.0,,4.0,15761.0,Nissan,Otomatik,Benzin,SUV,Önden Çekiş,Sahibinden,980000.0,991231,980000,-11231,-1.1,MAKUL
2016,215000.0,1598.0,130.0,,10.7,,4379.0,1800.0,1590.0,,5.0,,4.0,17977.0,Nissan,Otomatik,Dizel,SUV,Önden Çekiş,Sahibinden,1380000.0,1346244,1380000,33755,2.5,MAKUL
2014,138000.0,1461.0,110.0,,12.4,,4379.0,1800.0,1590.0,,5.0,,4.0,15591.0,Nissan,Düz,Dizel,SUV,Önden Çekiş,Sahibinden,1385000.0,1364311,1385000,20688,1.5,MAKUL
2018,141000.0,1598.0,130.0,,11.1,,4394.0,1806.0,1590.0,,5.0,,4.0,17538.0,Nissan,Otomatik,Dizel,SUV,Önden Çekiş,Galeriden,1460000.0,1493908,1460000,-33908,-2.3,MAKUL
2023,25900.0,1332.0,158.0,,9.2,,4425.0,1848.0,1625.0,,5.0,,4.0,15528.0,Nissan,Otomatik,Benzin,SUV,Önden Çekiş,Sahibinden,1965000.0,1979024,1965000,-14024,-0.7,MAKUL
2011,146500.0,1598.0,115.0,,11.8,,4330.0,1783.0,1615.0,,5.0,,4.0,13348.0,Nissan,Düz,LPG & Benzin,SUV,Önden Çekiş,Sahibinden,870000.0,956640,870000,-86640,-9.1,MAKUL
2012,238000.0,1461.0,110.0,,12.2,,4330.0,1783.0,1615.0,,5.0,,4.0,13348.0,Nissan,Düz,Dizel,SUV,Önden Çekiş,Sahibinden,699000.0,747874,699000,-48874,-6.5,MAKUL
2018,181000.0,1598.0,130.0,,11.1,,4394.0,1806.0,1590.0,,5.0,,4.0,17538.0,Nissan,Otomatik,Dizel,SUV,Önden Çekiş,Sahibinden,1300000.0,1380646,1300000,-80646,-5.8,MAKUL
2017,234000.0,1598.0,130.0,,11.1,,4394.0,1806.0,1590.0,,5.0,,4.0,17538.0,Nissan,Otomatik,Dizel,SUV,Önden Çekiş,Sahibinden,1150000.0,1167269,1150000,-17269,-1.5,MAKUL
2018,54000.0,1461.0,110.0,,11.9,,4394.0,1806.0,1590.0,,5.0,,4.0,14536.0,Nissan,Düz,Dizel,SUV,Önden Çekiş,Sahibinden,1650000.0,1648745,1650000,1254,0.1,MAKUL
2018,88430.0,1598.0,130.0,,11.4,,4690.0,1820.0,1710.0,,5.0,,4.0,20908.0,Nissan,Otomatik,Dizel,SUV,Önden Çekiş,Sahibinden,1800000.0,1772884,1800000,27115,1.5,MAKUL
2021,49000.0,2298.0,190.0,,10.8,,5330.0,1850.0,1840.0,,5.0,,4.0,15946.0,Nissan,Otomatik,Dizel,Hard top,4WD (Sürekli),Sahibinden,1950000.0,1963113,1950000,-13113,-0.7,MAKUL
2012,180000.0,1461.0,110.0,,12.2,,4330.0,1783.0,1615.0,,5.0,,4.0,15761.0,Nissan,Düz,Dizel,SUV,Önden Çekiş,Sahibinden,900000.0,877812,900000,22187,2.5,MAKUL
2011,230000.0,1461.0,110.0,,11.3,,4135.0,1765.0,1570.0,,5.0,,4.0,16754.0,Nissan,Düz,Dizel,SUV,Önden Çekiş,Sahibinden,630000.0,663505,630000,-33505,-5.0,MAKUL
2014,160000.0,1197.0,115.0,,11.3,,4379.0,1800.0,1590.0,,5.0,,4.0,17977.0,Nissan,Düz,Benzin,SUV,Önden Çekiş,Sahibinden,1000000.0,1022680,1000000,-22680,-2.2,MAKUL
2014,177000.0,1461.0,110.0,,12.2,,4330.0,1783.0,1615.0,,5.0,,4.0,14969.0,Nissan,Düz,Dizel,SUV,Önden Çekiş,Sahibinden,1300000.0,1266303,1300000,33696,2.7,MAKUL
2011,122500.0,1461.0,106.0,,12.2,,4315.0,1780.0,1615.0,,5.0,,4.0,13348.0,Nissan,Düz,Dizel,SUV,Önden Çekiş,Sahibinden,765000.0,883637,765000,-118637,-13.4,FIRSAT
2011,122000.0,1461.0,106.0,,12.2,,4315.0,1780.0,1615.0,,5.0,,4.0,13348.0,Nissan,Düz,Dizel,SUV,Önden Çekiş,Sahibinden,765000.0,885387,765000,-120387,-13.6,FIRSAT
2014,196000.0,1591.0,130.0,,11.5,,4394.0,1806.0,1615.0,,5.0,,4.0,15946.0,Nissan,Otomatik,Dizel,SUV,Önden Çekiş,Galeriden,1229000.0,1201578,1229000,27421,2.3,MAKUL
2016,146000.0,1591.0,130.0,,11.5,,4394.0,1806.0,1615.0,,5.0,,4.0,15946.0,Nissan,Otomatik,Dizel,SUV,Önden Çekiş,Galeriden,1030000.0,1202493,1030000,-172493,-14.3,FIRSAT
2020,257000.0,1461.0,115.0,,13.0,,4394.0,1806.0,1590.0,,5.0,,4.0,15261.0,Nissan,Yarı Otomatik,Dizel,SUV,Önden Çekiş,Galeriden,1385000.0,1407400,1385000,-22400,-1.6,MAKUL
2020,109000.0,1332.0,160.0,,10.1,,4394.0,1806.0,1590.0,,5.0,,4.0,15261.0,Nissan,Yarı Otomatik,Benzin,SUV,Önden Çekiş,Galeriden,1499900.0,1509066,1499900,-9166,-0.6,MAKUL
2012,323000.0,1461.0,106.0,,12.2,,4315.0,1780.0,1615.0,,5.0,,4.0,13348.0,Nissan,Düz,Dizel,SUV,Önden Çekiş,Galeriden,750000.0,733419,750000,16580,2.3,MAKUL
2012,187000.0,1461.0,106.0,,12.2,,4315.0,1780.0,1615.0,,5.0,,4.0,13348.0,Nissan,Düz,Dizel,SUV,Önden Çekiş,Galeriden,975000.0,936750,975000,38249,4.1,MAKUL
2017,129000.0,1591.0,130.0,,11.5,,4394.0,1806.0,1615.0,,5.0,,4.0,15946.0,Nissan,Otomatik,Benzin,Crossover,Önden Çekiş,Galeriden,1070000.0,1078925,1070000,-8925,-0.8,MAKUL
2014,137000.0,1197.0,115.0,,12.9,,4379.0,1800.0,1590.0,,5.0,,4.0,18918.0,Nissan,Otomatik,Benzin,SUV,Önden Çekiş,Galeriden,1349000.0,1314744,1349000,34255,2.6,MAKUL
2018,156636.0,1591.0,130.0,,11.5,,4394.0,1806.0,1615.0,,5.0,,4.0,15946.0,Nissan,Otomatik,Dizel,SUV,Önden Çekiş,Galeriden,1489000.0,1486121,1489000,2878,0.2,MAKUL
2015,220000.0,1591.0,130.0,,11.5,,4394.0,1806.0,1615.0,,5.0,,4.0,15946.0,Nissan,Düz,Dizel,SUV,Önden Çekiş,Galeriden,940000.0,986129,940000,-46129,-4.7,MAKUL
2024,15000.0,1332.0,158.0,,9.2,,4425.0,1848.0,1625.0,,5.0,,4.0,18751.0,Nissan,Otomatik,Benzin,SUV,Önden Çekiş,Galeriden,2195000.0,2239703,2195000,-44703,-2.0,MAKUL
2018,55000.0,1461.0,110.0,,11.2,,4135.0,1765.0,1565.0,,5.0,,4.0,14518.0,Nissan,Düz,Dizel,SUV,Önden Çekiş,Galeriden,1135000.0,1137420,1135000,-2420,-0.2,MAKUL
2024,30000.0,999.0,115.0,,11.8,,4210.0,1800.0,1595.0,,5.0,,3.0,16173.0,Nissan,Yarı Otomatik,Benzin,SUV,Önden Çekiş,Galeriden,1515000.0,1526351,1515000,-11351,-0.7,MAKUL
2016,229000.0,1598.0,130.0,,10.7,,4379.0,1800.0,1590.0,,5.0,,4.0,17538.0,Nissan,Otomatik,Dizel,SUV,Önden Çekiş,Galeriden,1215000.0,1216241,1215000,-1241,-0.1,MAKUL
2023,86000.0,1591.0,130.0,,11.5,,4394.0,1806.0,1615.0,,5.0,,4.0,15946.0,Nissan,Otomatik,Benzin,SUV,Önden Çekiş,Galeriden,1969000.0,1941684,1969000,27315,1.4,MAKUL
2009,296500.0,1591.0,130.0,,11.5,,4394.0,1806.0,1615.0,,5.0,,4.0,15946.0,Nissan,Otomatik,Dizel,SUV,Arkadan İtiş,Galeriden,610000.0,622166,610000,-12166,-2.0,MAKUL
2017,191000.0,1461.0,110.0,,11.2,,4135.0,1765.0,1565.0,,5.0,,4.0,16754.0,Nissan,Düz,Dizel,SUV,Önden Çekiş,Galeriden,749000.0,768756,749000,-19756,-2.6,MAKUL
2015,120000.0,1591.0,130.0,,11.5,,4394.0,1806.0,1615.0,,5.0,,4.0,15946.0,Nissan,Düz,Dizel,Crossover,Önden Çekiş,Galeriden,935000.0,957278,935000,-22278,-2.3,MAKUL
2016,82000.0,1591.0,130.0,,11.5,,4394.0,1806.0,1615.0,,5.0,,4.0,15946.0,Nissan,Düz,Dizel,SUV,Önden Çekiş,Galeriden,1425000.0,1431060,1425000,-6060,-0.4,MAKUL
2020,119561.0,1332.0,160.0,,10.1,,4394.0,1806.0,1590.0,,5.0,,4.0,15261.0,Nissan,Yarı Otomatik,Benzin,SUV,Önden Çekiş,Galeriden,1287750.0,1361461,1287750,-73711,-5.4,MAKUL
2014,200000.0,1598.0,130.0,,10.7,,4379.0,1800.0,1590.0,,5.0,,4.0,17977.0,Nissan,Otomatik,Dizel,SUV,Önden Çekiş,Galeriden,1275000.0,1244938,1275000,30061,2.4,MAKUL
2019,40000.0,1591.0,130.0,,11.5,,4394.0,1806.0,1615.0,,5.0,,4.0,15946.0,Nissan,Otomatik,Dizel,SUV,AWD (Elektronik),Galeriden,1940000.0,1927940,1940000,12059,0.6,MAKUL
2021,73500.0,999.0,115.0,,10.7,,4210.0,1800.0,1595.0,,5.0,,3.0,11957.0,Nissan,Düz,Benzin,SUV,Önden Çekiş,Galeriden,1167500.0,1191259,1167500,-23759,-2.0,MAKUL
2017,68000.0,1591.0,130.0,,11.5,,4394.0,1806.0,1615.0,,5.0,,4.0,15946.0,Nissan,Düz,Dizel,SUV,Önden Çekiş,Galeriden,1465000.0,1497482,1465000,-32482,-2.2,MAKUL
2017,231000.0,1591.0,130.0,,11.5,,4394.0,1806.0,1615.0,,5.0,,4.0,15946.0,Nissan,Düz,Dizel,SUV,Önden Çekiş,Galeriden,1170000.0,1167569,1170000,2430,0.2,MAKUL
2016,211000.0,1598.0,130.0,,11.4,,4643.0,1820.0,1695.0,,7.0,,4.0,16177.0,Nissan,Otomatik,Dizel,SUV,Önden Çekiş,Galeriden,1370000.0,1303364,1370000,66635,5.1,MAKUL
2011,447000.0,1591.0,130.0,,11.5,,4394.0,1806.0,1615.0,,5.0,,4.0,15946.0,Nissan,Düz,Dizel,SUV,Arkadan İtiş,Galeriden,575000.0,597718,575000,-22718,-3.8,MAKUL
2018,115000.0,1591.0,130.0,,11.5,,4394.0,1806.0,1615.0,,5.0,,4.0,15946.0,Nissan,Otomatik,Dizel,SUV,Önden Çekiş,Galeriden,1375000.0,1580826,1375000,-205826,-13.0,FIRSAT
2008,230000.0,1598.0,115.0,,12.0,,4315.0,1780.0,1615.0,,5.0,,4.0,13348.0,Nissan,Düz,LPG & Benzin,SUV,Önden Çekiş,Galeriden,740000.0,739812,740000,187,0.0,MAKUL
2018,176000.0,1591.0,130.0,,11.5,,4394.0,1806.0,1615.0,,5.0,,4.0,15946.0,Nissan,Otomatik,Dizel,SUV,Önden Çekiş,Galeriden,1498000.0,1480243,1498000,17756,1.2,MAKUL
2011,219000.0,1591.0,130.0,,11.5,,4394.0,1806.0,1615.0,,5.0,,4.0,15946.0,Nissan,Düz,Dizel,SUV,Önden Çekiş,Yetkili Bayiden,789500.0,786552,789500,2947,0.4,MAKUL
2016,117000.0,1461.0,110.0,,11.2,,4135.0,1765.0,1565.0,,5.0,,4.0,16754.0,Nissan,Düz,Dizel,SUV,Önden Çekiş,Galeriden,849000.0,853070,849000,-4070,-0.5,MAKUL
2012,151000.0,1461.0,110.0,,12.2,,4330.0,1783.0,1615.0,,5.0,,4.0,15761.0,Nissan,Düz,Dizel,SUV,Önden Çekiş,Galeriden,975000.0,990961,975000,-15961,-1.6,MAKUL
2012,139000.0,1598.0,115.0,,11.8,,4330.0,1783.0,1615.0,,5.0,,4.0,14969.0,Nissan,Düz,LPG & Benzin,SUV,Önden Çekiş,Sahibinden,1075000.0,1062889,1075000,12110,1.1,MAKUL
2013,244000.0,1461.0,110.0,,12.2,,4541.0,1780.0,1645.0,,7.0,,4.0,14969.0,Nissan,Düz,Dizel,SUV,Önden Çekiş,Sahibinden,925000.0,932124,925000,-7124,-0.8,MAKUL
2012,114000.0,1598.0,117.0,,13.0,,4330.0,1780.0,1615.0,,5.0,,4.0,15761.0,Nissan,Otomatik,Benzin,SUV,Önden Çekiş,Sahibinden,980000.0,991231,980000,-11231,-1.1,MAKUL
2016,215000.0,1598.0,130.0,,10.7,,4379.0,1800.0,1590.0,,5.0,,4.0,17977.0,Nissan,Otomatik,Dizel,SUV,Önden Çekiş,Sahibinden,1380000.0,1346244,1380000,33755,2.5,MAKUL
2014,138000.0,1461.0,110.0,,12.4,,4379.0,1800.0,1590.0,,5.0,,4.0,15591.0,Nissan,Düz,Dizel,SUV,Önden Çekiş,Sahibinden,1385000.0,1364311,1385000,20688,1.5,MAKUL
2018,141000.0,1598.0,130.0,,11.1,,4394.0,1806.0,1590.0,,5.0,,4.0,17538.0,Nissan,Otomatik,Dizel,SUV,Önden Çekiş,Galeriden,1460000.0,1493908,1460000,-33908,-2.3,MAKUL
2023,25900.0,1332.0,158.0,,9.2,,4425.0,1848.0,1625.0,,5.0,,4.0,15528.0,Nissan,Otomatik,Benzin,SUV,Önden Çekiş,Sahibinden,1965000.0,1979024,1965000,-14024,-0.7,MAKUL
2011,146500.0,1598.0,115.0,,11.8,,4330.0,1783.0,1615.0,,5.0,,4.0,13348.0,Nissan,Düz,LPG & Benzin,SUV,Önden Çekiş,Sahibinden,870000.0,956640,870000,-86640,-9.1,MAKUL
2012,238000.0,1461.0,110.0,,12.2,,4330.0,1783.0,1615.0,,5.0,,4.0,13348.0,Nissan,Düz,Dizel,SUV,Önden Çekiş,Sahibinden,699000.0,747874,699000,-48874,-6.5,MAKUL
2018,181000.0,1598.0,130.0,,11.1,,4394.0,1806.0,1590.0,,5.0,,4.0,17538.0,Nissan,Otomatik,Dizel,SUV,Önden Çekiş,Sahibinden,1300000.0,1380646,1300000,-80646,-5.8,MAKUL
2017,234000.0,1598.0,130.0,,11.1,,4394.0,1806.0,1590.0,,5.0,,4.0,17538.0,Nissan,Otomatik,Dizel,SUV,Önden Çekiş,Sahibinden,1150000.0,1167269,1150000,-17269,-1.5,MAKUL
2018,54000.0,1461.0,110.0,,11.9,,4394.0,1806.0,1590.0,,5.0,,4.0,14536.0,Nissan,Düz,Dizel,SUV,Önden Çekiş,Sahibinden,1650000.0,1648745,1650000,1254,0.1,MAKUL
2018,88430.0,1598.0,130.0,,11.4,,4690.0,1820.0,1710.0,,5.0,,4.0,20908.0,Nissan,Otomatik,Dizel,SUV,Önden Çekiş,Sahibinden,1800000.0,1772884,1800000,27115,1.5,MAKUL
2021,49000.0,2298.0,190.0,,10.8,,5330.0,1850.0,1840.0,,5.0,,4.0,15946.0,Nissan,Otomatik,Dizel,Hard top,4WD (Sürekli),Sahibinden,1950000.0,1963113,1950000,-13113,-0.7,MAKUL
2012,180000.0,1461.0,110.0,,12.2,,4330.0,1783.0,1615.0,,5.0,,4.0,15761.0,Nissan,Düz,Dizel,SUV,Önden Çekiş,Sahibinden,900000.0,877812,900000,22187,2.5,MAKUL
2011,230000.0,1461.0,110.0,,11.3,,4135.0,1765.0,1570.0,,5.0,,4.0,16754.0,Nissan,Düz,Dizel,SUV,Önden Çekiş,Sahibinden,630000.0,663505,630000,-33505,-5.0,MAKUL
2014,160000.0,1197.0,115.0,,11.3,,4379.0,1800.0,1590.0,,5.0,,4.0,17977.0,Nissan,Düz,Benzin,SUV,Önden Çekiş,Sahibinden,1000000.0,1022680,1000000,-22680,-2.2,MAKUL
2014,177000.0,1461.0,110.0,,12.2,,4330.0,1783.0,1615.0,,5.0,,4.0,14969.0,Nissan,Düz,Dizel,SUV,Önden Çekiş,Sahibinden,1300000.0,1266303,1300000,33696,2.7,MAKUL
2011,122500.0,1461.0,106.0,,12.2,,4315.0,1780.0,1615.0,,5.0,,4.0,13348.0,Nissan,Düz,Dizel,SUV,Önden Çekiş,Sahibinden,765000.0,883637,765000,-118637,-13.4,FIRSAT
2011,122000.0,1461.0,106.0,,12.2,,4315.0,1780.0,1615.0,,5.0,,4.0,13348.0,Nissan,Düz,Dizel,SUV,Önden Çekiş,Sahibinden,765000.0,885387,765000,-120387,-13.6,FIRSAT
2013,230000.0,1591.0,130.0,,11.5,,4394.0,1806.0,1615.0,,5.0,,4.0,15946.0,Nissan,Otomatik,Benzin,SUV,Önden Çekiş,Sahibinden,845000.0,880569,845000,-35569,-4.0,MAKUL
2024,16000.0,1332.0,158.0,,9.2,,4425.0,1848.0,1625.0,,5.0,,4.0,18751.0,Nissan,Otomatik,Benzin,SUV,Önden Çekiş,Galeriden,2550000.0,2448952,2550000,101047,4.1,MAKUL
2024,35000.0,999.0,115.0,,11.8,,4210.0,1800.0,1595.0,,5.0,,3.0,11957.0,Nissan,Yarı Otomatik,Benzin,SUV,Önden Çekiş,Galeriden,1500000.0,1482529,1500000,17470,1.2,MAKUL
2012,283000.0,1461.0,110.0,,11.3,,4135.0,1765.0,1570.0,,5.0,,4.0,16754.0,Nissan,Düz,Dizel,SUV,Önden Çekiş,Galeriden,590000.0,609399,590000,-19399,-3.2,MAKUL
2010,206000.0,1591.0,130.0,,11.5,,4394.0,1806.0,1615.0,,5.0,,4.0,15946.0,Nissan,Düz,LPG & Benzin,SUV,Önden Çekiş,Galeriden,740000.0,799264,740000,-59264,-7.4,MAKUL
2011,185000.0,1598.0,117.0,,11.5,,4135.0,1765.0,1570.0,,5.0,,4.0,16754.0,Nissan,Otomatik,LPG & Benzin,SUV,Önden Çekiş,Galeriden,875000.0,879174,875000,-4174,-0.5,MAKUL
2012,113000.0,1591.0,130.0,,11.5,,4394.0,1806.0,1615.0,,5.0,,4.0,15946.0,Nissan,Düz,Dizel,Crossover,Önden Çekiş,Galeriden,870000.0,878961,870000,-8961,-1.0,MAKUL
2014,246000.0,1591.0,130.0,,11.5,,4394.0,1806.0,1615.0,,5.0,,4.0,15946.0,Nissan,Düz,Dizel,SUV,Önden Çekiş,Galeriden,980000.0,1047781,980000,-67781,-6.5,MAKUL
2014,138000.0,1591.0,130.0,,11.5,,4394.0,1806.0,1615.0,,5.0,,4.0,15946.0,Nissan,Otomatik,Dizel,SUV,Önden Çekiş,Galeriden,1099000.0,1160666,1099000,-61666,-5.3,MAKUL
2014,155000.0,1598.0,117.0,,11.5,,4135.0,1765.0,1565.0,,5.0,,4.0,13260.0,Nissan,Otomatik,Benzin,SUV,Önden Çekiş,Galeriden,1035000.0,1039560,1035000,-4560,-0.4,MAKUL
2013,75000.0,1598.0,117.0,,11.5,,4135.0,1765.0,1570.0,,5.0,,4.0,14518.0,Nissan,Otomatik,Benzin,SUV,Önden Çekiş,Galeriden,965000.0,980318,965000,-15318,-1.6,MAKUL
1999,357000.0,1591.0,130.0,,11.5,,4394.0,1806.0,1615.0,,5.0,,4.0,15946.0,Nissan,Düz,Dizel,SUV,Arkadan İtiş,Galeriden,445000.0,454466,445000,-9466,-2.1,MAKUL
2023,50000.0,999.0,115.0,,11.8,,4210.0,1800.0,1595.0,,5.0,,3.0,16173.0,Nissan,Yarı Otomatik,Benzin,SUV,Önden Çekiş,Galeriden,1399950.0,1412999,1399950,-13049,-0.9,MAKUL
2015,145000.0,1591.0,130.0,,11.5,,4394.0,1806.0,1615.0,,5.0,,4.0,15946.0,Nissan,Otomatik,LPG & Benzin,Crossover,Önden Çekiş,Galeriden,985000.0,1007691,985000,-22691,-2.3,MAKUL
2025,8000.0,1591.0,130.0,,11.5,,4394.0,1806.0,1615.0,,5.0,,4.0,15946.0,Nissan,Otomatik,Benzin,SUV,AWD (Elektronik),Galeriden,2545000.0,2565909,2545000,-20909,-0.8,MAKUL
2013,93000.0,1591.0,130.0,,11.5,,4394.0,1806.0,1615.0,,5.0,,4.0,15946.0,Nissan,Düz,Dizel,Crossover,Önden Çekiş,Galeriden,859000.0,877334,859000,-18334,-2.1,MAKUL
2018,104000.0,1591.0,130.0,,11.5,,4394.0,1806.0,1615.0,,5.0,,4.0,15946.0,Nissan,Otomatik,Dizel,SUV,Önden Çekiş,Galeriden,1849000.0,1687568,1849000,161431,9.6,MAKUL
2025,6001.0,1332.0,158.0,,9.2,,4425.0,1848.0,1625.0,,5.0,,4.0,15528.0,Nissan,Yarı Otomatik,Hibrit,SUV,Önden Çekiş,Galeriden,2350000.0,2279368,2350000,70631,3.1,MAKUL
2015,130000.0,1197.0,115.0,,12.9,,4379.0,1800.0,1590.0,,5.0,,4.0,14536.0,Nissan,Otomatik,Benzin,SUV,Önden Çekiş,Galeriden,1155000.0,1223918,1155000,-68918,-5.6,MAKUL
2014,163000.0,1598.0,130.0,,11.4,,4643.0,1820.0,1695.0,,7.0,,4.0,19938.0,Nissan,Otomatik,Dizel,SUV,Önden Çekiş,Galeriden,1469900.0,1393815,1469900,76084,5.5,MAKUL
2023,84000.0,999.0,115.0,,11.8,,4210.0,1800.0,1595.0,,5.0,,3.0,11957.0,Nissan,Yarı Otomatik,Benzin,SUV,Önden Çekiş,Galeriden,1279000.0,1291344,1279000,-12344,-1.0,MAKUL
2024,32994.0,999.0,115.0,,11.8,,4210.0,1800.0,1595.0,,5.0,,3.0,11957.0,Nissan,Yarı Otomatik,Benzin,SUV,Önden Çekiş,Galeriden,1449750.0,1451028,1449750,-1278,-0.1,MAKUL
2017,179000.0,1591.0,130.0,,11.5,,4394.0,1806.0,1615.0,,5.0,,4.0,15946.0,Nissan,Otomatik,Dizel,SUV,Önden Çekiş,Galeriden,1359000.0,1423444,1359000,-64444,-4.5,MAKUL
2022,54000.0,1591.0,130.0,,11.5,,4394.0,1806.0,1615.0,,5.0,,4.0,15946.0,Nissan,Otomatik,Benzin,SUV,Önden Çekiş,Galeriden,1975000.0,2052383,1975000,-77383,-3.8,MAKUL
2020,38000.0,1332.0,160.0,,10.1,,4394.0,1806.0,1590.0,,5.0,,4.0,16546.0,Nissan,Yarı Otomatik,Benzin,SUV,Önden Çekiş,Galeriden,1540000.0,1713159,1540000,-173159,-10.1,FIRSAT
2016,92000.0,1591.0,130.0,,11.5,,4394.0,1806.0,1615.0,,5.0,,4.0,15946.0,Nissan,Otomatik,Benzin,SUV,Önden Çekiş,Galeriden,1270000.0,1297001,1270000,-27001,-2.1,MAKUL
2014,138000.0,1197.0,115.0,,12.9,,4379.0,1800.0,1590.0,,5.0,,4.0,14536.0,Nissan,Otomatik,Benzin,SUV,Önden Çekiş,Galeriden,1150000.0,1183129,1150000,-33129,-2.8,MAKUL
2018,310000.0,1461.0,110.0,,11.2,,4135.0,1765.0,1565.0,,5.0,,4.0,14518.0,Nissan,Düz,Dizel,SUV,Önden Çekiş,Galeriden,760000.0,767683,760000,-7683,-1.0,MAKUL
2024,26000.0,999.0,115.0,,11.8,,4210.0,1800.0,1595.0,,5.0,,3.0,16173.0,Nissan,Yarı Otomatik,Benzin,SUV,Önden Çekiş,Galeriden,1576500.0,1568771,1576500,7728,0.5,MAKUL
2017,250000.0,1591.0,130.0,,11.5,,4394.0,1806.0,1615.0,,5.0,,4.0,15946.0,Nissan,Düz,Dizel,SUV,Önden Çekiş,Galeriden,1065000.0,1085422,1065000,-20422,-1.9,MAKUL
2023,107000.0,1591.0,130.0,,11.5,,4394.0,1806.0,1615.0,,5.0,,4.0,15946.0,Nissan,Otomatik,Benzin,SUV,Önden Çekiş,Galeriden,1687500.0,1737689,1687500,-50189,-2.9,MAKUL
2015,207000.0,1197.0,115.0,,10.8,,4135.0,1765.0,1565.0,,5.0,,4.0,14518.0,Nissan,Düz,Benzin,SUV,Önden Çekiş,Galeriden,635000.0,660314,635000,-25314,-3.8,MAKUL
2020,113000.0,1332.0,160.0,,10.1,,4394.0,1806.0,1590.0,,5.0,,4.0,16546.0,Nissan,Yarı Otomatik,Benzin,SUV,Önden Çekiş,Galeriden,1483900.0,1529467,1483900,-45567,-3.0,MAKUL
2014,123000.0,1591.0,130.0,,11.5,,4394.0,1806.0,1615.0,,5.0,,4.0,15946.0,Nissan,Düz,Dizel,SUV,Önden Çekiş,Galeriden,1350000.0,1116873,1350000,233126,20.9,PAHALI
2018,62000.0,1591.0,130.0,,11.5,,4394.0,1806.0,1615.0,,5.0,,4.0,15946.0,Nissan,Otomatik,Benzin,SUV,Önden Çekiş,Galeriden,1380000.0,1389971,1380000,-9971,-0.7,MAKUL
2017,101000.0,1591.0,130.0,,11.5,,4394.0,1806.0,1615.0,,5.0,,4.0,15946.0,Nissan,Otomatik,Benzin,Crossover,Önden Çekiş,Galeriden,1065900.0,1073060,1065900,-7160,-0.7,MAKUL
2015,112000.0,1591.0,130.0,,11.5,,4394.0,1806.0,1615.0,,5.0,,4.0,15946.0,Nissan,Düz,Dizel,SUV,Önden Çekiş,Galeriden,1015000.0,1085770,1015000,-70770,-6.5,MAKUL
2025,13000.0,999.0,115.0,,11.8,,4210.0,1800.0,1595.0,,5.0,,3.0,11957.0,Nissan,Yarı Otomatik,Benzin,SUV,Önden Çekiş,Galeriden,1469000.0,1477026,1469000,-8026,-0.5,MAKUL
2024,51653.0,1332.0,158.0,,9.2,,4425.0,1848.0,1625.0,,5.0,,4.0,18751.0,Nissan,Otomatik,Benzin,SUV,Önden Çekiş,Galeriden,2269000.0,2259794,2269000,9205,0.4,MAKUL
2013,140000.0,1598.0,130.0,,10.3,,4330.0,1780.0,1615.0,,5.0,,4.0,14969.0,Nissan,Düz,Dizel,SUV,Önden Çekiş,Sahibinden,1050000.0,1058435,1050000,-8435,-0.8,MAKUL
2020,114000.0,1332.0,160.0,,10.1,,4394.0,1806.0,1590.0,,5.0,,4.0,16546.0,Nissan,Yarı Otomatik,Benzin,SUV,Önden Çekiş,Galeriden,1645000.0,1561230,1645000,83769,5.4,MAKUL
2025,6001.0,1591.0,130.0,,11.5,,4394.0,1806.0,1615.0,,5.0,,4.0,15946.0,Nissan,Otomatik,Hibrit,SUV,Önden Çekiş,Galeriden,2549000.0,2514212,2549000,34787,1.4,MAKUL
2024,11500.0,999.0,115.0,,11.8,,4210.0,1800.0,1595.0,,5.0,,3.0,16173.0,Nissan,Yarı Otomatik,Benzin,SUV,Önden Çekiş,Sahibinden,1635000.0,1636192,1635000,-1192,-0.1,MAKUL
2021,87000.0,2298.0,190.0,,10.8,,5330.0,1850.0,1840.0,,5.0,,4.0,15946.0,Nissan,Otomatik,Dizel,Hard top,4WD (Sürekli),Galeriden,1799000.0,1785442,1799000,13557,0.8,MAKUL
2015,105000.0,1591.0,130.0,,11.5,,4394.0,1806.0,1615.0,,5.0,,4.0,15946.0,Nissan,Otomatik,Dizel,SUV,Önden Çekiş,Galeriden,1495000.0,1423651,1495000,71348,5.0,MAKUL
2012,206000.0,1461.0,110.0,,12.2,,4330.0,1783.0,1615.0,,5.0,,4.0,15761.0,Nissan,Düz,Dizel,SUV,Önden Çekiş,Sahibinden,910000.0,833369,910000,76630,9.2,MAKUL
2024,27000.0,1591.0,130.0,,11.5,,4394.0,1806.0,1615.0,,5.0,,4.0,15946.0,Nissan,Otomatik,Benzin,SUV,Önden Çekiş,Galeriden,2355000.0,2202215,2355000,152784,6.9,MAKUL
2020,72000.0,1461.0,115.0,,13.0,,4394.0,1806.0,1590.0,,5.0,,4.0,15261.0,Nissan,Yarı Otomatik,Dizel,SUV,Önden Çekiş,Sahibinden,1830000.0,1826418,1830000,3581,0.2,MAKUL
2016,265000.0,2298.0,190.0,,10.8,,5330.0,1850.0,1840.0,,5.0,,4.0,15946.0,Nissan,Otomatik,Dizel,Hard top,4WD (Sürekli),Sahibinden,1100000.0,1111368,1100000,-11368,-1.0,MAKUL
2016,148000.0,1197.0,115.0,,12.9,,4379.0,1800.0,1590.0,,5.0,,4.0,18918.0,Nissan,Otomatik,Benzin,SUV,Önden Çekiş,Sahibinden,1180000.0,1231947,1180000,-51947,-4.2,MAKUL
2011,302000.0,1461.0,106.0,,12.2,,4315.0,1780.0,1615.0,,5.0,,4.0,14969.0,Nissan,Düz,Dizel,SUV,Önden Çekiş,Sahibinden,950000.0,904996,950000,45003,5.0,MAKUL
2016,159500.0,1598.0,130.0,,10.7,,4379.0,1800.0,1590.0,,5.0,,4.0,17977.0,Nissan,Otomatik,Dizel,SUV,Önden Çekiş,Sahibinden,1579900.0,1433955,1579900,145944,10.2,PAHALI
2017,64500.0,1461.0,110.0,,11.9,,4394.0,1806.0,1590.0,,5.0,,4.0,17538.0,Nissan,Düz,Dizel,SUV,Önden Çekiş,Sahibinden,1735000.0,1716235,1735000,18764,1.1,MAKUL
2007,335000.0,2488.0,144.0,,12.7,,5220.0,1850.0,1766.0,,5.0,,4.0,15946.0,Nissan,Düz,Dizel,Hard top,Arkadan İtiş,Galeriden,550000.0,545468,550000,4531,0.8,MAKUL
2012,174000.0,1598.0,117.0,,11.5,,4135.0,1765.0,1570.0,,5.0,,4.0,14518.0,Nissan,Otomatik,Benzin,SUV,Önden Çekiş,Sahibinden,960000.0,944041,960000,15958,1.7,MAKUL
2025,13500.0,1591.0,130.0,,11.5,,4394.0,1806.0,1615.0,,5.0,,4.0,15946.0,Nissan,Otomatik,Hibrit,SUV,Önden Çekiş,Sahibinden,2130000.0,2198717,2130000,-68717,-3.1,MAKUL
2010,260000.0,1461.0,106.0,,12.2,,4315.0,1780.0,1615.0,,5.0,,4.0,13348.0,Nissan,Düz,Dizel,SUV,Önden Çekiş,Sahibinden,880000.0,843792,880000,36207,4.3,MAKUL
2013,120000.0,1461.0,110.0,,12.2,,4330.0,1783.0,1615.0,,5.0,,4.0,15761.0,Nissan,Düz,Dizel,SUV,Önden Çekiş,Sahibinden,1240000.0,1235781,1240000,4218,0.3,MAKUL
2011,96500.0,1598.0,117.0,,11.5,,4135.0,1765.0,1570.0,,5.0,,4.0,16754.0,Nissan,Otomatik,Benzin,SUV,Önden Çekiş,Sahibinden,910000.0,919637,910000,-9637,-1.0,MAKUL
2018,142000.0,1461.0,110.0,,11.9,,4394.0,1806.0,1590.0,,5.0,,4.0,17538.0,Nissan,Düz,Dizel,SUV,Önden Çekiş,Sahibinden,1275000.0,1297504,1275000,-22504,-1.7,MAKUL
2017,162000.0,1591.0,130.0,,11.5,,4394.0,1806.0,1615.0,,5.0,,4.0,15946.0,Nissan,Otomatik,Dizel,SUV,Önden Çekiş,Galeriden,1500000.0,1472911,1500000,27088,1.8,MAKUL
2013,141000.0,1461.0,110.0,,11.3,,4135.0,1765.0,1570.0,,5.0,,4.0,16754.0,Nissan,Düz,Dizel,SUV,Önden Çekiş,Sahibinden,795000.0,804759,795000,-9759,-1.2,MAKUL
1998,320000.0,2494.0,83.0,,18.7,,4975.0,1690.0,1610.0,,5.0,,4.0,15946.0,Nissan,Düz,Dizel,Hard top,4WD (Sürekli),Galeriden,315000.0,338628,315000,-23628,-7.0,MAKUL
2017,142000.0,1598.0,130.0,,11.1,,4394.0,1806.0,1590.0,,5.0,,4.0,17538.0,Nissan,Otomatik,Dizel,SUV,Önden Çekiş,Sahibinden,1530000.0,1513873,1530000,16126,1.1,MAKUL
2024,59580.0,999.0,115.0,,11.8,,4210.0,1800.0,1595.0,,5.0,,3.0,11957.0,Nissan,Yarı Otomatik,Benzin,SUV,Önden Çekiş,Galeriden,1449000.0,1478684,1449000,-29684,-2.0,MAKUL
2024,29500.0,999.0,115.0,,11.8,,4210.0,1800.0,1593.0,,5.0,,3.0,16173.0,Nissan,Yarı Otomatik,Benzin,SUV,Önden Çekiş,Galeriden,1620000.0,1613260,1620000,6739,0.4,MAKUL
2024,31000.0,999.0,115.0,,11.8,,4210.0,1800.0,1595.0,,5.0,,3.0,16173.0,Nissan,Yarı Otomatik,Benzin,SUV,Önden Çekiş,Galeriden,1489900.0,1527273,1489900,-37373,-2.4,MAKUL
2024,9000.0,999.0,115.0,,11.8,,4210.0,1800.0,1595.0,,5.0,,3.0,16173.0,Nissan,Yarı Otomatik,Benzin,SUV,Önden Çekiş,Galeriden,1795000.0,1793956,1795000,1043,0.1,MAKUL
2003,303000.0,1998.0,140.0,,13.1,,4510.0,1765.0,1750.0,,5.0,,4.0,15946.0,Nissan,Otomatik,LPG & Benzin,SUV,4WD (Sürekli),Sahibinden,600000.0,597420,600000,2579,0.4,MAKUL
2016,142000.0,1197.0,115.0,,10.8,,4135.0,1765.0,1565.0,,5.0,,4.0,14518.0,Nissan,Düz,Benzin,SUV,Önden Çekiş,Sahibinden,870000.0,879328,870000,-9328,-1.1,MAKUL
2014,132000.0,1461.0,110.0,,12.4,,4379.0,1800.0,1590.0,,5.0,,4.0,15946.0,Nissan,Düz,Dizel,SUV,Önden Çekiş,Galeriden,1150000.0,1163956,1150000,-13956,-1.2,MAKUL
2011,183000.0,1598.0,115.0,,12.0,,4315.0,1783.0,1606.0,,5.0,,4.0,14280.0,Nissan,Düz,Benzin,SUV,Önden Çekiş,Sahibinden,810000.0,835286,810000,-25286,-3.0,MAKUL
2024,86683.0,1591.0,130.0,,11.5,,4394.0,1806.0,1615.0,,5.0,,4.0,15946.0,Nissan,Otomatik,Hibrit,SUV,Önden Çekiş,Galeriden,2225000.0,2226664,2225000,-1664,-0.1,MAKUL
2014,252589.0,1591.0,130.0,,11.5,,4394.0,1806.0,1615.0,,5.0,,4.0,15946.0,Nissan,Düz,Dizel,SUV,Önden Çekiş,Galeriden,875000.0,984884,875000,-109884,-11.2,FIRSAT
2016,82147.0,1591.0,130.0,,11.5,,4394.0,1806.0,1615.0,,5.0,,4.0,15946.0,Nissan,Otomatik,Benzin,SUV,Önden Çekiş,Galeriden,1335000.0,1322231,1335000,12768,1.0,MAKUL
2024,40014.0,999.0,115.0,,11.8,,4210.0,1800.0,1595.0,,5.0,,3.0,11957.0,Nissan,Yarı Otomatik,Benzin,SUV,Önden Çekiş,Galeriden,1509000.0,1493420,1509000,15579,1.0,MAKUL
2005,133000.0,2956.0,154.0,,14.0,,4242.0,1755.0,1805.0,,5.0,,4.0,15946.0,Nissan,Otomatik,Dizel,SUV,4WD (Sürekli),Sahibinden,500000.0,522575,500000,-22575,-4.3,MAKUL
2025,6010.0,1591.0,130.0,,11.5,,4394.0,1806.0,1615.0,,5.0,,4.0,15946.0,Nissan,Otomatik,Hibrit,SUV,Önden Çekiş,Sahibinden,2500000.0,2498857,2500000,1142,0.0,MAKUL
2025,6001.0,1332.0,158.0,,9.2,,4425.0,1848.0,1625.0,,5.0,,4.0,18751.0,Nissan,Otomatik,Hibrit,SUV,Önden Çekiş,Sahibinden,2620000.0,2634390,2620000,-14390,-0.5,MAKUL
2018,162000.0,1598.0,130.0,,11.1,,4394.0,1806.0,1590.0,,5.0,,4.0,14536.0,Nissan,Otomatik,Dizel,SUV,Önden Çekiş,Sahibinden,1400000.0,1429324,1400000,-29324,-2.1,MAKUL
2016,180000.0,1598.0,130.0,,10.7,,4379.0,1800.0,1590.0,,5.0,,4.0,18918.0,Nissan,Otomatik,Dizel,SUV,Önden Çekiş,Galeriden,1220000.0,1252173,1220000,-32173,-2.6,MAKUL
2018,110705.0,1591.0,130.0,,11.5,,4394.0,1806.0,1615.0,,5.0,,4.0,15946.0,Nissan,Otomatik,Dizel,SUV,Önden Çekiş,Galeriden,1475000.0,1628176,1475000,-153176,-9.4,MAKUL
2018,107500.0,1591.0,130.0,,11.5,,4394.0,1806.0,1615.0,,5.0,,4.0,15946.0,Nissan,Otomatik,Dizel,SUV,Önden Çekiş,Galeriden,1549900.0,1636519,1549900,-86619,-5.3,MAKUL
2018,127000.0,1591.0,130.0,,11.5,,4394.0,1806.0,1615.0,,5.0,,4.0,15946.0,Nissan,Otomatik,Dizel,SUV,Önden Çekiş,Galeriden,1615000.0,1586230,1615000,28769,1.8,MAKUL
2018,97000.0,1591.0,130.0,,11.5,,4394.0,1806.0,1615.0,,5.0,,4.0,15946.0,Nissan,Otomatik,Dizel,SUV,Önden Çekiş,Galeriden,1699900.0,1654865,1699900,45034,2.7,MAKUL
2018,158000.0,1591.0,130.0,,11.5,,4394.0,1806.0,1615.0,,5.0,,4.0,15946.0,Nissan,Otomatik,Dizel,SUV,Önden Çekiş,Galeriden,1534900.0,1492426,1534900,42473,2.8,MAKUL
2019,148000.0,1461.0,115.0,,13.0,,4394.0,1806.0,1590.0,,5.0,,4.0,15261.0,Nissan,Yarı Otomatik,Dizel,SUV,Önden Çekiş,Galeriden,1570000.0,1555015,1570000,14984,1.0,MAKUL
2018,154000.0,1591.0,130.0,,11.5,,4394.0,1806.0,1615.0,,5.0,,4.0,15946.0,Nissan,Düz,Dizel,SUV,Önden Çekiş,Galeriden,1465000.0,1491628,1465000,-26628,-1.8,MAKUL
2015,178000.0,1461.0,110.0,,12.4,,4379.0,1800.0,1590.0,,5.0,,4.0,17538.0,Nissan,Düz,Dizel,SUV,Önden Çekiş,Galeriden,1270000.0,1250163,1270000,19836,1.6,MAKUL
2016,225000.0,1461.0,110.0,,12.4,,4379.0,1800.0,1590.0,,5.0,,4.0,17538.0,Nissan,Düz,Dizel,SUV,Önden Çekiş,Galeriden,1210000.0,1078884,1210000,131115,12.2,PAHALI
2015,199500.0,1461.0,110.0,,12.4,,4379.0,1800.0,1590.0,,5.0,,4.0,18918.0,Nissan,Düz,Dizel,SUV,Önden Çekiş,Galeriden,1249000.0,1211773,1249000,37226,3.1,MAKUL
2020,162000.0,1461.0,115.0,,13.0,,4394.0,1806.0,1590.0,,5.0,,4.0,15261.0,Nissan,Yarı Otomatik,Dizel,SUV,Önden Çekiş,Galeriden,1599000.0,1652647,1599000,-53647,-3.2,MAKUL
2020,111000.0,1461.0,115.0,,13.0,,4394.0,1806.0,1590.0,,5.0,,4.0,15261.0,Nissan,Yarı Otomatik,Dizel,SUV,Önden Çekiş,Galeriden,1725000.0,1744660,1725000,-19660,-1.1,MAKUL
2025,6001.0,1332.0,158.0,,9.2,,4425.0,1848.0,1625.0,,5.0,,4.0,15528.0,Nissan,Yarı Otomatik,Hibrit,SUV,Önden Çekiş,Galeriden,2200000.0,2279368,2200000,-79368,-3.5,MAKUL
2025,6001.0,1332.0,158.0,,9.2,,4425.0,1848.0,1625.0,,5.0,,4.0,15528.0,Nissan,Yarı Otomatik,Hibrit,SUV,Önden Çekiş,Galeriden,2350000.0,2279368,2350000,70631,3.1,MAKUL
2016,45000.0,1591.0,130.0,,11.5,,4394.0,1806.0,1615.0,,5.0,,4.0,15946.0,Nissan,Otomatik,Benzin,SUV,Önden Çekiş,Galeriden,1465000.0,1441373,1465000,23626,1.6,MAKUL
2014,141000.0,1197.0,115.0,,11.3,,4379.0,1800.0,1590.0,,5.0,,4.0,18918.0,Nissan,Düz,Benzin,SUV,Önden Çekiş,Galeriden,975000.0,1016777,975000,-41777,-4.1,MAKUL
2018,90914.0,1591.0,130.0,,11.5,,4394.0,1806.0,1615.0,,5.0,,4.0,15946.0,Nissan,Otomatik,Benzin,SUV,Önden Çekiş,Galeriden,1500000.0,1481202,1500000,18797,1.3,MAKUL
2014,92000.0,1197.0,115.0,,12.9,,4379.0,1800.0,1590.0,,5.0,,4.0,14536.0,Nissan,Otomatik,Benzin,SUV,Önden Çekiş,Galeriden,1300000.0,1281190,1300000,18809,1.5,MAKUL
2016,197000.0,1591.0,130.0,,11.5,,4394.0,1806.0,1615.0,,5.0,,4.0,15946.0,Nissan,Otomatik,Benzin,SUV,Önden Çekiş,Galeriden,915000.0,1065387,915000,-150387,-14.1,FIRSAT
2017,135000.0,1591.0,130.0,,11.5,,4394.0,1806.0,1615.0,,5.0,,4.0,15946.0,Nissan,Otomatik,Benzin,SUV,Önden Çekiş,Galeriden,1165000.0,1240041,1165000,-75041,-6.1,MAKUL
2015,140000.0,1591.0,130.0,,11.5,,4394.0,1806.0,1615.0,,5.0,,4.0,15946.0,Nissan,Otomatik,Benzin,SUV,Önden Çekiş,Galeriden,1099000.0,1171902,1099000,-72902,-6.2,MAKUL
2012,310000.0,2488.0,163.0,,11.6,,5396.0,1848.0,1790.0,,5.0,,4.0,15946.0,Nissan,Otomatik,Dizel,Hard top,Arkadan İtiş,Galeriden,789000.0,798494,789000,-9494,-1.2,MAKUL
2021,53000.0,2298.0,190.0,,10.8,,5330.0,1850.0,1840.0,,5.0,,4.0,15946.0,Nissan,Otomatik,Dizel,Hard top,4WD (Sürekli),Galeriden,1975000.0,1980537,1975000,-5537,-0.3,MAKUL
2008,450000.0,1591.0,130.0,,11.5,,4394.0,1806.0,1615.0,,5.0,,4.0,15946.0,Nissan,Düz,Dizel,SUV,Arkadan İtiş,Galeriden,515000.0,524932,515000,-9932,-1.9,MAKUL
2016,110000.0,1591.0,130.0,,11.5,,4394.0,1806.0,1615.0,,5.0,,4.0,15946.0,Nissan,Düz,Dizel,SUV,Arkadan İtiş,Galeriden,1130000.0,1122388,1130000,7611,0.7,MAKUL
2012,210000.0,2488.0,163.0,,11.6,,5396.0,1848.0,1790.0,,5.0,,4.0,15946.0,Nissan,Otomatik,Dizel,Hard top,Arkadan İtiş,Galeriden,875000.0,873263,875000,1736,0.2,MAKUL
2016,196000.0,2298.0,190.0,,10.8,,5330.0,1850.0,1840.0,,5.0,,4.0,15946.0,Nissan,Otomatik,Dizel,Hard top,4WD (Sürekli),Galeriden,1250000.0,1284645,1250000,-34645,-2.7,MAKUL
2007,314000.0,2488.0,144.0,,12.7,,5220.0,1850.0,1766.0,,5.0,,4.0,15946.0,Nissan,Düz,Dizel,Hard top,Arkadan İtiş,Galeriden,540000.0,565174,540000,-25174,-4.5,MAKUL
2018,84300.0,1591.0,130.0,,11.5,,4394.0,1806.0,1615.0,,5.0,,4.0,15946.0,Nissan,Düz,Dizel,SUV,Önden Çekiş,Sahibinden,1765000.0,1706511,1765000,58488,3.4,MAKUL
2022,102900.0,1497.0,213.0,,7.0,,4680.0,1840.0,1725.0,,5.0,,3.0,15946.0,Nissan,Otomatik,Benzin,SUV,4WD (Sürekli),Galeriden,2549750.0,2512058,2549750,37691,1.5,MAKUL
2014,150000.0,1598.0,130.0,,11.4,,4643.0,1820.0,1695.0,,7.0,,4.0,16177.0,Nissan,Otomatik,Dizel,SUV,Önden Çekiş,Galeriden,1400000.0,1408001,1400000,-8001,-0.6,MAKUL
2020,123000.0,1332.0,160.0,,10.1,,4394.0,1806.0,1590.0,,5.0,,4.0,16546.0,Nissan,Yarı Otomatik,Benzin,SUV,Önden Çekiş,Galeriden,1419000.0,1472198,1419000,-53198,-3.6,MAKUL
2016,150000.0,1598.0,130.0,,10.7,,4379.0,1800.0,1590.0,,5.0,,4.0,17538.0,Nissan,Otomatik,Dizel,SUV,Önden Çekiş,Galeriden,1365000.0,1379568,1365000,-14568,-1.1,MAKUL
2017,218000.0,1591.0,130.0,,11.5,,4394.0,1806.0,1615.0,,5.0,,4.0,15946.0,Nissan,Otomatik,Dizel,SUV,Önden Çekiş,Galeriden,1260000.0,1259159,1260000,840,0.1,MAKUL
2012,142000.0,1598.0,117.0,,13.0,,4330.0,1780.0,1615.0,,5.0,,4.0,14969.0,Nissan,Otomatik,LPG & Benzin,SUV,Önden Çekiş,Galeriden,759900.0,800468,759900,-40568,-5.1,MAKUL
2017,107000.0,1591.0,130.0,,11.5,,4394.0,1806.0,1615.0,,5.0,,4.0,15946.0,Nissan,Düz,Dizel,Crossover,Önden Çekiş,Galeriden,995000.0,1002529,995000,-7529,-0.8,MAKUL
2013,187000.0,1591.0,130.0,,11.5,,4394.0,1806.0,1615.0,,5.0,,4.0,15946.0,Nissan,Düz,Dizel,Crossover,Önden Çekiş,Galeriden,789750.0,785734,789750,4015,0.5,MAKUL
2006,293000.0,2488.0,144.0,,12.8,,5220.0,1850.0,1766.0,,5.0,,4.0,15946.0,Nissan,Otomatik,Dizel,Hard top,Arkadan İtiş,Galeriden,575000.0,583049,575000,-8049,-1.4,MAKUL
2011,142000.0,1461.0,106.0,,12.2,,4315.0,1780.0,1615.0,,5.0,,4.0,13348.0,Nissan,Düz,Dizel,SUV,Önden Çekiş,Galeriden,1059000.0,1024056,1059000,34943,3.4,MAKUL
2024,40000.0,1591.0,130.0,,11.5,,4394.0,1806.0,1615.0,,5.0,,4.0,15946.0,Nissan,Otomatik,Hibrit,SUV,Önden Çekiş,Galeriden,2250000.0,2275737,2250000,-25737,-1.1,MAKUL
2024,47000.0,1591.0,130.0,,11.5,,4394.0,1806.0,1615.0,,5.0,,4.0,15946.0,Nissan,Otomatik,Benzin,SUV,Önden Çekiş,Galeriden,2175000.0,2192689,2175000,-17689,-0.8,MAKUL
2025,19000.0,1332.0,158.0,,9.2,,4425.0,1848.0,1625.0,,5.0,,4.0,15528.0,Nissan,Yarı Otomatik,Benzin,SUV,Önden Çekiş,Galeriden,2150000.0,2162019,2150000,-12019,-0.6,MAKUL
2017,132000.0,1591.0,130.0,,11.5,,4394.0,1806.0,1615.0,,5.0,,4.0,15946.0,Nissan,Otomatik,Benzin,SUV,Önden Çekiş,Galeriden,1239000.0,1257948,1239000,-18948,-1.5,MAKUL
2014,150000.0,1197.0,115.0,,12.9,,4379.0,1800.0,1590.0,,5.0,,4.0,14536.0,Nissan,Otomatik,Benzin,SUV,Önden Çekiş,Galeriden,1179000.0,1189712,1179000,-10712,-0.9,MAKUL
2008,245000.0,1591.0,130.0,,11.5,,4394.0,1806.0,1615.0,,5.0,,4.0,15946.0,Nissan,Düz,LPG & Benzin,SUV,Önden Çekiş,Galeriden,699000.0,704863,699000,-5863,-0.8,MAKUL
2024,41000.0,999.0,115.0,,11.8,,4210.0,1800.0,1595.0,,5.0,,3.0,16173.0,Nissan,Yarı Otomatik,Benzin,SUV,Önden Çekiş,Galeriden,1510000.0,1525496,1510000,-15496,-1.0,MAKUL
2016,195000.0,1598.0,130.0,,10.7,,4379.0,1800.0,1590.0,,5.0,,4.0,17977.0,Nissan,Otomatik,Dizel,SUV,Önden Çekiş,Galeriden,1490000.0,1342532,1490000,147467,11.0,PAHALI
2025,25000.0,1591.0,130.0,,11.5,,4394.0,1806.0,1615.0,,5.0,,4.0,15946.0,Nissan,Otomatik,Hibrit,SUV,Önden Çekiş,Galeriden,2275000.0,2341817,2275000,-66817,-2.9,MAKUL
2016,129000.0,1591.0,130.0,,11.5,,4394.0,1806.0,1615.0,,5.0,,4.0,15946.0,Nissan,Otomatik,Benzin,SUV,Önden Çekiş,Galeriden,1185000.0,1229187,1185000,-44187,-3.6,MAKUL
2022,44000.0,1591.0,130.0,,11.5,,4394.0,1806.0,1615.0,,5.0,,4.0,15946.0,Nissan,Otomatik,Benzin,SUV,Önden Çekiş,Galeriden,2020000.0,2403435,2020000,-383435,-16.0,FIRSAT
2017,83550.0,1591.0,130.0,,11.5,,4394.0,1806.0,1615.0,,5.0,,4.0,15946.0,Nissan,Otomatik,Benzin,SUV,Önden Çekiş,Galeriden,1349000.0,1373765,1349000,-24765,-1.8,MAKUL
2014,254000.0,1591.0,130.0,,11.5,,4394.0,1806.0,1615.0,,5.0,,4.0,15946.0,Nissan,Düz,Dizel,SUV,Önden Çekiş,Galeriden,1120000.0,987350,1120000,132649,13.4,PAHALI
2014,47000.0,1197.0,115.0,,11.3,,4379.0,1800.0,1590.0,,5.0,,4.0,17977.0,Nissan,Düz,Benzin,SUV,Önden Çekiş,Galeriden,1325000.0,1318672,1325000,6327,0.5,MAKUL
2021,170000.0,2298.0,190.0,,10.8,,5330.0,1850.0,1840.0,,5.0,,4.0,15946.0,Nissan,Otomatik,Dizel,Hard top,4WD (Sürekli),Galeriden,1475000.0,1506553,1475000,-31553,-2.1,MAKUL
2016,108000.0,1598.0,130.0,,10.7,,4379.0,1800.0,1590.0,,5.0,,4.0,17977.0,Nissan,Otomatik,Dizel,SUV,Önden Çekiş,Galeriden,1555000.0,1473577,1555000,81422,5.5,MAKUL
2009,345000.0,1591.0,130.0,,11.5,,4394.0,1806.0,1615.0,,5.0,,4.0,15946.0,Nissan,Düz,Dizel,SUV,Önden Çekiş,Galeriden,585000.0,599022,585000,-14022,-2.3,MAKUL
2015,179500.0,1598.0,130.0,,10.7,,4379.0,1800.0,1590.0,,5.0,,4.0,17538.0,Nissan,Otomatik,Dizel,SUV,Önden Çekiş,Galeriden,1275000.0,1277631,1275000,-2631,-0.2,MAKUL
2018,260000.0,1591.0,130.0,,11.5,,4394.0,1806.0,1615.0,,5.0,,4.0,15946.0,Nissan,Otomatik,Dizel,SUV,Önden Çekiş,Galeriden,995000.0,1234604,995000,-239604,-19.4,FIRSAT
2020,52500.0,1332.0,160.0,,10.1,,4394.0,1806.0,1590.0,,5.0,,4.0,15261.0,Nissan,Yarı Otomatik,Benzin,SUV,Önden Çekiş,Galeriden,1610000.0,1594254,1610000,15745,1.0,MAKUL
2012,231000.0,1461.0,110.0,,12.2,,4330.0,1783.0,1615.0,,5.0,,4.0,15761.0,Nissan,Düz,Dizel,SUV,Önden Çekiş,Galeriden,885000.0,877155,885000,7844,0.9,MAKUL
2009,137000.0,1598.0,115.0,,12.0,,4315.0,1780.0,1615.0,,5.0,,4.0,13348.0,Nissan,Düz,LPG & Benzin,SUV,Önden Çekiş,Galeriden,835000.0,856359,835000,-21359,-2.5,MAKUL
2013,147000.0,1591.0,130.0,,11.5,,4394.0,1806.0,1615.0,,5.0,,4.0,15946.0,Nissan,Otomatik,Benzin,SUV,Önden Çekiş,Galeriden,1050000.0,1042930,1050000,7069,0.7,MAKUL
2013,127000.0,1591.0,130.0,,11.5,,4394.0,1806.0,1615.0,,5.0,,4.0,15946.0,Nissan,Otomatik,Benzin,SUV,Önden Çekiş,Galeriden,939750.0,987587,939750,-47837,-4.8,MAKUL
2012,220000.0,1598.0,117.0,,13.0,,4330.0,1780.0,1615.0,,5.0,,4.0,15761.0,Nissan,Otomatik,LPG & Benzin,SUV,Önden Çekiş,Galeriden,879000.0,891082,879000,-12082,-1.4,MAKUL
2025,13.0,1591.0,130.0,,11.5,,4394.0,1806.0,1615.0,,5.0,,4.0,15946.0,Nissan,Otomatik,Hibrit,SUV,Önden Çekiş,Galeriden,2875000.0,2792175,2875000,82824,3.0,MAKUL
2012,267000.0,1461.0,110.0,,11.3,,4135.0,1765.0,1570.0,,5.0,,4.0,16754.0,Nissan,Düz,Dizel,SUV,Önden Çekiş,Sahibinden,630000.0,636810,630000,-6810,-1.1,MAKUL
2014,161000.0,1598.0,130.0,,10.7,,4379.0,1800.0,1590.0,,5.0,,4.0,17977.0,Nissan,Otomatik,Dizel,SUV,Önden Çekiş,Galeriden,1450000.0,1368121,1450000,81878,6.0,MAKUL
2015,199990.0,1598.0,130.0,,10.7,,4379.0,1800.0,1590.0,,5.0,,4.0,17977.0,Nissan,Otomatik,Dizel,SUV,Önden Çekiş,Galeriden,1279000.0,1252968,1279000,26031,2.1,MAKUL
2016,160000.0,1598.0,130.0,,10.7,,4379.0,1800.0,1590.0,,5.0,,4.0,17977.0,Nissan,Otomatik,Dizel,SUV,Önden Çekiş,Galeriden,1307700.0,1394986,1307700,-87286,-6.3,MAKUL
2013,183000.0,1598.0,130.0,,10.3,,4330.0,1780.0,1615.0,,5.0,,4.0,14969.0,Nissan,Düz,Dizel,SUV,Önden Çekiş,Galeriden,999000.0,1017685,999000,-18685,-1.8,MAKUL
2017,143000.0,1598.0,130.0,,11.1,,4394.0,1806.0,1590.0,,5.0,,4.0,17538.0,Nissan,Otomatik,Dizel,SUV,Önden Çekiş,Galeriden,1550000.0,1493934,1550000,56065,3.8,MAKUL
2016,241000.0,1591.0,130.0,,11.5,,4394.0,1806.0,1615.0,,5.0,,4.0,15946.0,Nissan,Otomatik,Dizel,SUV,Önden Çekiş,Galeriden,1200000.0,1196990,1200000,3009,0.3,MAKUL
2014,149000.0,1591.0,130.0,,11.5,,4394.0,1806.0,1615.0,,5.0,,4.0,15946.0,Nissan,Otomatik,Dizel,SUV,Önden Çekiş,Galeriden,1198000.0,1179690,1198000,18309,1.6,MAKUL
2016,123000.0,1591.0,130.0,,11.5,,4394.0,1806.0,1615.0,,5.0,,4.0,15946.0,Nissan,Otomatik,Dizel,SUV,Önden Çekiş,Galeriden,1390000.0,1359823,1390000,30176,2.2,MAKUL
2024,24000.0,1497.0,163.0,,9.6,,4680.0,1840.0,1725.0,,5.0,,3.0,15946.0,Nissan,Otomatik,Benzin,SUV,Önden Çekiş,Galeriden,2820000.0,2789313,2820000,30686,1.1,MAKUL
2017,179000.0,1591.0,130.0,,11.5,,4394.0,1806.0,1615.0,,5.0,,4.0,15946.0,Nissan,Otomatik,Dizel,SUV,Önden Çekiş,Galeriden,1579000.0,1423444,1579000,155555,10.9,PAHALI
2025,6200.0,1497.0,213.0,,7.0,,4680.0,1840.0,1725.0,,5.0,,3.0,15946.0,Nissan,Otomatik,Hibrit,SUV,4WD (Sürekli),Galeriden,3379000.0,3301540,3379000,77459,2.3,MAKUL
2025,18000.0,1497.0,213.0,,7.0,,4680.0,1840.0,1725.0,,5.0,,3.0,15946.0,Nissan,Otomatik,Benzin,SUV,4WD (Sürekli),Galeriden,3295000.0,3288224,3295000,6775,0.2,MAKUL
2023,81000.0,1497.0,213.0,,7.0,,4680.0,1840.0,1725.0,,5.0,,3.0,15946.0,Nissan,Otomatik,Benzin,SUV,4WD (Sürekli),Galeriden,2670000.0,2651659,2670000,18340,0.7,MAKUL
2024,29184.0,1497.0,163.0,,9.6,,4680.0,1840.0,1725.0,,5.0,,3.0,15946.0,Nissan,Otomatik,Benzin,SUV,Önden Çekiş,Yetkili Bayiden,2895950.0,2706703,2895950,189246,7.0,MAKUL
2018,29000.0,1591.0,130.0,,11.5,,4394.0,1806.0,1615.0,,5.0,,4.0,15946.0,Nissan,Otomatik,Dizel,SUV,Önden Çekiş,Galeriden,2059000.0,2003729,2059000,55270,2.8,MAKUL
2022,44906.0,1497.0,213.0,,7.0,,4680.0,1840.0,1725.0,,5.0,,3.0,15946.0,Nissan,Otomatik,Benzin,SUV,4WD (Sürekli),Galeriden,2705000.0,2702848,2705000,2151,0.1,MAKUL
2008,242000.0,1995.0,150.0,,12.5,,4630.0,1785.0,1770.0,,5.0,,4.0,15946.0,Nissan,Otomatik,Dizel,SUV,4WD (Sürekli),Galeriden,979000.0,803145,979000,175854,21.9,PAHALI
2016,144000.0,1598.0,130.0,,11.4,,4643.0,1820.0,1695.0,,7.0,,4.0,16177.0,Nissan,Otomatik,Dizel,SUV,Önden Çekiş,Galeriden,1518750.0,1517157,1518750,1592,0.1,MAKUL
2017,86938.0,1591.0,130.0,,11.5,,4394.0,1806.0,1615.0,,5.0,,4.0,15946.0,Nissan,Otomatik,Dizel,SUV,Önden Çekiş,Yetkili Bayiden,1695950.0,1629439,1695950,66510,4.1,MAKUL
2016,164000.0,1598.0,130.0,,11.4,,4643.0,1820.0,1695.0,,7.0,,4.0,16177.0,Nissan,Otomatik,Dizel,SUV,Önden Çekiş,Galeriden,1479000.0,1479748,1479000,-748,-0.1,MAKUL
2015,372000.0,1598.0,130.0,,11.4,,4643.0,1820.0,1695.0,,7.0,,4.0,19938.0,Nissan,Otomatik,Dizel,SUV,Önden Çekiş,Galeriden,975000.0,996238,975000,-21238,-2.1,MAKUL
2015,219750.0,1598.0,130.0,,11.4,,4643.0,1820.0,1695.0,,7.0,,4.0,16177.0,Nissan,Otomatik,Dizel,SUV,Önden Çekiş,Galeriden,1279000.0,1239482,1279000,39517,3.2,MAKUL
2014,330000.0,1598.0,130.0,,11.4,,4643.0,1820.0,1695.0,,7.0,,4.0,16177.0,Nissan,Otomatik,Dizel,SUV,Önden Çekiş,Galeriden,1100000.0,1111332,1100000,-11332,-1.0,MAKUL
2014,138000.0,1598.0,130.0,,11.4,,4643.0,1820.0,1695.0,,7.0,,4.0,16177.0,Nissan,Otomatik,Dizel,SUV,Önden Çekiş,Galeriden,1435000.0,1427613,1435000,7386,0.5,MAKUL
2003,370000.0,1998.0,140.0,,13.1,,4510.0,1765.0,1750.0,,5.0,,4.0,15946.0,Nissan,Otomatik,LPG & Benzin,SUV,4WD (Sürekli),Galeriden,489900.0,540413,489900,-50513,-9.3,MAKUL
2014,225000.0,1598.0,130.0,,11.4,,4643.0,1820.0,1695.0,,7.0,,4.0,16177.0,Nissan,Otomatik,Dizel,SUV,Önden Çekiş,Galeriden,1280000.0,1271438,1280000,8561,0.7,MAKUL
2011,287000.0,1995.0,150.0,,11.0,,4541.0,1780.0,1645.0,,7.0,,4.0,13348.0,Nissan,Otomatik,Dizel,SUV,4WD (Sürekli),Galeriden,705000.0,721501,705000,-16501,-2.3,MAKUL
2018,106000.0,1591.0,130.0,,11.5,,4394.0,1806.0,1615.0,,5.0,,4.0,15946.0,Nissan,Düz,Dizel,SUV,Önden Çekiş,Galeriden,1635000.0,1600619,1635000,34380,2.1,MAKUL
2020,129000.0,1461.0,115.0,,13.0,,4394.0,1806.0,1590.0,,5.0,,4.0,15261.0,Nissan,Yarı Otomatik,Dizel,SUV,Önden Çekiş,Galeriden,1669500.0,1689909,1669500,-20409,-1.2,MAKUL
2020,80000.0,999.0,115.0,,11.8,,4210.0,1800.0,1595.0,,5.0,,3.0,11957.0,Nissan,Yarı Otomatik,Benzin,SUV,Önden Çekiş,Galeriden,1329000.0,1343388,1329000,-14388,-1.1,MAKUL
2015,180250.0,1591.0,130.0,,11.5,,4394.0,1806.0,1615.0,,5.0,,4.0,15946.0,Nissan,Otomatik,Dizel,SUV,Önden Çekiş,Galeriden,1288850.0,1254983,1288850,33866,2.7,MAKUL
2014,189000.0,1197.0,115.0,,11.3,,4379.0,1800.0,1590.0,,5.0,,4.0,17977.0,Nissan,Düz,Benzin,SUV,Önden Çekiş,Galeriden,1025000.0,1034500,1025000,-9500,-0.9,MAKUL
2017,131000.0,1591.0,130.0,,11.5,,4394.0,1806.0,1615.0,,5.0,,4.0,15946.0,Nissan,Düz,Dizel,SUV,AWD (Elektronik),Galeriden,1245000.0,1254168,1245000,-9168,-0.7,MAKUL
2017,180000.0,1591.0,130.0,,11.5,,4394.0,1806.0,1615.0,,5.0,,4.0,15946.0,Nissan,Düz,Dizel,SUV,Arkadan İtiş,Galeriden,920000.0,1051290,920000,-131290,-12.5,FIRSAT
2020,90000.0,1461.0,115.0,,13.0,,4394.0,1806.0,1590.0,,5.0,,4.0,15261.0,Nissan,Yarı Otomatik,Dizel,SUV,Önden Çekiş,Galeriden,1695000.0,1723301,1695000,-28301,-1.6,MAKUL
2016,102000.0,1598.0,130.0,,11.4,,4643.0,1820.0,1695.0,,7.0,,4.0,16177.0,Nissan,Otomatik,Dizel,SUV,Önden Çekiş,Galeriden,1450000.0,1506680,1450000,-56680,-3.8,MAKUL
2018,110000.0,1591.0,130.0,,11.5,,4394.0,1806.0,1615.0,,5.0,,4.0,15946.0,Nissan,Otomatik,Dizel,SUV,Önden Çekiş,Galeriden,1650000.0,1635364,1650000,14635,0.9,MAKUL
2021,104000.0,1591.0,130.0,,11.5,,4394.0,1806.0,1615.0,,5.0,,4.0,15946.0,Nissan,Otomatik,Benzin,SUV,Önden Çekiş,Galeriden,1830000.0,1839276,1830000,-9276,-0.5,MAKUL
2015,134000.0,1598.0,130.0,,11.4,,4643.0,1820.0,1695.0,,7.0,,4.0,16177.0,Nissan,Otomatik,Dizel,SUV,Önden Çekiş,Galeriden,1558000.0,1519710,1558000,38289,2.5,MAKUL
2013,83000.0,1591.0,130.0,,11.5,,4394.0,1806.0,1615.0,,5.0,,4.0,15946.0,Nissan,Otomatik,Benzin,SUV,Önden Çekiş,Galeriden,1090000.0,1106955,1090000,-16955,-1.5,MAKUL
2016,122000.0,1591.0,130.0,,11.5,,4394.0,1806.0,1615.0,,5.0,,4.0,15946.0,Nissan,Düz,Dizel,Crossover,Önden Çekiş,Galeriden,935000.0,970321,935000,-35321,-3.6,MAKUL
2006,247000.0,1591.0,130.0,,11.5,,4394.0,1806.0,1615.0,,5.0,,4.0,15946.0,Nissan,Düz,Dizel,SUV,Arkadan İtiş,Galeriden,625000.0,642587,625000,-17587,-2.7,MAKUL
2019,136000.0,1461.0,115.0,,13.0,,4394.0,1806.0,1590.0,,5.0,,4.0,15261.0,Nissan,Yarı Otomatik,Dizel,SUV,Önden Çekiş,Galeriden,1630000.0,1543721,1630000,86278,5.6,MAKUL
2014,202000.0,1591.0,130.0,,11.5,,4394.0,1806.0,1615.0,,5.0,,4.0,15946.0,Nissan,Düz,Dizel,SUV,Önden Çekiş,Galeriden,1130000.0,1077315,1130000,52684,4.9,MAKUL
2022,45000.0,1591.0,130.0,,11.5,,4394.0,1806.0,1615.0,,5.0,,4.0,15946.0,Nissan,Otomatik,Benzin,SUV,Önden Çekiş,Galeriden,2585000.0,2421272,2585000,163727,6.8,MAKUL
2016,165000.0,1591.0,130.0,,11.5,,4394.0,1806.0,1615.0,,5.0,,4.0,15946.0,Nissan,Otomatik,Dizel,SUV,Önden Çekiş,Galeriden,1197500.0,1264554,1197500,-67054,-5.3,MAKUL
2021,39250.0,2298.0,190.0,,10.8,,5330.0,1850.0,1840.0,,5.0,,4.0,15946.0,Nissan,Otomatik,Dizel,Hard top,4WD (Sürekli),Galeriden,1520000.0,1565435,1520000,-45435,-2.9,MAKUL
2020,55000.0,1332.0,160.0,,10.1,,4394.0,1806.0,1590.0,,5.0,,4.0,15261.0,Nissan,Yarı Otomatik,Benzin,SUV,Önden Çekiş,Galeriden,1565000.0,1587900,1565000,-22900,-1.4,MAKUL
2015,160000.0,1598.0,130.0,,10.7,,4379.0,1800.0,1590.0,,5.0,,4.0,18918.0,Nissan,Otomatik,Dizel,SUV,Önden Çekiş,Galeriden,1225000.0,1247682,1225000,-22682,-1.8,MAKUL
2020,212000.0,1461.0,115.0,,13.0,,4394.0,1806.0,1590.0,,5.0,,4.0,15261.0,Nissan,Yarı Otomatik,Dizel,SUV,Önden Çekiş,Galeriden,1520000.0,1527483,1520000,-7483,-0.5,MAKUL
2012,162000.0,1461.0,110.0,,12.2,,4330.0,1783.0,1615.0,,5.0,,4.0,15761.0,Nissan,Düz,Dizel,SUV,Önden Çekiş,Galeriden,998000.0,978327,998000,19672,2.0,MAKUL
2024,44000.0,1591.0,130.0,,11.5,,4394.0,1806.0,1615.0,,5.0,,4.0,15946.0,Nissan,Otomatik,Benzin,SUV,Önden Çekiş,Galeriden,2195000.0,2198140,2195000,-3140,-0.1,MAKUL
2020,95000.0,1332.0,160.0,,10.1,,4394.0,1806.0,1590.0,,5.0,,4.0,16546.0,Nissan,Yarı Otomatik,Benzin,SUV,Önden Çekiş,Galeriden,1649000.0,1653848,1649000,-4848,-0.3,MAKUL
2017,116000.0,1591.0,130.0,,11.5,,4394.0,1806.0,1615.0,,5.0,,4.0,15946.0,Nissan,Otomatik,Benzin,SUV,Önden Çekiş,Galeriden,1295000.0,1322753,1295000,-27753,-2.1,MAKUL
2023,44000.0,1497.0,190.0,,7.9,,4425.0,1835.0,1625.0,,5.0,,3.0,16769.0,Nissan,Otomatik,Hibrit,SUV,Önden Çekiş,Galeriden,2150000.0,2117817,2150000,32182,1.5,MAKUL
2020,160000.0,1332.0,160.0,,10.1,,4394.0,1806.0,1590.0,,5.0,,4.0,16546.0,Nissan,Yarı Otomatik,Benzin,SUV,Önden Çekiş,Galeriden,1430000.0,1448012,1430000,-18012,-1.2,MAKUL
2025,11.0,1332.0,158.0,,9.2,,4425.0,1848.0,1625.0,,5.0,,4.0,18751.0,Nissan,Otomatik,Benzin,SUV,Önden Çekiş,Galeriden,3023000.0,2974215,3023000,48784,1.6,MAKUL
2024,14100.0,999.0,115.0,,11.8,,4210.0,1800.0,1595.0,,5.0,,3.0,16173.0,Nissan,Yarı Otomatik,Benzin,SUV,Önden Çekiş,Galeriden,1420000.0,1420557,1420000,-557,-0.0,MAKUL
2012,69680.0,2488.0,163.0,,12.0,,5396.0,1848.0,1790.0,,5.0,,4.0,15946.0,Nissan,Düz,Dizel,Hard top,Arkadan İtiş,Sahibinden,970000.0,971766,970000,-1766,-0.2,MAKUL
2017,140000.0,1591.0,130.0,,11.5,,4394.0,1806.0,1615.0,,5.0,,4.0,15946.0,Nissan,Düz,Dizel,SUV,Arkadan İtiş,Galeriden,987500.0,1022930,987500,-35430,-3.5,MAKUL
2017,121000.0,1461.0,110.0,,11.2,,4135.0,1765.0,1565.0,,5.0,,4.0,16754.0,Nissan,Düz,Dizel,SUV,Önden Çekiş,Galeriden,850000.0,857224,850000,-7224,-0.8,MAKUL
2016,170000.0,1461.0,110.0,,12.4,,4379.0,1800.0,1590.0,,5.0,,4.0,18918.0,Nissan,Düz,Dizel,SUV,Önden Çekiş,Sahibinden,1335000.0,1331975,1335000,3024,0.2,MAKUL
2014,165260.0,1461.0,110.0,,11.2,,4135.0,1765.0,1565.0,,5.0,,4.0,14518.0,Nissan,Düz,Dizel,SUV,Önden Çekiş,Galeriden,965000.0,951572,965000,13427,1.4,MAKUL
2018,145000.0,1461.0,110.0,,11.2,,4135.0,1765.0,1565.0,,5.0,,4.0,16754.0,Nissan,Düz,Dizel,SUV,Önden Çekiş,Galeriden,885000.0,894258,885000,-9258,-1.0,MAKUL
2017,140000.0,1591.0,130.0,,11.5,,4394.0,1806.0,1615.0,,5.0,,4.0,15946.0,Nissan,Düz,Dizel,SUV,Arkadan İtiş,Galeriden,987500.0,1022930,987500,-35430,-3.5,MAKUL
2017,121000.0,1461.0,110.0,,11.2,,4135.0,1765.0,1565.0,,5.0,,4.0,16754.0,Nissan,Düz,Dizel,SUV,Önden Çekiş,Galeriden,850000.0,857224,850000,-7224,-0.8,MAKUL
2016,170000.0,1461.0,110.0,,12.4,,4379.0,1800.0,1590.0,,5.0,,4.0,18918.0,Nissan,Düz,Dizel,SUV,Önden Çekiş,Sahibinden,1335000.0,1331975,1335000,3024,0.2,MAKUL
2014,165260.0,1461.0,110.0,,11.2,,4135.0,1765.0,1565.0,,5.0,,4.0,14518.0,Nissan,Düz,Dizel,SUV,Önden Çekiş,Galeriden,965000.0,951572,965000,13427,1.4,MAKUL
2018,145000.0,1461.0,110.0,,11.2,,4135.0,1765.0,1565.0,,5.0,,4.0,16754.0,Nissan,Düz,Dizel,SUV,Önden Çekiş,Galeriden,885000.0,894258,885000,-9258,-1.0,MAKUL
2013,169000.0,1591.0,130.0,,11.5,,4394.0,1806.0,1615.0,,5.0,,4.0,15946.0,Nissan,Düz,Dizel,Crossover,Önden Çekiş,Galeriden,785000.0,834817,785000,-49817,-6.0,MAKUL
2012,309000.0,1461.0,110.0,,12.2,,4330.0,1783.0,1615.0,,5.0,,4.0,13348.0,Nissan,Düz,Dizel,SUV,Önden Çekiş,Sahibinden,710000.0,727070,710000,-17070,-2.3,MAKUL
2015,111000.0,1197.0,115.0,,12.9,,4379.0,1800.0,1590.0,,5.0,,4.0,14536.0,Nissan,Otomatik,Benzin,SUV,Önden Çekiş,Galeriden,1220000.0,1253897,1220000,-33897,-2.7,MAKUL
2016,98000.0,1598.0,130.0,,11.4,,4643.0,1820.0,1695.0,,7.0,,4.0,19938.0,Nissan,Otomatik,Dizel,SUV,Önden Çekiş,Galeriden,1635000.0,1622263,1635000,12736,0.8,MAKUL
2018,145550.0,1598.0,130.0,,11.1,,4394.0,1806.0,1590.0,,5.0,,4.0,17538.0,Nissan,Otomatik,Dizel,SUV,Önden Çekiş,Galeriden,1250000.0,1448843,1250000,-198843,-13.7,FIRSAT
2017,64500.0,1461.0,110.0,,11.9,,4394.0,1806.0,1590.0,,5.0,,4.0,17538.0,Nissan,Düz,Dizel,SUV,Önden Çekiş,Sahibinden,1735000.0,1716235,1735000,18764,1.1,MAKUL
2007,335000.0,2488.0,144.0,,12.7,,5220.0,1850.0,1766.0,,5.0,,4.0,15946.0,Nissan,Düz,Dizel,Hard top,Arkadan İtiş,Galeriden,550000.0,545468,550000,4531,0.8,MAKUL
2012,174000.0,1598.0,117.0,,11.5,,4135.0,1765.0,1570.0,,5.0,,4.0,14518.0,Nissan,Otomatik,Benzin,SUV,Önden Çekiş,Sahibinden,960000.0,944041,960000,15958,1.7,MAKUL
2025,13500.0,1591.0,130.0,,11.5,,4394.0,1806.0,1615.0,,5.0,,4.0,15946.0,Nissan,Otomatik,Hibrit,SUV,Önden Çekiş,Sahibinden,2130000.0,2198717,2130000,-68717,-3.1,MAKUL
2010,260000.0,1461.0,106.0,,12.2,,4315.0,1780.0,1615.0,,5.0,,4.0,13348.0,Nissan,Düz,Dizel,SUV,Önden Çekiş,Sahibinden,880000.0,843792,880000,36207,4.3,MAKUL
2013,120000.0,1461.0,110.0,,12.2,,4330.0,1783.0,1615.0,,5.0,,4.0,15761.0,Nissan,Düz,Dizel,SUV,Önden Çekiş,Sahibinden,1240000.0,1235781,1240000,4218,0.3,MAKUL
2011,96500.0,1598.0,117.0,,11.5,,4135.0,1765.0,1570.0,,5.0,,4.0,16754.0,Nissan,Otomatik,Benzin,SUV,Önden Çekiş,Sahibinden,910000.0,919637,910000,-9637,-1.0,MAKUL
2018,142000.0,1461.0,110.0,,11.9,,4394.0,1806.0,1590.0,,5.0,,4.0,17538.0,Nissan,Düz,Dizel,SUV,Önden Çekiş,Sahibinden,1275000.0,1297504,1275000,-22504,-1.7,MAKUL
2001,246000.0,2488.0,133.0,,13.0,,5090.0,1825.0,1830.0,,5.0,,4.0,15946.0,Nissan,Düz,Dizel,Hard top,Arkadan İtiş,Galeriden,290000.0,322415,290000,-32415,-10.1,FIRSAT
2017,162000.0,1591.0,130.0,,11.5,,4394.0,1806.0,1615.0,,5.0,,4.0,15946.0,Nissan,Otomatik,Dizel,SUV,Önden Çekiş,Galeriden,1500000.0,1472911,1500000,27088,1.8,MAKUL
2013,141000.0,1461.0,110.0,,11.3,,4135.0,1765.0,1570.0,,5.0,,4.0,16754.0,Nissan,Düz,Dizel,SUV,Önden Çekiş,Sahibinden,795000.0,804759,795000,-9759,-1.2,MAKUL
1998,320000.0,2494.0,83.0,,18.7,,4975.0,1690.0,1610.0,,5.0,,4.0,15946.0,Nissan,Düz,Dizel,Hard top,4WD (Sürekli),Galeriden,315000.0,338628,315000,-23628,-7.0,MAKUL
2017,142000.0,1598.0,130.0,,11.1,,4394.0,1806.0,1590.0,,5.0,,4.0,17538.0,Nissan,Otomatik,Dizel,SUV,Önden Çekiş,Sahibinden,1530000.0,1513873,1530000,16126,1.1,MAKUL
2024,59580.0,999.0,115.0,,11.8,,4210.0,1800.0,1595.0,,5.0,,3.0,11957.0,Nissan,Yarı Otomatik,Benzin,SUV,Önden Çekiş,Galeriden,1449000.0,1478684,1449000,-29684,-2.0,MAKUL
2024,29500.0,999.0,115.0,,11.8,,4210.0,1800.0,1593.0,,5.0,,3.0,16173.0,Nissan,Yarı Otomatik,Benzin,SUV,Önden Çekiş,Galeriden,1620000.0,1613260,1620000,6739,0.4,MAKUL
2024,31000.0,999.0,115.0,,11.8,,4210.0,1800.0,1595.0,,5.0,,3.0,16173.0,Nissan,Yarı Otomatik,Benzin,SUV,Önden Çekiş,Galeriden,1489900.0,1527273,1489900,-37373,-2.4,MAKUL
2024,9000.0,999.0,115.0,,11.8,,4210.0,1800.0,1595.0,,5.0,,3.0,16173.0,Nissan,Yarı Otomatik,Benzin,SUV,Önden Çekiş,Galeriden,1795000.0,1793956,1795000,1043,0.1,MAKUL
2003,303000.0,1998.0,140.0,,13.1,,4510.0,1765.0,1750.0,,5.0,,4.0,15946.0,Nissan,Otomatik,LPG & Benzin,SUV,4WD (Sürekli),Sahibinden,600000.0,597420,600000,2579,0.4,MAKUL
2016,142000.0,1197.0,115.0,,10.8,,4135.0,1765.0,1565.0,,5.0,,4.0,14518.0,Nissan,Düz,Benzin,SUV,Önden Çekiş,Sahibinden,870000.0,879328,870000,-9328,-1.1,MAKUL
2014,132000.0,1461.0,110.0,,12.4,,4379.0,1800.0,1590.0,,5.0,,4.0,15946.0,Nissan,Düz,Dizel,SUV,Önden Çekiş,Galeriden,1150000.0,1163956,1150000,-13956,-1.2,MAKUL
2011,183000.0,1598.0,115.0,,12.0,,4315.0,1783.0,1606.0,,5.0,,4.0,14280.0,Nissan,Düz,Benzin,SUV,Önden Çekiş,Sahibinden,810000.0,835286,810000,-25286,-3.0,MAKUL
2024,86683.0,1591.0,130.0,,11.5,,4394.0,1806.0,1615.0,,5.0,,4.0,15946.0,Nissan,Otomatik,Hibrit,SUV,Önden Çekiş,Galeriden,2225000.0,2226664,2225000,-1664,-0.1,MAKUL
2014,252589.0,1591.0,130.0,,11.5,,4394.0,1806.0,1615.0,,5.0,,4.0,15946.0,Nissan,Düz,Dizel,SUV,Önden Çekiş,Galeriden,875000.0,984884,875000,-109884,-11.2,FIRSAT
2016,82147.0,1591.0,130.0,,11.5,,4394.0,1806.0,1615.0,,5.0,,4.0,15946.0,Nissan,Otomatik,Benzin,SUV,Önden Çekiş,Galeriden,1335000.0,1322231,1335000,12768,1.0,MAKUL
2024,40014.0,999.0,115.0,,11.8,,4210.0,1800.0,1595.0,,5.0,,3.0,11957.0,Nissan,Yarı Otomatik,Benzin,SUV,Önden Çekiş,Galeriden,1509000.0,1493420,1509000,15579,1.0,MAKUL
2005,133000.0,2956.0,154.0,,14.0,,4242.0,1755.0,1805.0,,5.0,,4.0,15946.0,Nissan,Otomatik,Dizel,SUV,4WD (Sürekli),Sahibinden,500000.0,522575,500000,-22575,-4.3,MAKUL
2025,6010.0,1591.0,130.0,,11.5,,4394.0,1806.0,1615.0,,5.0,,4.0,15946.0,Nissan,Otomatik,Hibrit,SUV,Önden Çekiş,Sahibinden,2500000.0,2498857,2500000,1142,0.0,MAKUL
2025,6001.0,1332.0,158.0,,9.2,,4425.0,1848.0,1625.0,,5.0,,4.0,18751.0,Nissan,Otomatik,Hibrit,SUV,Önden Çekiş,Sahibinden,2620000.0,2634390,2620000,-14390,-0.5,MAKUL
2018,162000.0,1598.0,130.0,,11.1,,4394.0,1806.0,1590.0,,5.0,,4.0,14536.0,Nissan,Otomatik,Dizel,SUV,Önden Çekiş,Sahibinden,1400000.0,1429324,1400000,-29324,-2.1,MAKUL
2024,19000.0,1591.0,130.0,,11.5,,4394.0,1806.0,1615.0,,5.0,,4.0,15946.0,Nissan,Otomatik,Benzin,SUV,Önden Çekiş,Sahibinden,2425000.0,2245987,2425000,179012,8.0,MAKUL
2018,150000.0,1598.0,130.0,,11.1,,4394.0,1806.0,1590.0,,5.0,,4.0,17538.0,Nissan,Otomatik,Dizel,SUV,Önden Çekiş,Sahibinden,1610000.0,1460408,1610000,149591,10.2,PAHALI
2007,250000.0,1598.0,115.0,,12.0,,4315.0,1780.0,1615.0,,5.0,,4.0,13348.0,Nissan,Düz,LPG & Benzin,SUV,Önden Çekiş,Sahibinden,799000.0,792051,799000,6948,0.9,MAKUL
2008,304000.0,2488.0,144.0,,12.7,,5220.0,1850.0,1766.0,,5.0,,4.0,15946.0,Nissan,Düz,Dizel,Hard top,Arkadan İtiş,Sahibinden,600000.0,604045,600000,-4045,-0.7,MAKUL
2012,180000.0,1461.0,110.0,,12.2,,4330.0,1783.0,1615.0,,5.0,,4.0,13348.0,Nissan,Düz,Dizel,SUV,Önden Çekiş,Sahibinden,865000.0,819920,865000,45079,5.5,MAKUL
2018,72000.0,1591.0,130.0,,11.5,,4394.0,1806.0,1615.0,,5.0,,4.0,15946.0,Nissan,Otomatik,Dizel,SUV,Önden Çekiş,Galeriden,1668000.0,1723673,1668000,-55673,-3.2,MAKUL
2016,197000.0,1591.0,130.0,,11.5,,4394.0,1806.0,1615.0,,5.0,,4.0,15946.0,Nissan,Otomatik,Benzin,SUV,Önden Çekiş,Galeriden,1120000.0,1065387,1120000,54612,5.1,MAKUL
2006,280000.0,1591.0,130.0,,11.5,,4394.0,1806.0,1615.0,,5.0,,4.0,15946.0,Nissan,Düz,Dizel,SUV,Arkadan İtiş,Galeriden,589900.0,603237,589900,-13337,-2.2,MAKUL
2024,22000.0,1332.0,158.0,,9.2,,4425.0,1848.0,1625.0,,5.0,,4.0,18751.0,Nissan,Otomatik,Benzin,SUV,Önden Çekiş,Galeriden,2195000.0,2208646,2195000,-13646,-0.6,MAKUL
2016,128000.0,1598.0,130.0,,10.7,,4379.0,1800.0,1590.0,,5.0,,4.0,17977.0,Nissan,Otomatik,Dizel,SUV,Önden Çekiş,Galeriden,1490000.0,1436733,1490000,53266,3.7,MAKUL
2015,155000.0,1591.0,130.0,,11.5,,4394.0,1806.0,1615.0,,5.0,,4.0,15946.0,Nissan,Düz,Dizel,SUV,Önden Çekiş,Galeriden,1265000.0,1182494,1265000,82505,7.0,MAKUL
2023,79000.0,1591.0,130.0,,11.5,,4394.0,1806.0,1615.0,,5.0,,4.0,15946.0,Nissan,Otomatik,Benzin,SUV,AWD (Elektronik),Galeriden,2050000.0,1987399,2050000,62600,3.1,MAKUL
2025,26958.0,1332.0,158.0,,9.2,,4425.0,1848.0,1625.0,,5.0,,4.0,18751.0,Nissan,Otomatik,Hibrit,SUV,Önden Çekiş,Yetkili Bayiden,2699000.0,2674311,2699000,24688,0.9,MAKUL
2012,169000.0,1461.0,110.0,,12.2,,4330.0,1783.0,1615.0,,5.0,,4.0,15761.0,Nissan,Düz,Dizel,SUV,Önden Çekiş,Galeriden,912750.0,952174,912750,-39424,-4.1,MAKUL
2023,38000.0,1591.0,130.0,,11.5,,4394.0,1806.0,1615.0,,5.0,,4.0,15946.0,Nissan,Otomatik,Hibrit,SUV,AWD (Elektronik),Galeriden,2095000.0,2105547,2095000,-10547,-0.5,MAKUL
2019,87000.0,1461.0,115.0,,13.0,,4394.0,1806.0,1590.0,,5.0,,4.0,16546.0,Nissan,Yarı Otomatik,Dizel,SUV,Önden Çekiş,Galeriden,1725000.0,1669012,1725000,55987,3.4,MAKUL
2016,149000.0,1591.0,130.0,,11.5,,4394.0,1806.0,1615.0,,5.0,,4.0,15946.0,Nissan,Otomatik,Benzin,SUV,Önden Çekiş,Galeriden,1365000.0,1220886,1365000,144113,11.8,PAHALI
2018,60000.0,1591.0,130.0,,11.5,,4394.0,1806.0,1615.0,,5.0,,4.0,15946.0,Nissan,Otomatik,Benzin,SUV,Önden Çekiş,Galeriden,1275000.0,1351585,1275000,-76585,-5.7,MAKUL
2012,198000.0,1461.0,106.0,,12.2,,4315.0,1780.0,1615.0,,5.0,,4.0,13348.0,Nissan,Düz,Dizel,SUV,Önden Çekiş,Galeriden,820000.0,917244,820000,-97244,-10.6,FIRSAT
2017,105000.0,1598.0,130.0,,11.1,,4394.0,1806.0,1590.0,,5.0,,4.0,17538.0,Nissan,Otomatik,Dizel,SUV,Önden Çekiş,Galeriden,1215000.0,1385114,1215000,-170114,-12.3,FIRSAT
2013,190000.0,1461.0,110.0,,12.2,,4330.0,1783.0,1615.0,,5.0,,4.0,15761.0,Nissan,Düz,Dizel,SUV,Önden Çekiş,Galeriden,860000.0,912801,860000,-52801,-5.8,MAKUL
2014,219000.0,1591.0,130.0,,11.5,,4394.0,1806.0,1615.0,,5.0,,4.0,15946.0,Nissan,Otomatik,Dizel,SUV,Önden Çekiş,Galeriden,1150000.0,1162462,1150000,-12462,-1.1,MAKUL
2010,310000.0,1591.0,130.0,,11.5,,4394.0,1806.0,1615.0,,5.0,,4.0,15946.0,Nissan,Düz,Benzin,SUV,Önden Çekiş,Galeriden,681000.0,687913,681000,-6913,-1.0,MAKUL
2013,198200.0,1461.0,110.0,,12.2,,4330.0,1783.0,1615.0,,5.0,,4.0,15761.0,Nissan,Düz,Dizel,SUV,Önden Çekiş,Galeriden,855000.0,908122,855000,-53122,-5.8,MAKUL
2020,134000.0,1332.0,160.0,,10.1,,4394.0,1806.0,1590.0,,5.0,,4.0,15261.0,Nissan,Yarı Otomatik,Benzin,SUV,Önden Çekiş,Galeriden,1440000.0,1456736,1440000,-16736,-1.1,MAKUL
2024,38000.0,1591.0,130.0,,11.5,,4394.0,1806.0,1615.0,,5.0,,4.0,15946.0,Nissan,Otomatik,Benzin,SUV,Önden Çekiş,Galeriden,2225000.0,2178916,2225000,46083,2.1,MAKUL
2011,224000.0,1461.0,110.0,,11.3,,4135.0,1765.0,1570.0,,5.0,,4.0,16754.0,Nissan,Düz,Dizel,SUV,Önden Çekiş,Galeriden,667000.0,696530,667000,-29530,-4.2,MAKUL
2004,438000.0,2488.0,133.0,,13.3,,5090.0,1825.0,1720.0,,5.0,,4.0,15946.0,Nissan,Düz,Dizel,Hard top,4WD (Sürekli),Galeriden,465000.0,467686,465000,-2686,-0.6,MAKUL
2019,126000.0,1332.0,160.0,,10.1,,4394.0,1806.0,1590.0,,5.0,,4.0,16546.0,Nissan,Yarı Otomatik,Benzin,SUV,Önden Çekiş,Galeriden,1745000.0,1703156,1745000,41843,2.5,MAKUL
2018,124000.0,1591.0,130.0,,11.5,,4394.0,1806.0,1615.0,,5.0,,4.0,15946.0,Nissan,Otomatik,Benzin,SUV,Önden Çekiş,Galeriden,1315000.0,1358737,1315000,-43737,-3.2,MAKUL
2017,128600.0,1591.0,130.0,,11.5,,4394.0,1806.0,1615.0,,5.0,,4.0,15946.0,Nissan,Otomatik,Dizel,SUV,Önden Çekiş,Galeriden,1550000.0,1517434,1550000,32565,2.1,MAKUL
2013,182000.0,1461.0,110.0,,12.2,,4330.0,1783.0,1615.0,,5.0,,4.0,15761.0,Nissan,Düz,Dizel,SUV,Önden Çekiş,Galeriden,899000.0,939603,899000,-40603,-4.3,MAKUL
2012,242000.0,1461.0,110.0,,12.2,,4330.0,1783.0,1615.0,,5.0,,4.0,15761.0,Nissan,Düz,Dizel,SUV,Önden Çekiş,Galeriden,820000.0,840100,820000,-20100,-2.4,MAKUL
2015,189000.0,1598.0,130.0,,10.7,,4379.0,1800.0,1590.0,,5.0,,4.0,18918.0,Nissan,Otomatik,Dizel,SUV,Önden Çekiş,Galeriden,1119750.0,1178813,1119750,-59063,-5.0,MAKUL
2017,110000.0,1591.0,130.0,,11.5,,4394.0,1806.0,1615.0,,5.0,,4.0,15946.0,Nissan,Otomatik,Dizel,SUV,Önden Çekiş,Galeriden,1635000.0,1548278,1635000,86721,5.6,MAKUL
2016,169000.0,1591.0,130.0,,11.5,,4394.0,1806.0,1615.0,,5.0,,4.0,15946.0,Nissan,Otomatik,Dizel,SUV,Önden Çekiş,Galeriden,1350000.0,1291339,1350000,58660,4.5,MAKUL
2025,16800.0,1591.0,130.0,,11.5,,4394.0,1806.0,1615.0,,5.0,,4.0,15946.0,Nissan,Otomatik,Benzin,SUV,Önden Çekiş,Galeriden,2285000.0,2337938,2285000,-52938,-2.3,MAKUL
2021,84000.0,1332.0,158.0,,10.1,,4394.0,1806.0,1590.0,,5.0,,4.0,15528.0,Nissan,Yarı Otomatik,Benzin,SUV,Önden Çekiş,Galeriden,1765000.0,1766863,1765000,-1863,-0.1,MAKUL
2016,186000.0,1591.0,130.0,,11.5,,4394.0,1806.0,1615.0,,5.0,,4.0,15946.0,Nissan,Otomatik,Benzin,SUV,Önden Çekiş,Galeriden,1110000.0,1139767,1110000,-29767,-2.6,MAKUL
2016,195000.0,1598.0,130.0,,10.7,,4379.0,1800.0,1590.0,,5.0,,4.0,17977.0,Nissan,Otomatik,Dizel,SUV,Önden Çekiş,Galeriden,1295000.0,1342532,1295000,-47532,-3.5,MAKUL
2016,95000.0,1591.0,130.0,,11.5,,4394.0,1806.0,1615.0,,5.0,,4.0,15946.0,Nissan,Otomatik,Benzin,SUV,Önden Çekiş,Galeriden,1270000.0,1294102,1270000,-24102,-1.9,MAKUL
2023,49500.0,1591.0,130.0,,11.5,,4394.0,1806.0,1615.0,,5.0,,4.0,15946.0,Nissan,Otomatik,Benzin,SUV,AWD (Elektronik),Galeriden,2055000.0,2077228,2055000,-22228,-1.1,MAKUL
2012,109000.0,1598.0,117.0,,13.0,,4330.0,1780.0,1615.0,,5.0,,4.0,15761.0,Nissan,Otomatik,LPG & Benzin,SUV,Önden Çekiş,Galeriden,925000.0,898288,925000,26711,3.0,MAKUL
2022,42000.0,1497.0,213.0,,7.0,,4680.0,1840.0,1725.0,,5.0,,3.0,15946.0,Nissan,Otomatik,Benzin,SUV,4WD (Sürekli),Galeriden,2680000.0,2682073,2680000,-2073,-0.1,MAKUL
2012,132000.0,1461.0,110.0,,12.2,,4330.0,1783.0,1615.0,,5.0,,4.0,13348.0,Nissan,Düz,Dizel,SUV,Önden Çekiş,Galeriden,1100000.0,1076005,1100000,23994,2.2,MAKUL
2012,172000.0,1591.0,130.0,,11.5,,4394.0,1806.0,1615.0,,5.0,,4.0,15946.0,Nissan,Otomatik,Benzin,SUV,Önden Çekiş,Galeriden,765000.0,824741,765000,-59741,-7.2,MAKUL
2016,196000.0,1598.0,130.0,,10.7,,4379.0,1800.0,1590.0,,5.0,,4.0,17538.0,Nissan,Otomatik,Dizel,SUV,Önden Çekiş,Galeriden,1125000.0,1262092,1125000,-137092,-10.9,FIRSAT
2016,155000.0,1598.0,130.0,,11.4,,4643.0,1820.0,1695.0,,7.0,,4.0,16177.0,Nissan,Otomatik,Dizel,SUV,Önden Çekiş,Galeriden,1492500.0,1498389,1492500,-5889,-0.4,MAKUL
2016,160000.0,2298.0,190.0,,10.8,,5330.0,1850.0,1840.0,,5.0,,4.0,15946.0,Nissan,Otomatik,Dizel,Hard top,4WD (Sürekli),Galeriden,1375000.0,1370463,1375000,4536,0.3,MAKUL
2014,134000.0,1461.0,110.0,,11.2,,4135.0,1765.0,1565.0,,5.0,,4.0,14518.0,Nissan,Düz,Dizel,SUV,Önden Çekiş,Galeriden,875000.0,896597,875000,-21597,-2.4,MAKUL
2018,90000.0,1461.0,110.0,,11.2,,4135.0,1765.0,1565.0,,5.0,,4.0,16754.0,Nissan,Düz,Dizel,SUV,Önden Çekiş,Galeriden,885000.0,895890,885000,-10890,-1.2,MAKUL
2016,168159.0,1591.0,130.0,,11.5,,4394.0,1806.0,1615.0,,5.0,,4.0,15946.0,Nissan,Düz,Dizel,SUV,Arkadan İtiş,Galeriden,1100000.0,1100695,1100000,-695,-0.1,MAKUL
2022,49000.0,1497.0,213.0,,7.0,,4680.0,1840.0,1725.0,,5.0,,3.0,15946.0,Nissan,Otomatik,Benzin,SUV,4WD (Sürekli),Galeriden,2610000.0,2618971,2610000,-8971,-0.3,MAKUL
2025,19260.0,999.0,115.0,,11.8,,4210.0,1800.0,1595.0,,5.0,,3.0,11957.0,Nissan,Yarı Otomatik,Benzin,SUV,Önden Çekiş,Yetkili Bayiden,1575950.0,1575040,1575950,909,0.1,MAKUL
2013,280000.0,1461.0,110.0,,12.2,,4330.0,1783.0,1615.0,,5.0,,4.0,13348.0,Nissan,Düz,Dizel,SUV,Önden Çekiş,Galeriden,749950.0,792856,749950,-42906,-5.4,MAKUL
2012,179000.0,2488.0,163.0,,11.6,,5396.0,1848.0,1790.0,,5.0,,4.0,15946.0,Nissan,Otomatik,Dizel,Hard top,Arkadan İtiş,Galeriden,910000.0,919713,910000,-9713,-1.1,MAKUL
2014,142000.0,1598.0,117.0,,11.5,,4135.0,1765.0,1565.0,,5.0,,4.0,14518.0,Nissan,Otomatik,Benzin,SUV,Önden Çekiş,Sahibinden,940000.0,959242,940000,-19242,-2.0,MAKUL
2015,105000.0,1461.0,110.0,,11.2,,4135.0,1765.0,1565.0,,5.0,,4.0,14518.0,Nissan,Düz,Dizel,SUV,Önden Çekiş,Sahibinden,1000000.0,999759,1000000,240,0.0,MAKUL
2013,183000.0,1461.0,110.0,,12.2,,4541.0,1780.0,1645.0,,7.0,,4.0,13348.0,Nissan,Düz,Dizel,SUV,Önden Çekiş,Sahibinden,908500.0,943343,908500,-34843,-3.7,MAKUL
2019,219000.0,1461.0,115.0,,13.0,,4394.0,1806.0,1590.0,,5.0,,4.0,16546.0,Nissan,Yarı Otomatik,Dizel,SUV,Önden Çekiş,Sahibinden,1240000.0,1270141,1240000,-30141,-2.4,MAKUL
2018,149000.0,1598.0,130.0,,11.1,,4394.0,1806.0,1590.0,,5.0,,4.0,14536.0,Nissan,Otomatik,Dizel,SUV,Önden Çekiş,Sahibinden,1425000.0,1445881,1425000,-20881,-1.4,MAKUL
2015,89850.0,1197.0,115.0,,12.9,,4379.0,1800.0,1590.0,,5.0,,4.0,14536.0,Nissan,Otomatik,Benzin,SUV,Önden Çekiş,Sahibinden,1255000.0,1262939,1255000,-7939,-0.6,MAKUL
2003,275000.0,1998.0,140.0,,13.1,,4510.0,1765.0,1750.0,,5.0,,4.0,15946.0,Nissan,Otomatik,LPG & Benzin,SUV,4WD (Sürekli),Sahibinden,550000.0,555168,550000,-5168,-0.9,MAKUL
2017,193000.0,1461.0,110.0,,12.4,,4379.0,1800.0,1590.0,,5.0,,4.0,15946.0,Nissan,Düz,Dizel,SUV,Önden Çekiş,Sahibinden,1340000.0,1329682,1340000,10317,0.8,MAKUL
2014,165000.0,1461.0,110.0,,11.2,,4135.0,1765.0,1565.0,,5.0,,4.0,14518.0,Nissan,Düz,Dizel,SUV,Önden Çekiş,Sahibinden,925000.0,935564,925000,-10564,-1.1,MAKUL
2017,325000.0,1461.0,110.0,,11.2,,4135.0,1765.0,1565.0,,5.0,,4.0,14518.0,Nissan,Düz,Dizel,SUV,Önden Çekiş,Sahibinden,690000.0,703753,690000,-13753,-2.0,MAKUL
2016,95600.0,1598.0,117.0,,11.5,,4135.0,1765.0,1565.0,,5.0,,4.0,13260.0,Nissan,Otomatik,LPG & Benzin,SUV,Önden Çekiş,Sahibinden,1100000.0,1106784,1100000,-6784,-0.6,MAKUL
2018,125000.0,1598.0,130.0,,11.1,,4394.0,1806.0,1590.0,,5.0,,4.0,17538.0,Nissan,Otomatik,Dizel,SUV,Önden Çekiş,Sahibinden,1665000.0,1613430,1665000,51569,3.2,MAKUL
2019,90000.0,1591.0,130.0,,11.5,,4394.0,1806.0,1615.0,,5.0,,4.0,15946.0,Nissan,Otomatik,Benzin,SUV,Önden Çekiş,Galeriden,1810000.0,1782477,1810000,27522,1.5,MAKUL
2020,103942.0,1461.0,115.0,,13.0,,4394.0,1806.0,1590.0,,5.0,,4.0,15261.0,Nissan,Yarı Otomatik,Dizel,SUV,Önden Çekiş,Galeriden,1789500.0,1778100,1789500,11399,0.6,MAKUL
2020,50000.0,1461.0,115.0,,13.0,,4394.0,1806.0,1590.0,,5.0,,4.0,15261.0,Nissan,Yarı Otomatik,Dizel,SUV,Önden Çekiş,Galeriden,1874000.0,1876711,1874000,-2711,-0.1,MAKUL
2018,72545.0,1591.0,130.0,,11.5,,4394.0,1806.0,1615.0,,5.0,,4.0,15946.0,Nissan,Otomatik,Benzin,SUV,Önden Çekiş,Galeriden,1319900.0,1377395,1319900,-57495,-4.2,MAKUL
2016,203000.0,1461.0,110.0,,12.4,,4379.0,1800.0,1590.0,,5.0,,4.0,18918.0,Nissan,Düz,Dizel,SUV,Önden Çekiş,Galeriden,975000.0,1019261,975000,-44261,-4.3,MAKUL
2018,168989.0,1591.0,130.0,,11.5,,4394.0,1806.0,1615.0,,5.0,,4.0,15946.0,Nissan,Otomatik,Dizel,SUV,Önden Çekiş,Galeriden,1490750.0,1465353,1490750,25396,1.7,MAKUL
2014,245000.0,1591.0,130.0,,11.5,,4394.0,1806.0,1615.0,,5.0,,4.0,15946.0,Nissan,Düz,Dizel,SUV,Önden Çekiş,Galeriden,1060000.0,1044314,1060000,15685,1.5,MAKUL
2016,234000.0,1598.0,130.0,,11.4,,4643.0,1820.0,1695.0,,7.0,,4.0,16177.0,Nissan,Otomatik,Dizel,SUV,Önden Çekiş,Galeriden,1265000.0,1255387,1265000,9612,0.8,MAKUL
2011,324000.0,1591.0,130.0,,11.5,,4394.0,1806.0,1615.0,,5.0,,4.0,15946.0,Nissan,Düz,Dizel,SUV,Arkadan İtiş,Galeriden,530000.0,555762,530000,-25762,-4.6,MAKUL
2013,147000.0,1591.0,130.0,,11.5,,4394.0,1806.0,1615.0,,5.0,,4.0,15946.0,Nissan,Otomatik,Benzin,SUV,Önden Çekiş,Galeriden,1029950.0,1042930,1029950,-12980,-1.2,MAKUL
2009,150000.0,1598.0,115.0,,12.0,,4315.0,1780.0,1615.0,,5.0,,4.0,13348.0,Nissan,Düz,Benzin,SUV,Önden Çekiş,Galeriden,625000.0,679782,625000,-54782,-8.1,MAKUL
2017,84000.0,1591.0,130.0,,11.5,,4394.0,1806.0,1615.0,,5.0,,4.0,15946.0,Nissan,Otomatik,Benzin,Crossover,Önden Çekiş,Galeriden,1067000.0,1080632,1067000,-13632,-1.3,MAKUL
2021,96900.0,2298.0,190.0,,10.8,,5330.0,1850.0,1840.0,,5.0,,4.0,15946.0,Nissan,Otomatik,Dizel,Hard top,4WD (Sürekli),Galeriden,1849000.0,1855242,1849000,-6242,-0.3,MAKUL
2017,170000.0,1591.0,130.0,,11.5,,4394.0,1806.0,1615.0,,5.0,,4.0,15946.0,Nissan,Otomatik,Dizel,SUV,Önden Çekiş,Galeriden,1275000.0,1415177,1275000,-140177,-9.9,MAKUL
2017,155000.0,1598.0,130.0,,11.1,,4394.0,1806.0,1590.0,,5.0,,4.0,17538.0,Nissan,Otomatik,Dizel,SUV,Önden Çekiş,Galeriden,1495000.0,1480608,1495000,14391,1.0,MAKUL
2024,20000.0,1332.0,158.0,,9.2,,4425.0,1848.0,1625.0,,5.0,,4.0,18751.0,Nissan,Otomatik,Hibrit,SUV,Önden Çekiş,Galeriden,2190000.0,2239462,2190000,-49462,-2.2,MAKUL
2013,194000.0,1591.0,130.0,,11.5,,4394.0,1806.0,1615.0,,5.0,,4.0,15946.0,Nissan,Düz,Dizel,SUV,Önden Çekiş,Galeriden,985000.0,986620,985000,-1620,-0.2,MAKUL
2024,33000.0,999.0,115.0,,11.8,,4210.0,1800.0,1595.0,,5.0,,3.0,11957.0,Nissan,Yarı Otomatik,Benzin,SUV,Önden Çekiş,Galeriden,1409000.0,1451028,1409000,-42028,-2.9,MAKUL
2013,193000.0,1461.0,106.0,,12.2,,4315.0,1780.0,1615.0,,5.0,,4.0,13348.0,Nissan,Düz,Dizel,SUV,Önden Çekiş,Galeriden,830000.0,896305,830000,-66305,-7.4,MAKUL
2012,260000.0,1461.0,110.0,,12.2,,4330.0,1783.0,1615.0,,5.0,,4.0,15761.0,Nissan,Düz,Dizel,SUV,Önden Çekiş,Galeriden,865000.0,850898,865000,14101,1.7,MAKUL
2016,182000.0,1598.0,130.0,,10.7,,4379.0,1800.0,1590.0,,5.0,,4.0,17977.0,Nissan,Otomatik,Dizel,SUV,Önden Çekiş,Galeriden,1330000.0,1321149,1330000,8850,0.7,MAKUL
2016,110600.0,1591.0,130.0,,11.5,,4394.0,1806.0,1615.0,,5.0,,4.0,15946.0,Nissan,Otomatik,Benzin,SUV,Önden Çekiş,Galeriden,1195000.0,1251490,1195000,-56490,-4.5,MAKUL
2018,13000.0,1591.0,130.0,,11.5,,4394.0,1806.0,1615.0,,5.0,,4.0,15946.0,Nissan,Otomatik,Benzin,SUV,Önden Çekiş,Galeriden,1550000.0,1556627,1550000,-6627,-0.4,MAKUL
2017,143000.0,1591.0,130.0,,11.5,,4394.0,1806.0,1615.0,,5.0,,4.0,15946.0,Nissan,Otomatik,Benzin,SUV,Önden Çekiş,Galeriden,1257500.0,1273536,1257500,-16036,-1.3,MAKUL
2018,260000.0,1591.0,130.0,,11.5,,4394.0,1806.0,1615.0,,5.0,,4.0,15946.0,Nissan,Otomatik,Dizel,SUV,Önden Çekiş,Galeriden,1375000.0,1234604,1375000,140395,11.4,PAHALI
2018,138000.0,1591.0,130.0,,11.5,,4394.0,1806.0,1615.0,,5.0,,4.0,15946.0,Nissan,Otomatik,Dizel,SUV,Önden Çekiş,Galeriden,1795000.0,1537740,1795000,257259,16.7,PAHALI
2011,246000.0,1591.0,130.0,,11.5,,4394.0,1806.0,1615.0,,5.0,,4.0,15946.0,Nissan,Düz,Dizel,SUV,Önden Çekiş,Galeriden,689000.0,709691,689000,-20691,-2.9,MAKUL
2014,87000.0,1598.0,130.0,,10.7,,4379.0,1800.0,1590.0,,5.0,,4.0,17977.0,Nissan,Otomatik,Dizel,SUV,Önden Çekiş,Galeriden,1525000.0,1497938,1525000,27061,1.8,MAKUL
2021,69400.0,1332.0,158.0,,10.1,,4394.0,1806.0,1590.0,,5.0,,4.0,15528.0,Nissan,Yarı Otomatik,Benzin,SUV,Önden Çekiş,Galeriden,1768750.0,1775366,1768750,-6616,-0.4,MAKUL
2023,68000.0,999.0,115.0,,11.8,,4210.0,1800.0,1595.0,,5.0,,3.0,11957.0,Nissan,Yarı Otomatik,Benzin,SUV,Önden Çekiş,Galeriden,1405000.0,1408934,1405000,-3934,-0.3,MAKUL
2013,195600.0,1461.0,110.0,,12.2,,4541.0,1780.0,1645.0,,7.0,,4.0,15761.0,Nissan,Düz,Dizel,SUV,Önden Çekiş,Galeriden,935000.0,957339,935000,-22339,-2.3,MAKUL
2023,31859.0,999.0,115.0,,11.8,,4210.0,1800.0,1595.0,,5.0,,3.0,11957.0,Nissan,Yarı Otomatik,Benzin,SUV,Önden Çekiş,Galeriden,1479500.0,1482241,1479500,-2741,-0.2,MAKUL
2017,172000.0,1591.0,130.0,,11.5,,4394.0,1806.0,1615.0,,5.0,,4.0,15946.0,Nissan,Otomatik,Dizel,SUV,Önden Çekiş,Galeriden,1195000.0,1389549,1195000,-194549,-14.0,FIRSAT
2016,97000.0,1197.0,115.0,,12.9,,4379.0,1800.0,1590.0,,5.0,,4.0,17977.0,Nissan,Otomatik,Benzin,SUV,Önden Çekiş,Galeriden,1370000.0,1371112,1370000,-1112,-0.1,MAKUL
2024,31000.0,999.0,115.0,,11.8,,4210.0,1800.0,1595.0,,5.0,,3.0,11957.0,Nissan,Yarı Otomatik,Benzin,SUV,Önden Çekiş,Galeriden,1469000.0,1470955,1469000,-1955,-0.1,MAKUL
2012,82000.0,1598.0,117.0,,11.5,,4135.0,1765.0,1570.0,,5.0,,4.0,14518.0,Nissan,Otomatik,Benzin,SUV,Önden Çekiş,Galeriden,952000.0,952066,952000,-66,-0.0,MAKUL
2015,256000.0,1598.0,130.0,,10.7,,4379.0,1800.0,1590.0,,5.0,,4.0,17977.0,Nissan,Otomatik,Dizel,SUV,Önden Çekiş,Galeriden,1060000.0,1090721,1060000,-30721,-2.8,MAKUL
2012,135000.0,1461.0,106.0,,12.2,,4315.0,1780.0,1615.0,,5.0,,4.0,13348.0,Nissan,Düz,Dizel,SUV,Önden Çekiş,Galeriden,949000.0,976799,949000,-27799,-2.8,MAKUL
1999,425000.0,2494.0,83.0,,18.7,,4975.0,1690.0,1610.0,,5.0,,4.0,15946.0,Nissan,Düz,Dizel,Hard top,4WD (Sürekli),Galeriden,380000.0,380428,380000,-428,-0.1,MAKUL
2017,98000.0,1591.0,130.0,,11.5,,4394.0,1806.0,1615.0,,5.0,,4.0,15946.0,Nissan,Otomatik,Dizel,SUV,Önden Çekiş,Galeriden,1575000.0,1625104,1575000,-50104,-3.1,MAKUL
2021,113000.0,1332.0,158.0,,10.1,,4394.0,1806.0,1590.0,,5.0,,4.0,15528.0,Nissan,Yarı Otomatik,Benzin,SUV,Önden Çekiş,Galeriden,1665000.0,1669780,1665000,-4780,-0.3,MAKUL
2023,25000.0,1497.0,190.0,,7.9,,4425.0,1835.0,1625.0,,5.0,,3.0,16769.0,Nissan,Otomatik,Hibrit,SUV,Önden Çekiş,Galeriden,1999999.0,2050813,1999999,-50814,-2.5,MAKUL
2001,246000.0,2488.0,133.0,,13.0,,5090.0,1825.0,1830.0,,5.0,,4.0,15946.0,Nissan,Düz,Dizel,Hard top,Arkadan İtiş,Galeriden,290000.0,322415,290000,-32415,-10.1,FIRSAT
2020,24000.0,999.0,115.0,,11.8,,4210.0,1800.0,1595.0,,5.0,,3.0,11957.0,Nissan,Yarı Otomatik,Benzin,SUV,Önden Çekiş,Galeriden,1399900.0,1413743,1399900,-13843,-1.0,MAKUL
2016,152000.0,1598.0,130.0,,10.7,,4379.0,1800.0,1590.0,,5.0,,4.0,17538.0,Nissan,Otomatik,Dizel,SUV,Önden Çekiş,Galeriden,1445000.0,1385207,1445000,59792,4.3,MAKUL
2024,13000.0,1591.0,130.0,,11.5,,4394.0,1806.0,1615.0,,5.0,,4.0,15946.0,Nissan,Otomatik,Benzin,SUV,Önden Çekiş,Galeriden,2298000.0,2250226,2298000,47773,2.1,MAKUL
2015,174000.0,1598.0,130.0,,10.7,,4379.0,1800.0,1590.0,,5.0,,4.0,17538.0,Nissan,Otomatik,Dizel,SUV,Önden Çekiş,Galeriden,1249000.0,1282933,1249000,-33933,-2.6,MAKUL
2023,77000.0,1497.0,190.0,,7.9,,4425.0,1835.0,1625.0,,5.0,,3.0,16769.0,Nissan,Otomatik,Hibrit,SUV,Önden Çekiş,Galeriden,2050000.0,2076572,2050000,-26572,-1.3,MAKUL
2023,29000.0,1497.0,190.0,,7.9,,4425.0,1835.0,1625.0,,5.0,,3.0,18356.0,Nissan,Otomatik,Hibrit,SUV,Önden Çekiş,Galeriden,2425000.0,2397942,2425000,27057,1.1,MAKUL
2017,195000.0,1591.0,130.0,,11.5,,4394.0,1806.0,1615.0,,5.0,,4.0,15946.0,Nissan,Düz,Dizel,SUV,Önden Çekiş,Galeriden,1165000.0,1186867,1165000,-21867,-1.8,MAKUL
2011,210000.0,1598.0,117.0,,11.5,,4135.0,1765.0,1570.0,,5.0,,4.0,16754.0,Nissan,Otomatik,Benzin,SUV,Önden Çekiş,Galeriden,855750.0,855686,855750,63,0.0,MAKUL
2018,227000.0,1591.0,130.0,,11.5,,4394.0,1806.0,1615.0,,5.0,,4.0,15946.0,Nissan,Otomatik,Dizel,SUV,Önden Çekiş,Galeriden,1296750.0,1290239,1296750,6510,0.5,MAKUL
2015,217000.0,1598.0,130.0,,10.7,,4379.0,1800.0,1590.0,,5.0,,4.0,17538.0,Nissan,Otomatik,Dizel,SUV,Önden Çekiş,Galeriden,1200000.0,1200934,1200000,-934,-0.1,MAKUL
2015,197000.0,1591.0,130.0,,11.5,,4394.0,1806.0,1615.0,,5.0,,4.0,15946.0,Nissan,Düz,Dizel,SUV,Önden Çekiş,Galeriden,1025000.0,1079689,1025000,-54689,-5.1,MAKUL
2018,144500.0,1598.0,130.0,,11.4,,4690.0,1820.0,1710.0,,5.0,,4.0,15946.0,Nissan,Otomatik,Dizel,SUV,Önden Çekiş,Galeriden,1710000.0,1675903,1710000,34096,2.0,MAKUL
2013,111000.0,1591.0,130.0,,11.5,,4394.0,1806.0,1615.0,,5.0,,4.0,15946.0,Nissan,Düz,Benzin,SUV,Önden Çekiş,Sahibinden,985000.0,1009283,985000,-24283,-2.4,MAKUL
2025,7000.0,1591.0,130.0,,11.5,,4394.0,1806.0,1615.0,,5.0,,4.0,15946.0,Nissan,Otomatik,Benzin,SUV,AWD (Elektronik),Sahibinden,2580000.0,2594191,2580000,-14191,-0.5,MAKUL
2017,125600.0,1197.0,115.0,,12.9,,4394.0,1806.0,1590.0,,5.0,,4.0,14536.0,Nissan,Otomatik,Benzin,SUV,Önden Çekiş,Sahibinden,1525000.0,1438901,1525000,86098,6.0,MAKUL
2022,64000.0,1591.0,130.0,,11.5,,4394.0,1806.0,1615.0,,5.0,,4.0,15946.0,Nissan,Otomatik,Benzin,SUV,Önden Çekiş,Sahibinden,1665000.0,1869190,1665000,-204190,-10.9,FIRSAT
2018,136000.0,1598.0,130.0,,11.1,,4394.0,1806.0,1590.0,,5.0,,4.0,17538.0,Nissan,Otomatik,Dizel,SUV,Önden Çekiş,Sahibinden,1700000.0,1587070,1700000,112929,7.1,MAKUL
2014,209000.0,1461.0,110.0,,11.2,,4135.0,1765.0,1565.0,,5.0,,4.0,16754.0,Nissan,Düz,Dizel,SUV,Önden Çekiş,Sahibinden,830000.0,831101,830000,-1101,-0.1,MAKUL
2023,66999.0,1591.0,130.0,,11.5,,4394.0,1806.0,1615.0,,5.0,,4.0,15946.0,Nissan,Otomatik,Benzin,SUV,Önden Çekiş,Galeriden,1950000.0,1971315,1950000,-21315,-1.1,MAKUL
2012,158000.0,1461.0,106.0,,12.2,,4315.0,1780.0,1615.0,,5.0,,4.0,13348.0,Nissan,Düz,Dizel,SUV,Önden Çekiş,Galeriden,925000.0,949299,925000,-24299,-2.6,MAKUL
2014,265000.0,1598.0,130.0,,11.4,,4643.0,1820.0,1695.0,,7.0,,4.0,19938.0,Nissan,Otomatik,Dizel,SUV,Önden Çekiş,Galeriden,1417000.0,1152386,1417000,264613,23.0,PAHALI
2018,86000.0,1598.0,117.0,,11.5,,4135.0,1765.0,1565.0,,5.0,,4.0,13260.0,Nissan,Otomatik,Benzin,SUV,Önden Çekiş,Galeriden,1150000.0,1160302,1150000,-10302,-0.9,MAKUL
2018,174000.0,1598.0,130.0,,11.1,,4394.0,1806.0,1590.0,,5.0,,4.0,17538.0,Nissan,Otomatik,Dizel,SUV,Önden Çekiş,Galeriden,1650000.0,1517165,1650000,132834,8.8,MAKUL
2018,165000.0,1598.0,130.0,,11.1,,4394.0,1806.0,1590.0,,5.0,,4.0,17538.0,Nissan,Otomatik,Dizel,SUV,Önden Çekiş,Galeriden,1420000.0,1457645,1420000,-37645,-2.6,MAKUL
2012,240000.0,1461.0,110.0,,11.3,,4135.0,1765.0,1570.0,,5.0,,4.0,16754.0,Nissan,Düz,Dizel,SUV,Önden Çekiş,Galeriden,682500.0,674574,682500,7925,1.2,MAKUL
2017,149000.0,1591.0,130.0,,11.5,,4394.0,1806.0,1615.0,,5.0,,4.0,15946.0,Nissan,Otomatik,Dizel,SUV,Önden Çekiş,Galeriden,1400000.0,1476633,1400000,-76633,-5.2,MAKUL
2017,190000.0,1591.0,130.0,,11.5,,4394.0,1806.0,1615.0,,5.0,,4.0,15946.0,Nissan,Düz,Dizel,SUV,Önden Çekiş,Galeriden,1240000.0,1224997,1240000,15002,1.2,MAKUL
2011,196000.0,1591.0,130.0,,11.5,,4394.0,1806.0,1615.0,,5.0,,4.0,15946.0,Nissan,Düz,Dizel,SUV,Önden Çekiş,Galeriden,870000.0,881779,870000,-11779,-1.3,MAKUL
2010,251000.0,1591.0,130.0,,11.5,,4394.0,1806.0,1615.0,,5.0,,4.0,15946.0,Nissan,Düz,Dizel,SUV,Önden Çekiş,Galeriden,749000.0,732905,749000,16094,2.2,MAKUL
2015,185000.0,1598.0,130.0,,10.7,,4379.0,1800.0,1590.0,,5.0,,4.0,17977.0,Nissan,Otomatik,Dizel,SUV,Önden Çekiş,Galeriden,1330000.0,1291990,1330000,38009,2.9,MAKUL
2014,191000.0,1598.0,130.0,,10.7,,4379.0,1800.0,1590.0,,5.0,,4.0,17977.0,Nissan,Otomatik,Dizel,SUV,Önden Çekiş,Galeriden,1175000.0,1231295,1175000,-56295,-4.6,MAKUL
2019,90000.0,1591.0,130.0,,11.5,,4394.0,1806.0,1615.0,,5.0,,4.0,15946.0,Nissan,Otomatik,Benzin,SUV,Önden Çekiş,Galeriden,1810000.0,1782477,1810000,27522,1.5,MAKUL
2020,103942.0,1461.0,115.0,,13.0,,4394.0,1806.0,1590.0,,5.0,,4.0,15261.0,Nissan,Yarı Otomatik,Dizel,SUV,Önden Çekiş,Galeriden,1789500.0,1778100,1789500,11399,0.6,MAKUL
2020,50000.0,1461.0,115.0,,13.0,,4394.0,1806.0,1590.0,,5.0,,4.0,15261.0,Nissan,Yarı Otomatik,Dizel,SUV,Önden Çekiş,Galeriden,1874000.0,1876711,1874000,-2711,-0.1,MAKUL
2018,72545.0,1591.0,130.0,,11.5,,4394.0,1806.0,1615.0,,5.0,,4.0,15946.0,Nissan,Otomatik,Benzin,SUV,Önden Çekiş,Galeriden,1319900.0,1377395,1319900,-57495,-4.2,MAKUL
2016,203000.0,1461.0,110.0,,12.4,,4379.0,1800.0,1590.0,,5.0,,4.0,18918.0,Nissan,Düz,Dizel,SUV,Önden Çekiş,Galeriden,975000.0,1019261,975000,-44261,-4.3,MAKUL
2018,168989.0,1591.0,130.0,,11.5,,4394.0,1806.0,1615.0,,5.0,,4.0,15946.0,Nissan,Otomatik,Dizel,SUV,Önden Çekiş,Galeriden,1490750.0,1465353,1490750,25396,1.7,MAKUL
2014,245000.0,1591.0,130.0,,11.5,,4394.0,1806.0,1615.0,,5.0,,4.0,15946.0,Nissan,Düz,Dizel,SUV,Önden Çekiş,Galeriden,1060000.0,1044314,1060000,15685,1.5,MAKUL
2016,234000.0,1598.0,130.0,,11.4,,4643.0,1820.0,1695.0,,7.0,,4.0,16177.0,Nissan,Otomatik,Dizel,SUV,Önden Çekiş,Galeriden,1265000.0,1255387,1265000,9612,0.8,MAKUL
2011,324000.0,1591.0,130.0,,11.5,,4394.0,1806.0,1615.0,,5.0,,4.0,15946.0,Nissan,Düz,Dizel,SUV,Arkadan İtiş,Galeriden,530000.0,555762,530000,-25762,-4.6,MAKUL
2013,147000.0,1591.0,130.0,,11.5,,4394.0,1806.0,1615.0,,5.0,,4.0,15946.0,Nissan,Otomatik,Benzin,SUV,Önden Çekiş,Galeriden,1029950.0,1042930,1029950,-12980,-1.2,MAKUL
2009,150000.0,1598.0,115.0,,12.0,,4315.0,1780.0,1615.0,,5.0,,4.0,13348.0,Nissan,Düz,Benzin,SUV,Önden Çekiş,Galeriden,625000.0,679782,625000,-54782,-8.1,MAKUL
2017,84000.0,1591.0,130.0,,11.5,,4394.0,1806.0,1615.0,,5.0,,4.0,15946.0,Nissan,Otomatik,Benzin,Crossover,Önden Çekiş,Galeriden,1067000.0,1080632,1067000,-13632,-1.3,MAKUL
2016,196000.0,1598.0,130.0,,10.7,,4379.0,1800.0,1590.0,,5.0,,4.0,17538.0,Nissan,Otomatik,Dizel,SUV,Önden Çekiş,Galeriden,1125000.0,1262092,1125000,-137092,-10.9,FIRSAT
2016,155000.0,1598.0,130.0,,11.4,,4643.0,1820.0,1695.0,,7.0,,4.0,16177.0,Nissan,Otomatik,Dizel,SUV,Önden Çekiş,Galeriden,1492500.0,1498389,1492500,-5889,-0.4,MAKUL
2016,160000.0,2298.0,190.0,,10.8,,5330.0,1850.0,1840.0,,5.0,,4.0,15946.0,Nissan,Otomatik,Dizel,Hard top,4WD (Sürekli),Galeriden,1375000.0,1370463,1375000,4536,0.3,MAKUL
2014,134000.0,1461.0,110.0,,11.2,,4135.0,1765.0,1565.0,,5.0,,4.0,14518.0,Nissan,Düz,Dizel,SUV,Önden Çekiş,Galeriden,875000.0,896597,875000,-21597,-2.4,MAKUL
2018,90000.0,1461.0,110.0,,11.2,,4135.0,1765.0,1565.0,,5.0,,4.0,16754.0,Nissan,Düz,Dizel,SUV,Önden Çekiş,Galeriden,885000.0,895890,885000,-10890,-1.2,MAKUL
2016,168159.0,1591.0,130.0,,11.5,,4394.0,1806.0,1615.0,,5.0,,4.0,15946.0,Nissan,Düz,Dizel,SUV,Arkadan İtiş,Galeriden,1100000.0,1100695,1100000,-695,-0.1,MAKUL
2025,19260.0,999.0,115.0,,11.8,,4210.0,1800.0,1595.0,,5.0,,3.0,11957.0,Nissan,Yarı Otomatik,Benzin,SUV,Önden Çekiş,Yetkili Bayiden,1575950.0,1575040,1575950,909,0.1,MAKUL
2013,280000.0,1461.0,110.0,,12.2,,4330.0,1783.0,1615.0,,5.0,,4.0,13348.0,Nissan,Düz,Dizel,SUV,Önden Çekiş,Galeriden,749950.0,792856,749950,-42906,-5.4,MAKUL
2012,179000.0,2488.0,163.0,,11.6,,5396.0,1848.0,1790.0,,5.0,,4.0,15946.0,Nissan,Otomatik,Dizel,Hard top,Arkadan İtiş,Galeriden,910000.0,919713,910000,-9713,-1.1,MAKUL
2014,142000.0,1598.0,117.0,,11.5,,4135.0,1765.0,1565.0,,5.0,,4.0,14518.0,Nissan,Otomatik,Benzin,SUV,Önden Çekiş,Sahibinden,940000.0,959242,940000,-19242,-2.0,MAKUL
2015,105000.0,1461.0,110.0,,11.2,,4135.0,1765.0,1565.0,,5.0,,4.0,14518.0,Nissan,Düz,Dizel,SUV,Önden Çekiş,Sahibinden,1000000.0,999759,1000000,240,0.0,MAKUL
2013,183000.0,1461.0,110.0,,12.2,,4541.0,1780.0,1645.0,,7.0,,4.0,13348.0,Nissan,Düz,Dizel,SUV,Önden Çekiş,Sahibinden,908500.0,943343,908500,-34843,-3.7,MAKUL
2019,219000.0,1461.0,115.0,,13.0,,4394.0,1806.0,1590.0,,5.0,,4.0,16546.0,Nissan,Yarı Otomatik,Dizel,SUV,Önden Çekiş,Sahibinden,1240000.0,1270141,1240000,-30141,-2.4,MAKUL
2018,149000.0,1598.0,130.0,,11.1,,4394.0,1806.0,1590.0,,5.0,,4.0,14536.0,Nissan,Otomatik,Dizel,SUV,Önden Çekiş,Sahibinden,1425000.0,1445881,1425000,-20881,-1.4,MAKUL
2015,89850.0,1197.0,115.0,,12.9,,4379.0,1800.0,1590.0,,5.0,,4.0,14536.0,Nissan,Otomatik,Benzin,SUV,Önden Çekiş,Sahibinden,1255000.0,1262939,1255000,-7939,-0.6,MAKUL
2003,275000.0,1998.0,140.0,,13.1,,4510.0,1765.0,1750.0,,5.0,,4.0,15946.0,Nissan,Otomatik,LPG & Benzin,SUV,4WD (Sürekli),Sahibinden,550000.0,555168,550000,-5168,-0.9,MAKUL
2017,193000.0,1461.0,110.0,,12.4,,4379.0,1800.0,1590.0,,5.0,,4.0,15946.0,Nissan,Düz,Dizel,SUV,Önden Çekiş,Sahibinden,1340000.0,1329682,1340000,10317,0.8,MAKUL
2014,165000.0,1461.0,110.0,,11.2,,4135.0,1765.0,1565.0,,5.0,,4.0,14518.0,Nissan,Düz,Dizel,SUV,Önden Çekiş,Sahibinden,925000.0,935564,925000,-10564,-1.1,MAKUL
2017,325000.0,1461.0,110.0,,11.2,,4135.0,1765.0,1565.0,,5.0,,4.0,14518.0,Nissan,Düz,Dizel,SUV,Önden Çekiş,Sahibinden,690000.0,703753,690000,-13753,-2.0,MAKUL
2016,95600.0,1598.0,117.0,,11.5,,4135.0,1765.0,1565.0,,5.0,,4.0,13260.0,Nissan,Otomatik,LPG & Benzin,SUV,Önden Çekiş,Sahibinden,1100000.0,1106784,1100000,-6784,-0.6,MAKUL
2018,125000.0,1598.0,130.0,,11.1,,4394.0,1806.0,1590.0,,5.0,,4.0,17538.0,Nissan,Otomatik,Dizel,SUV,Önden Çekiş,Sahibinden,1665000.0,1613430,1665000,51569,3.2,MAKUL
2016,116000.0,1461.0,110.0,,12.4,,4379.0,1800.0,1590.0,,5.0,,4.0,18918.0,Nissan,Düz,Dizel,SUV,Önden Çekiş,Sahibinden,1750000.0,1697490,1750000,52509,3.1,MAKUL
2018,91000.0,1197.0,115.0,,12.9,,4394.0,1806.0,1590.0,,5.0,,4.0,17538.0,Nissan,Otomatik,Benzin,SUV,Önden Çekiş,Sahibinden,1440000.0,1447694,1440000,-7694,-0.5,MAKUL
2014,185000.0,1461.0,110.0,,12.4,,4379.0,1800.0,1590.0,,5.0,,4.0,15946.0,Nissan,Düz,Dizel,SUV,Önden Çekiş,Sahibinden,980000.0,1060860,980000,-80860,-7.6,MAKUL
2023,52000.0,1497.0,190.0,,7.9,,4425.0,1835.0,1625.0,,5.0,,3.0,16769.0,Nissan,Otomatik,Hibrit,SUV,Önden Çekiş,Sahibinden,2170000.0,2184539,2170000,-14539,-0.7,MAKUL
2016,169000.0,1598.0,130.0,,10.7,,4379.0,1800.0,1590.0,,5.0,,4.0,17977.0,Nissan,Otomatik,Dizel,SUV,Önden Çekiş,Sahibinden,1325000.0,1381732,1325000,-56732,-4.1,MAKUL
2021,27100.0,999.0,115.0,,11.8,,4210.0,1800.0,1595.0,,5.0,,3.0,11957.0,Nissan,Yarı Otomatik,Benzin,SUV,Önden Çekiş,Sahibinden,1380000.0,1394701,1380000,-14701,-1.1,MAKUL
2012,168500.0,1461.0,110.0,,12.2,,4541.0,1780.0,1645.0,,7.0,,4.0,13348.0,Nissan,Düz,Dizel,SUV,Önden Çekiş,Sahibinden,995000.0,977306,995000,17693,1.8,MAKUL
2011,228600.0,1995.0,150.0,,12.0,,4315.0,1780.0,1615.0,,5.0,,4.0,13348.0,Nissan,Otomatik,Dizel,SUV,4WD (Sürekli),Sahibinden,925000.0,927931,925000,-2931,-0.3,MAKUL
2016,92000.0,1197.0,115.0,,12.9,,4379.0,1800.0,1590.0,,5.0,,4.0,14536.0,Nissan,Otomatik,Benzin,SUV,Önden Çekiş,Sahibinden,1250000.0,1281415,1250000,-31415,-2.5,MAKUL
2020,63500.0,2298.0,190.0,,10.8,,5330.0,1850.0,1840.0,,5.0,,4.0,15946.0,Nissan,Otomatik,Dizel,Hard top,4WD (Sürekli),Sahibinden,1590000.0,1617420,1590000,-27420,-1.7,MAKUL
2022,62000.0,1591.0,130.0,,11.5,,4394.0,1806.0,1615.0,,5.0,,4.0,15946.0,Nissan,Otomatik,Benzin,SUV,Önden Çekiş,Sahibinden,2220000.0,2072115,2220000,147884,7.1,MAKUL
2015,73000.0,1197.0,115.0,,12.9,,4379.0,1800.0,1590.0,,5.0,,4.0,17977.0,Nissan,Otomatik,Benzin,SUV,Önden Çekiş,Sahibinden,1215000.0,1266391,1215000,-51391,-4.1,MAKUL
2025,6700.0,1591.0,130.0,,11.5,,4394.0,1806.0,1615.0,,5.0,,4.0,15946.0,Nissan,Otomatik,Benzin,SUV,Önden Çekiş,Sahibinden,2375000.0,2226222,2375000,148777,6.7,MAKUL
2012,179000.0,1598.0,115.0,,11.8,,4541.0,1780.0,1645.0,,7.0,,4.0,13348.0,Nissan,Düz,Benzin,SUV,Önden Çekiş,Sahibinden,870000.0,884788,870000,-14788,-1.7,MAKUL
2018,110000.0,1598.0,130.0,,11.4,,4690.0,1820.0,1710.0,,5.0,,4.0,20908.0,Nissan,Otomatik,Dizel,SUV,Önden Çekiş,Galeriden,1950000.0,1896274,1950000,53725,2.8,MAKUL
1998,193000.0,2664.0,125.0,,15.7,,4185.0,1755.0,1830.0,,5.0,,4.0,15946.0,Nissan,Düz,Dizel,Crossover,Önden Çekiş,Galeriden,445000.0,493524,445000,-48524,-9.8,MAKUL
2017,122000.0,1598.0,130.0,,11.1,,4394.0,1806.0,1590.0,,5.0,,4.0,17538.0,Nissan,Otomatik,Dizel,SUV,Önden Çekiş,Sahibinden,1625000.0,1573029,1625000,51970,3.3,MAKUL
2011,205000.0,1591.0,130.0,,11.5,,4394.0,1806.0,1615.0,,5.0,,4.0,15946.0,Nissan,Otomatik,Dizel,SUV,AWD (Elektronik),Galeriden,835000.0,843149,835000,-8149,-1.0,MAKUL
2017,76000.0,1591.0,130.0,,11.5,,4394.0,1806.0,1615.0,,5.0,,4.0,15946.0,Nissan,Otomatik,Benzin,Crossover,Önden Çekiş,Galeriden,1179000.0,1173775,1179000,5224,0.4,MAKUL
2025,6002.0,1332.0,158.0,,9.2,,4425.0,1848.0,1625.0,,5.0,,4.0,18751.0,Nissan,Otomatik,Hibrit,SUV,Önden Çekiş,Galeriden,2800000.0,2747975,2800000,52024,1.9,MAKUL
2024,14331.0,999.0,115.0,,11.8,,4210.0,1800.0,1595.0,,5.0,,3.0,16173.0,Nissan,Yarı Otomatik,Benzin,SUV,Önden Çekiş,Galeriden,1385000.0,1408532,1385000,-23532,-1.7,MAKUL
2020,57000.0,1461.0,115.0,,13.0,,4394.0,1806.0,1590.0,,5.0,,4.0,15261.0,Nissan,Yarı Otomatik,Dizel,SUV,Önden Çekiş,Galeriden,1985000.0,1948074,1985000,36925,1.9,MAKUL
2020,114000.0,1332.0,160.0,,10.1,,4394.0,1806.0,1590.0,,5.0,,4.0,16546.0,Nissan,Yarı Otomatik,Benzin,SUV,Önden Çekiş,Galeriden,1615000.0,1561230,1615000,53769,3.4,MAKUL
2017,142000.0,1591.0,130.0,,11.5,,4394.0,1806.0,1615.0,,5.0,,4.0,15946.0,Nissan,Otomatik,Dizel,SUV,Önden Çekiş,Galeriden,1475000.0,1482597,1475000,-7597,-0.5,MAKUL
2011,150000.0,1591.0,130.0,,11.5,,4394.0,1806.0,1615.0,,5.0,,4.0,15946.0,Nissan,Düz,Dizel,SUV,Önden Çekiş,Galeriden,975000.0,974753,975000,246,0.0,MAKUL
2025,6050.0,1591.0,130.0,,11.5,,4394.0,1806.0,1615.0,,5.0,,4.0,15946.0,Nissan,Otomatik,Hibrit,SUV,AWD (Elektronik),Galeriden,2990000.0,2516123,2990000,473876,18.8,PAHALI
2020,183000.0,1332.0,160.0,,10.1,,4394.0,1806.0,1590.0,,5.0,,4.0,15261.0,Nissan,Yarı Otomatik,Benzin,SUV,Önden Çekiş,Galeriden,1250000.0,1286475,1250000,-36475,-2.8,MAKUL
2012,85000.0,1598.0,117.0,,11.5,,4135.0,1765.0,1570.0,,5.0,,4.0,14518.0,Nissan,Otomatik,Benzin,SUV,Önden Çekiş,Galeriden,900000.0,923056,900000,-23056,-2.5,MAKUL
2019,74500.0,1591.0,130.0,,11.5,,4394.0,1806.0,1615.0,,5.0,,4.0,15946.0,Nissan,Düz,Dizel,SUV,Önden Çekiş,Galeriden,1670000.0,1664297,1670000,5702,0.3,MAKUL
2018,140000.0,1591.0,130.0,,11.5,,4394.0,1806.0,1615.0,,5.0,,4.0,15946.0,Nissan,Düz,Dizel,SUV,Önden Çekiş,Galeriden,1425000.0,1460582,1425000,-35582,-2.4,MAKUL
2019,132000.0,1461.0,115.0,,13.0,,4394.0,1806.0,1590.0,,5.0,,4.0,15261.0,Nissan,Yarı Otomatik,Dizel,SUV,Önden Çekiş,Galeriden,1360000.0,1405712,1360000,-45712,-3.3,MAKUL
2020,80000.0,999.0,115.0,,11.8,,4210.0,1800.0,1595.0,,5.0,,3.0,11957.0,Nissan,Yarı Otomatik,Benzin,SUV,Önden Çekiş,Galeriden,1329000.0,1343388,1329000,-14388,-1.1,MAKUL
2015,180250.0,1591.0,130.0,,11.5,,4394.0,1806.0,1615.0,,5.0,,4.0,15946.0,Nissan,Otomatik,Dizel,SUV,Önden Çekiş,Galeriden,1288850.0,1254983,1288850,33866,2.7,MAKUL
2017,131000.0,1591.0,130.0,,11.5,,4394.0,1806.0,1615.0,,5.0,,4.0,15946.0,Nissan,Düz,Dizel,SUV,AWD (Elektronik),Galeriden,1245000.0,1254168,1245000,-9168,-0.7,MAKUL
2017,180000.0,1591.0,130.0,,11.5,,4394.0,1806.0,1615.0,,5.0,,4.0,15946.0,Nissan,Düz,Dizel,SUV,Arkadan İtiş,Galeriden,920000.0,1051290,920000,-131290,-12.5,FIRSAT
2020,90000.0,1461.0,115.0,,13.0,,4394.0,1806.0,1590.0,,5.0,,4.0,15261.0,Nissan,Yarı Otomatik,Dizel,SUV,Önden Çekiş,Galeriden,1695000.0,1723301,1695000,-28301,-1.6,MAKUL
2016,102000.0,1598.0,130.0,,11.4,,4643.0,1820.0,1695.0,,7.0,,4.0,16177.0,Nissan,Otomatik,Dizel,SUV,Önden Çekiş,Galeriden,1450000.0,1506680,1450000,-56680,-3.8,MAKUL
2018,110000.0,1591.0,130.0,,11.5,,4394.0,1806.0,1615.0,,5.0,,4.0,15946.0,Nissan,Otomatik,Dizel,SUV,Önden Çekiş,Galeriden,1650000.0,1635364,1650000,14635,0.9,MAKUL
2021,104000.0,1591.0,130.0,,11.5,,4394.0,1806.0,1615.0,,5.0,,4.0,15946.0,Nissan,Otomatik,Benzin,SUV,Önden Çekiş,Galeriden,1830000.0,1839276,1830000,-9276,-0.5,MAKUL
2015,134000.0,1598.0,130.0,,11.4,,4643.0,1820.0,1695.0,,7.0,,4.0,16177.0,Nissan,Otomatik,Dizel,SUV,Önden Çekiş,Galeriden,1558000.0,1519710,1558000,38289,2.5,MAKUL
2013,83000.0,1591.0,130.0,,11.5,,4394.0,1806.0,1615.0,,5.0,,4.0,15946.0,Nissan,Otomatik,Benzin,SUV,Önden Çekiş,Galeriden,1090000.0,1106955,1090000,-16955,-1.5,MAKUL
2016,122000.0,1591.0,130.0,,11.5,,4394.0,1806.0,1615.0,,5.0,,4.0,15946.0,Nissan,Düz,Dizel,Crossover,Önden Çekiş,Galeriden,995000.0,970321,995000,24678,2.5,MAKUL
2006,247000.0,1591.0,130.0,,11.5,,4394.0,1806.0,1615.0,,5.0,,4.0,15946.0,Nissan,Düz,Dizel,SUV,Arkadan İtiş,Galeriden,625000.0,642587,625000,-17587,-2.7,MAKUL
2019,136000.0,1461.0,115.0,,13.0,,4394.0,1806.0,1590.0,,5.0,,4.0,15261.0,Nissan,Yarı Otomatik,Dizel,SUV,Önden Çekiş,Galeriden,1630000.0,1543721,1630000,86278,5.6,MAKUL
2014,202000.0,1591.0,130.0,,11.5,,4394.0,1806.0,1615.0,,5.0,,4.0,15946.0,Nissan,Düz,Dizel,SUV,Önden Çekiş,Galeriden,1130000.0,1077315,1130000,52684,4.9,MAKUL
2022,45000.0,1591.0,130.0,,11.5,,4394.0,1806.0,1615.0,,5.0,,4.0,15946.0,Nissan,Otomatik,Benzin,SUV,Önden Çekiş,Galeriden,2585000.0,2421272,2585000,163727,6.8,MAKUL
2016,165000.0,1591.0,130.0,,11.5,,4394.0,1806.0,1615.0,,5.0,,4.0,15946.0,Nissan,Otomatik,Dizel,SUV,Önden Çekiş,Galeriden,1189000.0,1264554,1189000,-75554,-6.0,MAKUL
2021,39250.0,2298.0,190.0,,10.8,,5330.0,1850.0,1840.0,,5.0,,4.0,15946.0,Nissan,Otomatik,Dizel,Hard top,4WD (Sürekli),Galeriden,1520000.0,1565435,1520000,-45435,-2.9,MAKUL
2020,55000.0,1332.0,160.0,,10.1,,4394.0,1806.0,1590.0,,5.0,,4.0,15261.0,Nissan,Yarı Otomatik,Benzin,SUV,Önden Çekiş,Galeriden,1565000.0,1587900,1565000,-22900,-1.4,MAKUL
2015,160000.0,1598.0,130.0,,10.7,,4379.0,1800.0,1590.0,,5.0,,4.0,18918.0,Nissan,Otomatik,Dizel,SUV,Önden Çekiş,Galeriden,1225000.0,1247682,1225000,-22682,-1.8,MAKUL
2020,212000.0,1461.0,115.0,,13.0,,4394.0,1806.0,1590.0,,5.0,,4.0,15261.0,Nissan,Yarı Otomatik,Dizel,SUV,Önden Çekiş,Galeriden,1500000.0,1527483,1500000,-27483,-1.8,MAKUL
2012,162000.0,1461.0,110.0,,12.2,,4330.0,1783.0,1615.0,,5.0,,4.0,15761.0,Nissan,Düz,Dizel,SUV,Önden Çekiş,Galeriden,998000.0,978327,998000,19672,2.0,MAKUL
2024,44000.0,1591.0,130.0,,11.5,,4394.0,1806.0,1615.0,,5.0,,4.0,15946.0,Nissan,Otomatik,Benzin,SUV,Önden Çekiş,Galeriden,2195000.0,2198140,2195000,-3140,-0.1,MAKUL
2020,160000.0,1332.0,160.0,,10.1,,4394.0,1806.0,1590.0,,5.0,,4.0,16546.0,Nissan,Yarı Otomatik,Benzin,SUV,Önden Çekiş,Galeriden,1430000.0,1448012,1430000,-18012,-1.2,MAKUL
2012,92000.0,1461.0,110.0,,11.3,,4135.0,1765.0,1570.0,,5.0,,4.0,16754.0,Nissan,Düz,Dizel,SUV,Önden Çekiş,Sahibinden,910500.0,900131,910500,10368,1.2,MAKUL
2012,164700.0,1461.0,106.0,,12.2,,4315.0,1780.0,1615.0,,5.0,,4.0,13348.0,Nissan,Düz,Dizel,SUV,Önden Çekiş,Sahibinden,848000.0,887926,848000,-39926,-4.5,MAKUL
2018,121000.0,1598.0,130.0,,11.1,,4394.0,1806.0,1590.0,,5.0,,4.0,14536.0,Nissan,Otomatik,Dizel,SUV,Önden Çekiş,Sahibinden,1600000.0,1588368,1600000,11631,0.7,MAKUL
2011,216000.0,1598.0,117.0,,11.0,,4135.0,1765.0,1570.0,,5.0,,4.0,17260.0,Nissan,Düz,LPG & Benzin,SUV,Önden Çekiş,Sahibinden,586000.0,616312,586000,-30312,-4.9,MAKUL
2014,168500.0,1598.0,130.0,,11.4,,4643.0,1820.0,1695.0,,7.0,,4.0,19938.0,Nissan,Otomatik,Dizel,SUV,Önden Çekiş,Sahibinden,1365000.0,1380947,1365000,-15947,-1.2,MAKUL
2025,7000.0,1591.0,130.0,,11.5,,4394.0,1806.0,1615.0,,5.0,,4.0,15946.0,Nissan,Otomatik,Benzin,SUV,AWD (Elektronik),Sahibinden,2580000.0,2594191,2580000,-14191,-0.5,MAKUL
2017,125600.0,1197.0,115.0,,12.9,,4394.0,1806.0,1590.0,,5.0,,4.0,14536.0,Nissan,Otomatik,Benzin,SUV,Önden Çekiş,Sahibinden,1365000.0,1438901,1365000,-73901,-5.1,MAKUL
2018,136000.0,1598.0,130.0,,11.1,,4394.0,1806.0,1590.0,,5.0,,4.0,17538.0,Nissan,Otomatik,Dizel,SUV,Önden Çekiş,Sahibinden,1700000.0,1587070,1700000,112929,7.1,MAKUL
2014,209000.0,1461.0,110.0,,11.2,,4135.0,1765.0,1565.0,,5.0,,4.0,16754.0,Nissan,Düz,Dizel,SUV,Önden Çekiş,Sahibinden,830000.0,831101,830000,-1101,-0.1,MAKUL
2018,174000.0,1598.0,130.0,,11.1,,4394.0,1806.0,1590.0,,5.0,,4.0,17538.0,Nissan,Otomatik,Dizel,SUV,Önden Çekiş,Galeriden,1650000.0,1517165,1650000,132834,8.8,MAKUL
2012,260000.0,1461.0,110.0,,12.2,,4330.0,1783.0,1615.0,,5.0,,4.0,15761.0,Nissan,Düz,Dizel,SUV,Önden Çekiş,Galeriden,865000.0,850898,865000,14101,1.7,MAKUL
2018,260000.0,1591.0,130.0,,11.5,,4394.0,1806.0,1615.0,,5.0,,4.0,15946.0,Nissan,Otomatik,Dizel,SUV,Önden Çekiş,Galeriden,1315000.0,1234604,1315000,80395,6.5,MAKUL
2025,15500.0,1591.0,130.0,,11.5,,4394.0,1806.0,1615.0,,5.0,,4.0,15946.0,Nissan,Otomatik,Hibrit,SUV,Önden Çekiş,Galeriden,2410000.0,2503657,2410000,-93657,-3.7,MAKUL
2014,116000.0,1197.0,115.0,,12.9,,4379.0,1800.0,1590.0,,5.0,,4.0,17977.0,Nissan,Otomatik,Benzin,SUV,Önden Çekiş,Galeriden,1175000.0,1301353,1175000,-126353,-9.7,MAKUL
2022,121000.0,1591.0,130.0,,11.5,,4394.0,1806.0,1615.0,,5.0,,4.0,15946.0,Nissan,Otomatik,Benzin,SUV,Önden Çekiş,Galeriden,1835750.0,1832608,1835750,3141,0.2,MAKUL
2022,30000.0,1332.0,158.0,,9.2,,4425.0,1848.0,1625.0,,5.0,,4.0,15528.0,Nissan,Otomatik,Benzin,SUV,Önden Çekiş,Galeriden,2299000.0,2261971,2299000,37028,1.6,MAKUL
2024,27000.0,1591.0,130.0,,11.5,,4394.0,1806.0,1615.0,,5.0,,4.0,15946.0,Nissan,Otomatik,Benzin,SUV,Önden Çekiş,Galeriden,2275000.0,2202215,2275000,72784,3.3,MAKUL
2016,114444.0,1598.0,130.0,,10.7,,4379.0,1800.0,1590.0,,5.0,,4.0,17538.0,Nissan,Otomatik,Dizel,SUV,Önden Çekiş,Sahibinden,1480000.0,1283098,1480000,196901,15.3,PAHALI
2016,116500.0,1598.0,130.0,,10.7,,4379.0,1800.0,1590.0,,5.0,,4.0,17538.0,Nissan,Otomatik,Dizel,SUV,Önden Çekiş,Sahibinden,1110000.0,1267022,1110000,-157022,-12.4,FIRSAT
2012,187000.0,1461.0,106.0,,12.2,,4315.0,1780.0,1615.0,,5.0,,4.0,14969.0,Nissan,Düz,Dizel,SUV,Önden Çekiş,Sahibinden,902000.0,885746,902000,16253,1.8,MAKUL
2015,163500.0,1598.0,130.0,,10.7,,4379.0,1800.0,1590.0,,5.0,,4.0,17538.0,Nissan,Otomatik,Dizel,SUV,Önden Çekiş,Sahibinden,1400000.0,1350474,1400000,49525,3.7,MAKUL
2016,88800.0,1598.0,117.0,,11.5,,4135.0,1765.0,1565.0,,5.0,,4.0,13260.0,Nissan,Otomatik,Benzin,SUV,Önden Çekiş,Sahibinden,1150000.0,1151867,1150000,-1867,-0.2,MAKUL
2016,145000.0,1461.0,110.0,,12.4,,4379.0,1800.0,1590.0,,5.0,,4.0,15946.0,Nissan,Düz,Dizel,SUV,Önden Çekiş,Sahibinden,1430000.0,1259398,1430000,170601,13.5,PAHALI
2016,286000.0,1591.0,130.0,,11.5,,4394.0,1806.0,1615.0,,5.0,,4.0,15946.0,Nissan,Düz,Dizel,SUV,Önden Çekiş,Sahibinden,1065000.0,1065446,1065000,-446,-0.0,MAKUL
2016,142000.0,2298.0,160.0,,12.1,,5300.0,1850.0,1790.0,,5.0,,4.0,15946.0,Nissan,Düz,Dizel,Hard top,Arkadan İtiş,Sahibinden,1100000.0,1151214,1100000,-51214,-4.4,MAKUL
2016,140560.0,2298.0,160.0,,12.1,,5300.0,1850.0,1790.0,,5.0,,4.0,15946.0,Nissan,Düz,Dizel,Hard top,Arkadan İtiş,Sahibinden,1150000.0,1150077,1150000,-77,-0.0,MAKUL
2014,225000.0,1461.0,110.0,,12.4,,4379.0,1800.0,1590.0,,5.0,,4.0,15946.0,Nissan,Düz,Dizel,SUV,Önden Çekiş,Sahibinden,1100000.0,1012699,1100000,87300,8.6,MAKUL
2014,176000.0,1461.0,110.0,,12.4,,4379.0,1800.0,1590.0,,5.0,,4.0,15946.0,Nissan,Düz,Dizel,SUV,Önden Çekiş,Sahibinden,1199000.0,1187309,1199000,11690,1.0,MAKUL
2015,251000.0,1598.0,130.0,,10.5,,4379.0,1800.0,1590.0,,5.0,,4.0,17977.0,Nissan,Düz,Dizel,SUV,Önden Çekiş,Sahibinden,930000.0,971641,930000,-41641,-4.3,MAKUL
2012,178000.0,1461.0,110.0,,12.2,,4330.0,1783.0,1615.0,,5.0,,4.0,13348.0,Nissan,Düz,Dizel,SUV,Önden Çekiş,Sahibinden,610000.0,774472,610000,-164472,-21.2,FIRSAT
2011,280000.0,1598.0,115.0,,11.5,,4394.0,1806.0,1615.0,,5.0,,4.0,15946.0,Nissan,Düz,LPG & Benzin,SUV,Önden Çekiş,Sahibinden,770000.0,743255,770000,26744,3.6,MAKUL
2024,18000.0,999.0,115.0,,11.8,,4210.0,1800.0,1595.0,,5.0,,3.0,16173.0,Nissan,Yarı Otomatik,Benzin,SUV,Önden Çekiş,Sahibinden,1700000.0,1612135,1700000,87864,5.5,MAKUL
2015,130000.0,1598.0,130.0,,10.7,,4379.0,1800.0,1590.0,,5.0,,4.0,18918.0,Nissan,Otomatik,Dizel,SUV,Önden Çekiş,Sahibinden,1450000.0,1304546,1450000,145453,11.1,PAHALI
2013,155000.0,1598.0,117.0,,11.5,,4135.0,1765.0,1570.0,,5.0,,4.0,16754.0,Nissan,Otomatik,Benzin,SUV,Önden Çekiş,Sahibinden,950000.0,884441,950000,65558,7.4,MAKUL
2009,192000.0,1598.0,115.0,,12.0,,4315.0,1780.0,1615.0,,5.0,,4.0,13348.0,Nissan,Düz,LPG & Benzin,SUV,Önden Çekiş,Sahibinden,715000.0,735709,715000,-20709,-2.8,MAKUL
2011,273000.0,1461.0,110.0,,11.3,,4135.0,1765.0,1570.0,,5.0,,4.0,16754.0,Nissan,Düz,Dizel,SUV,Önden Çekiş,Sahibinden,550000.0,571126,550000,-21126,-3.7,MAKUL
2014,161000.0,1598.0,130.0,,10.7,,4379.0,1800.0,1590.0,,5.0,,4.0,18918.0,Nissan,Otomatik,Dizel,SUV,Önden Çekiş,Sahibinden,1200000.0,1232912,1200000,-32912,-2.7,MAKUL
2021,47000.0,999.0,115.0,,11.8,,4210.0,1800.0,1595.0,,5.0,,3.0,11957.0,Nissan,Yarı Otomatik,Benzin,SUV,Önden Çekiş,Galeriden,1300000.0,1317039,1300000,-17039,-1.3,MAKUL
2016,201000.0,1598.0,130.0,,10.7,,4379.0,1800.0,1590.0,,5.0,,4.0,18918.0,Nissan,Otomatik,Dizel,SUV,Önden Çekiş,Sahibinden,1280000.0,1291542,1280000,-11542,-0.9,MAKUL
2015,188000.0,1598.0,130.0,,11.4,,4643.0,1820.0,1695.0,,7.0,,4.0,19938.0,Nissan,Otomatik,Dizel,SUV,Önden Çekiş,Galeriden,1350000.0,1346018,1350000,3981,0.3,MAKUL
2018,150000.0,1591.0,130.0,,11.5,,4394.0,1806.0,1615.0,,5.0,,4.0,15946.0,Nissan,Otomatik,Dizel,SUV,Önden Çekiş,Galeriden,1380000.0,1479168,1380000,-99168,-6.7,MAKUL
2018,198000.0,1591.0,130.0,,11.5,,4394.0,1806.0,1615.0,,5.0,,4.0,15946.0,Nissan,Otomatik,Dizel,SUV,Önden Çekiş,Galeriden,1395000.0,1433773,1395000,-38773,-2.7,MAKUL
2016,190000.0,1598.0,130.0,,10.7,,4379.0,1800.0,1590.0,,5.0,,4.0,17538.0,Nissan,Otomatik,Dizel,SUV,Önden Çekiş,Galeriden,1150000.0,1254087,1150000,-104087,-8.3,MAKUL
2018,150000.0,1591.0,130.0,,11.5,,4394.0,1806.0,1615.0,,5.0,,4.0,15946.0,Nissan,Otomatik,Benzin,SUV,Önden Çekiş,Galeriden,1349000.0,1372875,1349000,-23875,-1.7,MAKUL
2022,84000.0,1591.0,130.0,,11.5,,4394.0,1806.0,1615.0,,5.0,,4.0,15946.0,Nissan,Otomatik,Benzin,SUV,Önden Çekiş,Galeriden,1759450.0,1835735,1759450,-76285,-4.2,MAKUL
2012,463000.0,1461.0,110.0,,12.2,,4330.0,1783.0,1615.0,,5.0,,4.0,15761.0,Nissan,Düz,Dizel,SUV,Önden Çekiş,Galeriden,620000.0,628410,620000,-8410,-1.3,MAKUL
2025,20000.0,1591.0,130.0,,11.5,,4394.0,1806.0,1615.0,,5.0,,4.0,15946.0,Nissan,Otomatik,Benzin,SUV,Önden Çekiş,Galeriden,2395000.0,2307830,2395000,87169,3.8,MAKUL
2020,82000.0,1332.0,160.0,,10.1,,4394.0,1806.0,1590.0,,5.0,,4.0,16546.0,Nissan,Yarı Otomatik,Benzin,SUV,Önden Çekiş,Galeriden,1750000.0,1728732,1750000,21267,1.2,MAKUL
2018,220000.0,1591.0,130.0,,11.5,,4394.0,1806.0,1615.0,,5.0,,4.0,15946.0,Nissan,Otomatik,Dizel,SUV,Önden Çekiş,Galeriden,1295000.0,1284983,1295000,10016,0.8,MAKUL
2016,142000.0,1598.0,130.0,,10.7,,4379.0,1800.0,1590.0,,5.0,,4.0,18918.0,Nissan,Otomatik,Dizel,SUV,Önden Çekiş,Galeriden,1210000.0,1266561,1210000,-56561,-4.5,MAKUL
2017,125000.0,1591.0,130.0,,11.5,,4394.0,1806.0,1615.0,,5.0,,4.0,15946.0,Nissan,Otomatik,Dizel,SUV,Önden Çekiş,Galeriden,1515000.0,1522430,1515000,-7430,-0.5,MAKUL
2018,68000.0,1591.0,130.0,,11.5,,4394.0,1806.0,1615.0,,5.0,,4.0,15946.0,Nissan,Otomatik,Dizel,SUV,Önden Çekiş,Galeriden,1635000.0,1698610,1635000,-63610,-3.7,MAKUL
2016,146000.0,1591.0,130.0,,11.5,,4394.0,1806.0,1615.0,,5.0,,4.0,15946.0,Nissan,Otomatik,Dizel,SUV,Önden Çekiş,Galeriden,1040000.0,1202493,1040000,-162493,-13.5,FIRSAT
2016,307000.0,1598.0,130.0,,11.4,,4643.0,1820.0,1695.0,,7.0,,4.0,16177.0,Nissan,Otomatik,Dizel,SUV,Önden Çekiş,Galeriden,1080000.0,1082669,1080000,-2669,-0.2,MAKUL
2020,168000.0,1461.0,115.0,,13.0,,4394.0,1806.0,1590.0,,5.0,,4.0,15261.0,Nissan,Yarı Otomatik,Dizel,SUV,Önden Çekiş,Galeriden,1680000.0,1675034,1680000,4965,0.3,MAKUL
2020,109000.0,1332.0,160.0,,10.1,,4394.0,1806.0,1590.0,,5.0,,4.0,15261.0,Nissan,Yarı Otomatik,Benzin,SUV,Önden Çekiş,Galeriden,1499900.0,1509066,1499900,-9166,-0.6,MAKUL
2012,323000.0,1461.0,106.0,,12.2,,4315.0,1780.0,1615.0,,5.0,,4.0,13348.0,Nissan,Düz,Dizel,SUV,Önden Çekiş,Galeriden,700000.0,733419,700000,-33419,-4.6,MAKUL
2012,187000.0,1461.0,106.0,,12.2,,4315.0,1780.0,1615.0,,5.0,,4.0,13348.0,Nissan,Düz,Dizel,SUV,Önden Çekiş,Galeriden,975000.0,936750,975000,38249,4.1,MAKUL
2017,129000.0,1591.0,130.0,,11.5,,4394.0,1806.0,1615.0,,5.0,,4.0,15946.0,Nissan,Otomatik,Benzin,Crossover,Önden Çekiş,Galeriden,1070000.0,1078925,1070000,-8925,-0.8,MAKUL
2014,127000.0,1598.0,117.0,,11.5,,4135.0,1765.0,1565.0,,5.0,,4.0,13260.0,Nissan,Otomatik,Benzin,SUV,Önden Çekiş,Galeriden,1019000.0,1038497,1019000,-19497,-1.9,MAKUL
2014,137000.0,1197.0,115.0,,12.9,,4379.0,1800.0,1590.0,,5.0,,4.0,18918.0,Nissan,Otomatik,Benzin,SUV,Önden Çekiş,Galeriden,1349000.0,1314744,1349000,34255,2.6,MAKUL
2014,154000.0,1591.0,130.0,,11.5,,4394.0,1806.0,1615.0,,5.0,,4.0,15946.0,Nissan,Otomatik,Dizel,SUV,Önden Çekiş,Galeriden,1155000.0,1176148,1155000,-21148,-1.8,MAKUL
2018,156636.0,1591.0,130.0,,11.5,,4394.0,1806.0,1615.0,,5.0,,4.0,15946.0,Nissan,Otomatik,Dizel,SUV,Önden Çekiş,Galeriden,1489000.0,1486121,1489000,2878,0.2,MAKUL
2020,95000.0,1332.0,160.0,,10.1,,4394.0,1806.0,1590.0,,5.0,,4.0,16546.0,Nissan,Yarı Otomatik,Benzin,SUV,Önden Çekiş,Galeriden,1620000.0,1653848,1620000,-33848,-2.0,MAKUL
2015,220000.0,1591.0,130.0,,11.5,,4394.0,1806.0,1615.0,,5.0,,4.0,15946.0,Nissan,Düz,Dizel,SUV,Önden Çekiş,Galeriden,919000.0,986129,919000,-67129,-6.8,MAKUL
2018,55000.0,1461.0,110.0,,11.2,,4135.0,1765.0,1565.0,,5.0,,4.0,14518.0,Nissan,Düz,Dizel,SUV,Önden Çekiş,Galeriden,1135000.0,1137420,1135000,-2420,-0.2,MAKUL
2024,30000.0,999.0,115.0,,11.8,,4210.0,1800.0,1595.0,,5.0,,3.0,16173.0,Nissan,Yarı Otomatik,Benzin,SUV,Önden Çekiş,Galeriden,1515000.0,1526351,1515000,-11351,-0.7,MAKUL
2015,190000.0,1598.0,130.0,,10.7,,4379.0,1800.0,1590.0,,5.0,,4.0,17977.0,Nissan,Otomatik,Dizel,SUV,Önden Çekiş,Galeriden,1335000.0,1276854,1335000,58145,4.6,MAKUL
2017,165000.0,1591.0,130.0,,11.5,,4394.0,1806.0,1615.0,,5.0,,4.0,15946.0,Nissan,Otomatik,Dizel,SUV,Önden Çekiş,Galeriden,1355000.0,1442912,1355000,-87912,-6.1,MAKUL
2016,229000.0,1598.0,130.0,,10.7,,4379.0,1800.0,1590.0,,5.0,,4.0,17538.0,Nissan,Otomatik,Dizel,SUV,Önden Çekiş,Galeriden,1185000.0,1216241,1185000,-31241,-2.6,MAKUL
2023,86000.0,1591.0,130.0,,11.5,,4394.0,1806.0,1615.0,,5.0,,4.0,15946.0,Nissan,Otomatik,Benzin,SUV,Önden Çekiş,Galeriden,1925000.0,1941684,1925000,-16684,-0.9,MAKUL
2009,296500.0,1591.0,130.0,,11.5,,4394.0,1806.0,1615.0,,5.0,,4.0,15946.0,Nissan,Otomatik,Dizel,SUV,Arkadan İtiş,Galeriden,595000.0,622166,595000,-27166,-4.4,MAKUL
2017,191000.0,1461.0,110.0,,11.2,,4135.0,1765.0,1565.0,,5.0,,4.0,16754.0,Nissan,Düz,Dizel,SUV,Önden Çekiş,Galeriden,749000.0,768756,749000,-19756,-2.6,MAKUL
2015,120000.0,1591.0,130.0,,11.5,,4394.0,1806.0,1615.0,,5.0,,4.0,15946.0,Nissan,Düz,Dizel,Crossover,Önden Çekiş,Galeriden,965000.0,957278,965000,7721,0.8,MAKUL
2024,14000.0,1591.0,130.0,,11.5,,4394.0,1806.0,1615.0,,5.0,,4.0,15946.0,Nissan,Otomatik,Hibrit,SUV,Önden Çekiş,Galeriden,2845000.0,2746351,2845000,98648,3.6,MAKUL
2018,97000.0,1591.0,130.0,,11.5,,4394.0,1806.0,1615.0,,5.0,,4.0,15946.0,Nissan,Otomatik,Dizel,SUV,Önden Çekiş,Galeriden,1678000.0,1654865,1678000,23134,1.4,MAKUL
2016,82000.0,1591.0,130.0,,11.5,,4394.0,1806.0,1615.0,,5.0,,4.0,15946.0,Nissan,Düz,Dizel,SUV,Önden Çekiş,Galeriden,1425000.0,1431060,1425000,-6060,-0.4,MAKUL
2010,213000.0,1591.0,130.0,,11.5,,4394.0,1806.0,1615.0,,5.0,,4.0,15946.0,Nissan,Düz,Dizel,SUV,Önden Çekiş,Galeriden,780000.0,773906,780000,6093,0.8,MAKUL
2024,20850.0,1497.0,213.0,,7.0,,4680.0,1840.0,1725.0,,5.0,,3.0,15946.0,Nissan,Otomatik,Benzin,SUV,4WD (Sürekli),Galeriden,3060000.0,2974905,3060000,85094,2.9,MAKUL
2008,180000.0,1591.0,130.0,,11.5,,4394.0,1806.0,1615.0,,5.0,,4.0,15946.0,Nissan,Düz,Dizel,SUV,Arkadan İtiş,Galeriden,619000.0,640619,619000,-21619,-3.4,MAKUL
2014,200000.0,1598.0,130.0,,10.7,,4379.0,1800.0,1590.0,,5.0,,4.0,17977.0,Nissan,Otomatik,Dizel,SUV,Önden Çekiş,Galeriden,1275000.0,1244938,1275000,30061,2.4,MAKUL
2019,40000.0,1591.0,130.0,,11.5,,4394.0,1806.0,1615.0,,5.0,,4.0,15946.0,Nissan,Otomatik,Dizel,SUV,AWD (Elektronik),Galeriden,1940000.0,1927940,1940000,12059,0.6,MAKUL
2021,73500.0,999.0,115.0,,10.7,,4210.0,1800.0,1595.0,,5.0,,3.0,11957.0,Nissan,Düz,Benzin,SUV,Önden Çekiş,Galeriden,1167500.0,1191259,1167500,-23759,-2.0,MAKUL
2017,68000.0,1591.0,130.0,,11.5,,4394.0,1806.0,1615.0,,5.0,,4.0,15946.0,Nissan,Düz,Dizel,SUV,Önden Çekiş,Galeriden,1465000.0,1497482,1465000,-32482,-2.2,MAKUL
2013,125000.0,1591.0,130.0,,11.5,,4394.0,1806.0,1615.0,,5.0,,4.0,15946.0,Nissan,Düz,Dizel,SUV,Önden Çekiş,Galeriden,1120000.0,1099293,1120000,20706,1.9,MAKUL
2016,211000.0,1598.0,130.0,,11.4,,4643.0,1820.0,1695.0,,7.0,,4.0,16177.0,Nissan,Otomatik,Dizel,SUV,Önden Çekiş,Galeriden,1370000.0,1303364,1370000,66635,5.1,MAKUL
2016,130000.0,1598.0,130.0,,10.7,,4379.0,1800.0,1590.0,,5.0,,4.0,17538.0,Nissan,Otomatik,Dizel,SUV,Önden Çekiş,Galeriden,1444000.0,1367841,1444000,76158,5.6,MAKUL
2011,447000.0,1591.0,130.0,,11.5,,4394.0,1806.0,1615.0,,5.0,,4.0,15946.0,Nissan,Düz,Dizel,SUV,Arkadan İtiş,Galeriden,560000.0,597718,560000,-37718,-6.3,MAKUL
2023,53000.0,1591.0,130.0,,11.5,,4394.0,1806.0,1615.0,,5.0,,4.0,15946.0,Hyundai,Otomatik,Benzin,SUV,Önden Çekiş,Galeriden,1885000.0,1889362,1885000,-4362,-0.2,MAKUL
2018,139000.0,1598.0,136.0,,11.8,,4480.0,1850.0,1660.0,,5.0,,4.0,17340.0,Hyundai,Yarı Otomatik,Dizel,SUV,4WD (Sürekli),Galeriden,1799000.0,1806850,1799000,-7850,-0.4,MAKUL
2022,90000.0,1591.0,130.0,,11.5,,4394.0,1806.0,1615.0,,5.0,,4.0,15946.0,Hyundai,Otomatik,Dizel,SUV,Önden Çekiş,Galeriden,2050000.0,2089995,2050000,-39995,-1.9,MAKUL
2022,74800.0,1368.0,100.0,,13.7,,4180.0,1775.0,1500.0,,5.0,,4.0,11984.0,Hyundai,Otomatik,Benzin,SUV,Önden Çekiş,Galeriden,1235000.0,1252100,1235000,-17100,-1.4,MAKUL
2017,87000.0,1591.0,130.0,,11.5,,4394.0,1806.0,1615.0,,5.0,,4.0,15946.0,Hyundai,Otomatik,Benzin,SUV,AWD (Elektronik),Galeriden,1720000.0,1704062,1720000,15937,0.9,MAKUL
2012,145000.0,1591.0,130.0,,11.5,,4394.0,1806.0,1615.0,,5.0,,4.0,15946.0,Hyundai,Düz,LPG & Benzin,SUV,Önden Çekiş,Galeriden,925000.0,1017311,925000,-92311,-9.1,MAKUL
2024,6100.0,998.0,100.0,,11.7,,4180.0,1775.0,1500.0,,5.0,,3.0,12784.0,Hyundai,Yarı Otomatik,Benzin,SUV,Önden Çekiş,Galeriden,1220000.0,1473925,1220000,-253925,-17.2,FIRSAT
2023,111000.0,1368.0,100.0,,13.7,,4180.0,1775.0,1500.0,,5.0,,4.0,11984.0,Hyundai,Otomatik,Benzin,SUV,Önden Çekiş,Galeriden,1270000.0,1208385,1270000,61614,5.1,MAKUL
2025,6001.0,1591.0,130.0,,11.5,,4394.0,1806.0,1615.0,,5.0,,4.0,15946.0,Hyundai,Otomatik,Benzin,SUV,Önden Çekiş,Galeriden,1515000.0,1854852,1515000,-339852,-18.3,FIRSAT
2025,20000.0,998.0,100.0,,12.4,,4180.0,1775.0,1500.0,,5.0,,3.0,12704.0,Hyundai,Yarı Otomatik,Benzin,SUV,Önden Çekiş,Galeriden,1525000.0,1508060,1525000,16939,1.1,MAKUL
2024,30000.0,998.0,100.0,,11.7,,4180.0,1775.0,1500.0,,5.0,,3.0,12784.0,Hyundai,Yarı Otomatik,Benzin,SUV,Önden Çekiş,Galeriden,1290000.0,1397068,1290000,-107068,-7.7,MAKUL
2020,104000.0,1598.0,136.0,,11.8,,4480.0,1850.0,1660.0,,5.0,,4.0,17340.0,Hyundai,Yarı Otomatik,Dizel,Crossover,Önden Çekiş,Galeriden,1875000.0,1864107,1875000,10892,0.6,MAKUL
2024,14500.0,1598.0,136.0,,11.4,,4500.0,1865.0,1650.0,,5.0,,4.0,18370.0,Hyundai,Yarı Otomatik,Dizel,SUV,Önden Çekiş,Galeriden,2435000.0,2434017,2435000,982,0.0,MAKUL
2022,59000.0,1368.0,100.0,,13.7,,4180.0,1775.0,1500.0,,5.0,,4.0,12006.0,Hyundai,Otomatik,Benzin,SUV,Önden Çekiş,Galeriden,1370000.0,1301991,1370000,68008,5.2,MAKUL
2021,40000.0,1598.0,180.0,,8.8,,4500.0,1865.0,1650.0,,5.0,,4.0,16819.0,Hyundai,Yarı Otomatik,Benzin,SUV,Önden Çekiş,Galeriden,1700000.0,1721933,1700000,-21933,-1.3,MAKUL
2022,26000.0,1368.0,100.0,,13.7,,4180.0,1775.0,1500.0,,5.0,,4.0,12784.0,Hyundai,Otomatik,Benzin,SUV,Önden Çekiş,Galeriden,1439000.0,1442702,1439000,-3702,-0.3,MAKUL
2024,15000.0,998.0,100.0,,12.4,,4180.0,1775.0,1500.0,,5.0,,3.0,12704.0,Hyundai,Yarı Otomatik,Benzin,SUV,Önden Çekiş,Galeriden,1330000.0,1362450,1330000,-32450,-2.4,MAKUL
2018,80000.0,1591.0,130.0,,11.5,,4394.0,1806.0,1615.0,,5.0,,4.0,15946.0,Hyundai,Otomatik,Dizel,SUV,Önden Çekiş,Galeriden,1820000.0,1754040,1820000,65959,3.8,MAKUL
2021,103000.0,1591.0,130.0,,11.5,,4394.0,1806.0,1615.0,,5.0,,4.0,15946.0,Hyundai,Otomatik,Dizel,SUV,Önden Çekiş,Galeriden,1860000.0,1902436,1860000,-42436,-2.2,MAKUL
2014,125000.0,1591.0,135.0,,11.1,,4410.0,1820.0,1670.0,,5.0,,4.0,13470.0,Hyundai,Otomatik,Benzin,SUV,Önden Çekiş,Sahibinden,1080000.0,1172616,1080000,-92616,-7.9,MAKUL
2022,48000.0,1598.0,136.0,,11.4,,4500.0,1865.0,1650.0,,5.0,,4.0,18370.0,Hyundai,Yarı Otomatik,Dizel,SUV,Önden Çekiş,Sahibinden,2120000.0,2120036,2120000,-36,-0.0,MAKUL
2025,6250.0,1591.0,130.0,,11.5,,4394.0,1806.0,1615.0,,5.0,,4.0,15946.0,Hyundai,Otomatik,Elektrik,SUV,Önden Çekiş,Galeriden,1999000.0,2063984,1999000,-64984,-3.1,MAKUL
2011,160000.0,1995.0,184.0,,10.1,,4410.0,1820.0,1670.0,,5.0,,4.0,11708.0,Hyundai,Otomatik,Dizel,SUV,4WD (Sürekli),Galeriden,1070000.0,1056716,1070000,13283,1.3,MAKUL
2024,36000.0,1591.0,130.0,,11.5,,4394.0,1806.0,1615.0,,5.0,,4.0,15946.0,Hyundai,Otomatik,Elektrik,SUV,Önden Çekiş,Galeriden,1660000.0,1739415,1660000,-79415,-4.6,MAKUL
2023,46125.0,1591.0,130.0,,11.5,,4394.0,1806.0,1615.0,,5.0,,4.0,15946.0,Hyundai,Otomatik,Dizel,SUV,AWD (Elektronik),Galeriden,2519000.0,2464417,2519000,54582,2.2,MAKUL
2023,53000.0,1591.0,130.0,,11.5,,4394.0,1806.0,1615.0,,5.0,,4.0,15946.0,Hyundai,Otomatik,Dizel,SUV,AWD (Elektronik),Galeriden,2390000.0,2375769,2390000,14230,0.6,MAKUL
2025,9700.0,1591.0,130.0,,11.5,,4394.0,1806.0,1615.0,,5.0,,4.0,15946.0,Hyundai,Otomatik,Benzin,SUV,Önden Çekiş,Sahibinden,2400000.0,2363344,2400000,36655,1.6,MAKUL
2016,105000.0,1591.0,130.0,,11.5,,4394.0,1806.0,1615.0,,5.0,,4.0,15946.0,Hyundai,Otomatik,Benzin,SUV,AWD (Elektronik),Galeriden,1529000.0,1605038,1529000,-76038,-4.7,MAKUL
2023,56000.0,1368.0,100.0,,13.7,,4180.0,1775.0,1500.0,,5.0,,4.0,11984.0,Hyundai,Otomatik,Benzin,SUV,Önden Çekiş,Galeriden,1250000.0,1285006,1250000,-35006,-2.7,MAKUL
2019,218000.0,1598.0,136.0,,11.8,,4480.0,1850.0,1660.0,,5.0,,4.0,17340.0,Hyundai,Yarı Otomatik,Dizel,SUV,4WD (Sürekli),Sahibinden,1650000.0,1657058,1650000,-7058,-0.4,MAKUL
2020,128000.0,1598.0,136.0,,11.8,,4480.0,1850.0,1660.0,,5.0,,4.0,17340.0,Hyundai,Yarı Otomatik,Dizel,SUV,Önden Çekiş,Sahibinden,1915000.0,1859251,1915000,55748,3.0,MAKUL
2024,40000.0,1591.0,130.0,,11.5,,4394.0,1806.0,1615.0,,5.0,,4.0,15946.0,Hyundai,Otomatik,Elektrik,Crossover,Arkadan İtiş,Sahibinden,1600000.0,1611220,1600000,-11220,-0.7,MAKUL
2016,191000.0,1591.0,177.0,,9.1,,4475.0,1850.0,1660.0,,5.0,,4.0,16927.0,Hyundai,Yarı Otomatik,Benzin,SUV,Önden Çekiş,Sahibinden,1400000.0,1409958,1400000,-9958,-0.7,MAKUL
2017,185000.0,1591.0,132.0,,12.1,,4475.0,1850.0,1660.0,,5.0,,4.0,17784.0,Hyundai,Otomatik,LPG & Benzin,SUV,Önden Çekiş,Sahibinden,1465000.0,1442505,1465000,22494,1.6,MAKUL
2020,65000.0,1598.0,136.0,,11.8,,4480.0,1850.0,1660.0,,5.0,,4.0,19205.0,Hyundai,Yarı Otomatik,Dizel,SUV,Önden Çekiş,Galeriden,1847500.0,1860088,1847500,-12588,-0.7,MAKUL
2020,100000.0,1591.0,177.0,,8.9,,4480.0,1850.0,1660.0,,5.0,,4.0,19205.0,Hyundai,Yarı Otomatik,Benzin,SUV,Önden Çekiş,Galeriden,1769500.0,1769782,1769500,-282,-0.0,MAKUL
2020,53000.0,1591.0,177.0,,8.9,,4480.0,1850.0,1660.0,,5.0,,4.0,19205.0,Hyundai,Yarı Otomatik,Benzin,SUV,Önden Çekiş,Galeriden,1893500.0,1895503,1893500,-2003,-0.1,MAKUL
2020,67000.0,1591.0,177.0,,8.9,,4480.0,1850.0,1660.0,,5.0,,4.0,19205.0,Hyundai,Yarı Otomatik,Benzin,SUV,Önden Çekiş,Galeriden,1879500.0,1877139,1879500,2360,0.1,MAKUL
2016,59000.0,1591.0,130.0,,11.5,,4394.0,1806.0,1615.0,,5.0,,4.0,15946.0,Hyundai,Otomatik,Benzin,SUV,Önden Çekiş,Galeriden,1649750.0,1648756,1649750,993,0.1,MAKUL
2017,199000.0,1591.0,132.0,,11.5,,4475.0,1850.0,1660.0,,5.0,,4.0,16927.0,Hyundai,Düz,LPG & Benzin,SUV,Önden Çekiş,Yetkili Bayiden,1220000.0,1264087,1220000,-44087,-3.5,MAKUL
2016,99000.0,1591.0,132.0,,11.5,,4475.0,1850.0,1660.0,,5.0,,4.0,16927.0,Hyundai,Düz,Benzin,SUV,Önden Çekiş,Galeriden,1279000.0,1290086,1279000,-11086,-0.9,MAKUL
2016,165000.0,1591.0,130.0,,11.5,,4394.0,1806.0,1615.0,,5.0,,4.0,15946.0,Hyundai,Otomatik,Benzin,SUV,Önden Çekiş,Galeriden,1450000.0,1422425,1450000,27574,1.9,MAKUL
2016,143000.0,1591.0,132.0,,11.5,,4475.0,1850.0,1660.0,,5.0,,4.0,16927.0,Hyundai,Düz,LPG & Benzin,SUV,Önden Çekiş,Galeriden,1219750.0,1231729,1219750,-11979,-1.0,MAKUL
2020,100000.0,1591.0,130.0,,11.5,,4394.0,1806.0,1615.0,,5.0,,4.0,15946.0,Hyundai,Otomatik,Dizel,SUV,Önden Çekiş,Galeriden,1859000.0,1733380,1859000,125619,7.2,MAKUL
2021,110000.0,1591.0,130.0,,11.5,,4394.0,1806.0,1615.0,,5.0,,4.0,15946.0,Hyundai,Otomatik,Dizel,SUV,AWD (Elektronik),Galeriden,2175000.0,2178899,2175000,-3899,-0.2,MAKUL
2018,128000.0,1598.0,136.0,,11.8,,4480.0,1850.0,1660.0,,5.0,,4.0,17340.0,Hyundai,Yarı Otomatik,Dizel,SUV,4WD (Sürekli),Galeriden,1839000.0,1836348,1839000,2651,0.1,MAKUL
2022,52000.0,1591.0,130.0,,11.5,,4394.0,1806.0,1615.0,,5.0,,4.0,15946.0,Hyundai,Otomatik,Dizel,SUV,AWD (Elektronik),Galeriden,2199000.0,2254738,2199000,-55738,-2.5,MAKUL
2021,78000.0,1591.0,130.0,,11.5,,4394.0,1806.0,1615.0,,5.0,,4.0,15946.0,Hyundai,Otomatik,Dizel,SUV,Önden Çekiş,Galeriden,2237000.0,2104755,2237000,132244,6.3,MAKUL
2023,56150.0,1598.0,136.0,,11.4,,4500.0,1865.0,1650.0,,5.0,,4.0,16541.0,Hyundai,Yarı Otomatik,Dizel,SUV,Önden Çekiş,Galeriden,2325000.0,2299920,2325000,25079,1.1,MAKUL
2020,73000.0,1591.0,130.0,,11.5,,4394.0,1806.0,1615.0,,5.0,,4.0,15946.0,Hyundai,Otomatik,Dizel,SUV,Önden Çekiş,Galeriden,2025000.0,1774514,2025000,250485,14.1,PAHALI
2018,117000.0,1591.0,130.0,,11.5,,4394.0,1806.0,1615.0,,5.0,,4.0,15946.0,Hyundai,Otomatik,Dizel,SUV,Önden Çekiş,Galeriden,1785000.0,1711983,1785000,73016,4.3,MAKUL
2020,95000.0,1591.0,130.0,,11.5,,4394.0,1806.0,1615.0,,5.0,,4.0,15946.0,Hyundai,Otomatik,Dizel,SUV,AWD (Elektronik),Galeriden,1890000.0,1928110,1890000,-38110,-2.0,MAKUL
2025,15000.0,1591.0,130.0,,11.5,,4394.0,1806.0,1615.0,,5.0,,4.0,15946.0,Hyundai,Otomatik,Dizel,SUV,Önden Çekiş,Galeriden,2950000.0,2856704,2950000,93295,3.3,MAKUL
2019,142100.0,1598.0,136.0,,9.8,,4165.0,1800.0,1565.0,,5.0,,4.0,16069.0,Hyundai,Yarı Otomatik,Dizel,SUV,Önden Çekiş,Sahibinden,1300000.0,1298597,1300000,1402,0.1,MAKUL
2012,180000.0,1591.0,135.0,,11.1,,4410.0,1820.0,1670.0,,5.0,,4.0,15191.0,Hyundai,Düz,Benzin,SUV,Önden Çekiş,Sahibinden,900000.0,931744,900000,-31744,-3.4,MAKUL
2024,24000.0,1598.0,136.0,,11.6,,4500.0,1865.0,1650.0,,5.0,,4.0,15556.0,Hyundai,Yarı Otomatik,Dizel,SUV,4WD (Sürekli),Sahibinden,2750000.0,2741106,2750000,8893,0.3,MAKUL
2022,45000.0,998.0,120.0,,11.0,,4205.0,1800.0,1550.0,,5.0,,3.0,14658.0,Hyundai,Otomatik,Benzin,SUV,Önden Çekiş,Sahibinden,1430000.0,1436949,1430000,-6949,-0.5,MAKUL
2020,99080.0,1598.0,136.0,,11.8,,4480.0,1850.0,1660.0,,5.0,,4.0,17340.0,Hyundai,Yarı Otomatik,Dizel,SUV,Önden Çekiş,Sahibinden,1950000.0,1889964,1950000,60035,3.2,MAKUL
2012,154000.0,1591.0,135.0,,11.1,,4410.0,1820.0,1670.0,,5.0,,4.0,15191.0,Hyundai,Düz,LPG & Benzin,SUV,Önden Çekiş,Sahibinden,1010000.0,1004396,1010000,5603,0.6,MAKUL
2023,8700.0,1368.0,100.0,,13.7,,4180.0,1775.0,1500.0,,5.0,,4.0,12784.0,Hyundai,Otomatik,Benzin,SUV,Önden Çekiş,Sahibinden,1550000.0,1534640,1550000,15359,1.0,MAKUL
2014,244000.0,1591.0,135.0,,11.1,,4410.0,1820.0,1670.0,,5.0,,4.0,13470.0,Hyundai,Otomatik,LPG & Benzin,SUV,Önden Çekiş,Sahibinden,950000.0,979067,950000,-29067,-3.0,MAKUL
2013,216000.0,1591.0,135.0,,11.1,,4410.0,1820.0,1670.0,,5.0,,4.0,13470.0,Hyundai,Düz,LPG & Benzin,SUV,Önden Çekiş,Sahibinden,950000.0,954452,950000,-4452,-0.5,MAKUL
2025,6001.0,1591.0,130.0,,11.5,,4394.0,1806.0,1615.0,,5.0,,4.0,15946.0,Hyundai,Otomatik,Benzin,SUV,Önden Çekiş,Sahibinden,2350000.0,2389210,2350000,-39210,-1.6,MAKUL
2023,14000.0,1368.0,100.0,,13.7,,4180.0,1775.0,1500.0,,5.0,,4.0,11984.0,Hyundai,Otomatik,Benzin,SUV,Önden Çekiş,Sahibinden,1450000.0,1452288,1450000,-2288,-0.2,MAKUL
2022,75000.0,1368.0,100.0,,13.7,,4180.0,1775.0,1500.0,,5.0,,4.0,11984.0,Hyundai,Otomatik,Benzin,SUV,Önden Çekiş,Sahibinden,1150000.0,1228779,1150000,-78779,-6.4,MAKUL
2018,191000.0,1598.0,136.0,,11.8,,4480.0,1850.0,1660.0,,5.0,,4.0,17340.0,Hyundai,Yarı Otomatik,Dizel,SUV,4WD (Sürekli),Sahibinden,1470000.0,1510721,1470000,-40721,-2.7,MAKUL
2024,41000.0,998.0,100.0,,11.7,,4180.0,1775.0,1500.0,,5.0,,3.0,12784.0,Hyundai,Yarı Otomatik,Benzin,SUV,Önden Çekiş,Galeriden,1460000.0,1475810,1460000,-15810,-1.1,MAKUL
2016,214000.0,1995.0,185.0,,9.5,,4475.0,1850.0,1660.0,,5.0,,4.0,17784.0,Hyundai,Otomatik,Dizel,SUV,4WD (Sürekli),Sahibinden,1490000.0,1498194,1490000,-8194,-0.5,MAKUL
2020,112000.0,1598.0,136.0,,9.8,,4165.0,1800.0,1565.0,,5.0,,4.0,16069.0,Hyundai,Yarı Otomatik,Dizel,SUV,Önden Çekiş,Sahibinden,1433000.0,1441254,1433000,-8254,-0.6,MAKUL
2025,6001.0,1591.0,170.0,,8.5,,4655.0,1890.0,1605.0,,5.0,,4.0,23608.0,Hyundai,Otomatik,Elektrik,SUV,4WD (Sürekli),Galeriden,2335000.0,2318307,2335000,16693,0.7,MAKUL
2024,40000.0,1591.0,130.0,,11.5,,4394.0,1806.0,1615.0,,5.0,,4.0,15946.0,Hyundai,Otomatik,Elektrik,Crossover,Arkadan İtiş,Sahibinden,1600000.0,1611220,1600000,-11220,-0.7,MAKUL
2016,191000.0,1591.0,177.0,,9.1,,4475.0,1850.0,1660.0,,5.0,,4.0,16927.0,Hyundai,Yarı Otomatik,Benzin,SUV,Önden Çekiş,Sahibinden,1400000.0,1409958,1400000,-9958,-0.7,MAKUL
2017,185000.0,1591.0,132.0,,12.1,,4475.0,1850.0,1660.0,,5.0,,4.0,17784.0,Hyundai,Otomatik,LPG & Benzin,SUV,Önden Çekiş,Sahibinden,1465000.0,1442505,1465000,22494,1.6,MAKUL
2020,65000.0,1598.0,136.0,,11.8,,4480.0,1850.0,1660.0,,5.0,,4.0,19205.0,Hyundai,Yarı Otomatik,Dizel,SUV,Önden Çekiş,Galeriden,1847500.0,1860088,1847500,-12588,-0.7,MAKUL
2021,108000.0,1591.0,130.0,,11.5,,4394.0,1806.0,1615.0,,5.0,,4.0,15946.0,Hyundai,Otomatik,Dizel,SUV,Önden Çekiş,Galeriden,2050000.0,1970793,2050000,79206,4.0,MAKUL
2025,24000.0,1591.0,130.0,,11.5,,4394.0,1806.0,1615.0,,5.0,,4.0,15946.0,Hyundai,Otomatik,Benzin,SUV,Önden Çekiş,Sahibinden,1510000.0,1653908,1510000,-143908,-8.7,MAKUL
2022,56000.0,1368.0,100.0,,13.7,,4180.0,1775.0,1500.0,,5.0,,4.0,12784.0,Hyundai,Otomatik,Benzin,SUV,Önden Çekiş,Galeriden,1440000.0,1424587,1440000,15412,1.1,MAKUL
2014,171000.0,1591.0,135.0,,11.1,,4410.0,1820.0,1670.0,,5.0,,4.0,13470.0,Hyundai,Otomatik,Benzin,SUV,Önden Çekiş,Sahibinden,1190000.0,1167595,1190000,22404,1.9,MAKUL
2005,230000.0,1991.0,112.0,,16.1,,4325.0,1830.0,1730.0,,5.0,,4.0,15946.0,Hyundai,Otomatik,Dizel,SUV,Önden Çekiş,Sahibinden,675000.0,671290,675000,3709,0.6,MAKUL
2023,31000.0,1368.0,100.0,,13.7,,4180.0,1775.0,1500.0,,5.0,,4.0,12784.0,Hyundai,Otomatik,Benzin,SUV,Önden Çekiş,Sahibinden,1460000.0,1435494,1460000,24505,1.7,MAKUL
2024,6100.0,998.0,100.0,,12.4,,4180.0,1775.0,1500.0,,5.0,,3.0,12704.0,Hyundai,Yarı Otomatik,Benzin,SUV,Önden Çekiş,Sahibinden,1490000.0,1494161,1490000,-4161,-0.3,MAKUL
2012,277000.0,1591.0,130.0,,11.5,,4394.0,1806.0,1615.0,,5.0,,4.0,15946.0,Hyundai,Düz,LPG & Benzin,SUV,Önden Çekiş,Galeriden,699999.0,727661,699999,-27662,-3.8,MAKUL
2024,40000.0,1368.0,100.0,,13.7,,4180.0,1775.0,1500.0,,5.0,,4.0,12006.0,Hyundai,Otomatik,Benzin,SUV,Önden Çekiş,Galeriden,1130000.0,1279276,1130000,-149276,-11.7,FIRSAT
2018,155000.0,1591.0,130.0,,11.5,,4394.0,1806.0,1615.0,,5.0,,4.0,15946.0,Hyundai,Otomatik,Benzin,SUV,AWD (Elektronik),Galeriden,1195000.0,1270639,1195000,-75639,-6.0,MAKUL
2023,43000.0,1598.0,180.0,,8.8,,4500.0,1865.0,1650.0,,5.0,,4.0,18370.0,Hyundai,Yarı Otomatik,Benzin,SUV,Önden Çekiş,Galeriden,2110000.0,2104197,2110000,5802,0.3,MAKUL
2023,47000.0,1591.0,136.0,,9.9,,4205.0,1800.0,1570.0,,5.0,,4.0,14658.0,Hyundai,Otomatik,Elektrik,SUV,Önden Çekiş,Galeriden,1435000.0,1446009,1435000,-11009,-0.8,MAKUL
2023,46000.0,1598.0,136.0,,11.4,,4500.0,1865.0,1650.0,,5.0,,4.0,18370.0,Hyundai,Yarı Otomatik,Dizel,SUV,Önden Çekiş,Galeriden,1950950.0,2008062,1950950,-57112,-2.8,MAKUL
2025,6001.0,1598.0,136.0,,11.4,,4500.0,1865.0,1650.0,,5.0,,4.0,18370.0,Hyundai,Yarı Otomatik,Dizel,SUV,Önden Çekiş,Galeriden,2595000.0,2631839,2595000,-36839,-1.4,MAKUL
2023,61000.0,1368.0,100.0,,13.7,,4180.0,1775.0,1500.0,,5.0,,4.0,11984.0,Hyundai,Otomatik,Benzin,SUV,Önden Çekiş,Galeriden,1350000.0,1298862,1350000,51137,3.9,MAKUL
2022,30000.0,1368.0,100.0,,13.7,,4180.0,1775.0,1500.0,,5.0,,4.0,12006.0,Hyundai,Otomatik,Benzin,SUV,Önden Çekiş,Galeriden,1380000.0,1317222,1380000,62777,4.8,MAKUL
2022,49000.0,1591.0,130.0,,11.5,,4394.0,1806.0,1615.0,,5.0,,4.0,15946.0,Hyundai,Otomatik,Dizel,SUV,AWD (Elektronik),Galeriden,2320000.0,2301770,2320000,18229,0.8,MAKUL
2019,139000.0,1591.0,130.0,,11.5,,4394.0,1806.0,1615.0,,5.0,,4.0,15946.0,Hyundai,Otomatik,Dizel,SUV,Önden Çekiş,Galeriden,1729000.0,1626676,1729000,102323,6.3,MAKUL
2014,84000.0,1591.0,130.0,,11.5,,4394.0,1806.0,1615.0,,5.0,,4.0,15946.0,Hyundai,Düz,LPG & Benzin,SUV,Önden Çekiş,Galeriden,1150000.0,1153918,1150000,-3918,-0.3,MAKUL
2017,41000.0,1591.0,130.0,,11.5,,4394.0,1806.0,1615.0,,5.0,,4.0,15946.0,Hyundai,Otomatik,Benzin,SUV,Önden Çekiş,Galeriden,1769000.0,1743779,1769000,25220,1.4,MAKUL
2019,165000.0,1591.0,130.0,,11.5,,4394.0,1806.0,1615.0,,5.0,,4.0,15946.0,Hyundai,Otomatik,Dizel,SUV,Önden Çekiş,Galeriden,1335000.0,1549282,1335000,-214282,-13.8,FIRSAT
2024,43487.0,1591.0,130.0,,11.5,,4394.0,1806.0,1615.0,,5.0,,4.0,15946.0,Hyundai,Otomatik,Benzin,SUV,Önden Çekiş,Galeriden,1825000.0,1664868,1825000,160131,9.6,MAKUL
2021,74786.0,1591.0,130.0,,11.5,,4394.0,1806.0,1615.0,,5.0,,4.0,15946.0,Hyundai,Otomatik,Dizel,SUV,AWD (Elektronik),Galeriden,2050000.0,2103427,2050000,-53427,-2.5,MAKUL
2022,117000.0,1591.0,130.0,,11.5,,4394.0,1806.0,1615.0,,5.0,,4.0,15946.0,Hyundai,Otomatik,Dizel,SUV,AWD (Elektronik),Galeriden,2075000.0,2089303,2075000,-14303,-0.7,MAKUL
2021,88000.0,1591.0,130.0,,11.5,,4394.0,1806.0,1615.0,,5.0,,4.0,15946.0,Hyundai,Otomatik,Dizel,SUV,Önden Çekiş,Galeriden,2050000.0,2024091,2050000,25908,1.3,MAKUL
2018,73000.0,1591.0,132.0,,12.1,,4475.0,1850.0,1660.0,,5.0,,4.0,20481.0,Hyundai,Otomatik,Benzin,SUV,Önden Çekiş,Galeriden,1550000.0,1580815,1550000,-30815,-1.9,MAKUL
2020,53000.0,1591.0,177.0,,8.9,,4480.0,1850.0,1660.0,,5.0,,4.0,19205.0,Hyundai,Yarı Otomatik,Benzin,SUV,Önden Çekiş,Galeriden,1879500.0,1895503,1879500,-16003,-0.8,MAKUL
2024,41000.0,1591.0,130.0,,11.5,,4394.0,1806.0,1615.0,,5.0,,4.0,15946.0,Hyundai,Otomatik,Benzin,SUV,Önden Çekiş,Galeriden,1460000.0,1545402,1460000,-85402,-5.5,MAKUL
2016,191000.0,1591.0,177.0,,9.1,,4475.0,1850.0,1660.0,,5.0,,4.0,16927.0,Hyundai,Yarı Otomatik,Benzin,SUV,Önden Çekiş,Sahibinden,1400000.0,1409958,1400000,-9958,-0.7,MAKUL
2020,65000.0,1598.0,136.0,,11.8,,4480.0,1850.0,1660.0,,5.0,,4.0,19205.0,Hyundai,Yarı Otomatik,Dizel,SUV,Önden Çekiş,Galeriden,1847500.0,1860088,1847500,-12588,-0.7,MAKUL
2021,108000.0,1591.0,130.0,,11.5,,4394.0,1806.0,1615.0,,5.0,,4.0,15946.0,Hyundai,Otomatik,Dizel,SUV,Önden Çekiş,Galeriden,2050000.0,1970793,2050000,79206,4.0,MAKUL
2025,24000.0,1591.0,130.0,,11.5,,4394.0,1806.0,1615.0,,5.0,,4.0,15946.0,Hyundai,Otomatik,Benzin,SUV,Önden Çekiş,Sahibinden,1510000.0,1653908,1510000,-143908,-8.7,MAKUL
2022,56000.0,1368.0,100.0,,13.7,,4180.0,1775.0,1500.0,,5.0,,4.0,12784.0,Hyundai,Otomatik,Benzin,SUV,Önden Çekiş,Galeriden,1440000.0,1424587,1440000,15412,1.1,MAKUL
2014,171000.0,1591.0,135.0,,11.1,,4410.0,1820.0,1670.0,,5.0,,4.0,13470.0,Hyundai,Otomatik,Benzin,SUV,Önden Çekiş,Sahibinden,1190000.0,1167595,1190000,22404,1.9,MAKUL
2005,230000.0,1991.0,112.0,,16.1,,4325.0,1830.0,1730.0,,5.0,,4.0,15946.0,Hyundai,Otomatik,Dizel,SUV,Önden Çekiş,Sahibinden,675000.0,671290,675000,3709,0.6,MAKUL
2023,31000.0,1368.0,100.0,,13.7,,4180.0,1775.0,1500.0,,5.0,,4.0,12784.0,Hyundai,Otomatik,Benzin,SUV,Önden Çekiş,Sahibinden,1460000.0,1435494,1460000,24505,1.7,MAKUL
2024,6100.0,998.0,100.0,,12.4,,4180.0,1775.0,1500.0,,5.0,,3.0,12704.0,Hyundai,Yarı Otomatik,Benzin,SUV,Önden Çekiş,Sahibinden,1490000.0,1494161,1490000,-4161,-0.3,MAKUL
2012,277000.0,1591.0,130.0,,11.5,,4394.0,1806.0,1615.0,,5.0,,4.0,15946.0,Hyundai,Düz,LPG & Benzin,SUV,Önden Çekiş,Galeriden,699999.0,727661,699999,-27662,-3.8,MAKUL
2023,43000.0,1598.0,180.0,,8.8,,4500.0,1865.0,1650.0,,5.0,,4.0,18370.0,Hyundai,Yarı Otomatik,Benzin,SUV,Önden Çekiş,Galeriden,2110000.0,2104197,2110000,5802,0.3,MAKUL
2023,46000.0,1598.0,136.0,,11.4,,4500.0,1865.0,1650.0,,5.0,,4.0,18370.0,Hyundai,Yarı Otomatik,Dizel,SUV,Önden Çekiş,Galeriden,1950950.0,2008062,1950950,-57112,-2.8,MAKUL
2018,73000.0,1591.0,132.0,,12.1,,4475.0,1850.0,1660.0,,5.0,,4.0,20481.0,Hyundai,Otomatik,Benzin,SUV,Önden Çekiş,Galeriden,1550000.0,1580815,1550000,-30815,-1.9,MAKUL
2020,53000.0,1591.0,177.0,,8.9,,4480.0,1850.0,1660.0,,5.0,,4.0,19205.0,Hyundai,Yarı Otomatik,Benzin,SUV,Önden Çekiş,Galeriden,1879500.0,1895503,1879500,-16003,-0.8,MAKUL
2016,99000.0,1591.0,132.0,,11.5,,4475.0,1850.0,1660.0,,5.0,,4.0,16927.0,Hyundai,Düz,Benzin,SUV,Önden Çekiş,Galeriden,1279000.0,1290086,1279000,-11086,-0.9,MAKUL
2022,209000.0,1591.0,130.0,,11.5,,4394.0,1806.0,1615.0,,5.0,,4.0,15946.0,Hyundai,Otomatik,Dizel,SUV,AWD (Elektronik),Galeriden,1630000.0,1634582,1630000,-4582,-0.3,MAKUL
2024,41000.0,1591.0,130.0,,11.5,,4394.0,1806.0,1615.0,,5.0,,4.0,15946.0,Hyundai,Otomatik,Benzin,SUV,Önden Çekiş,Galeriden,1460000.0,1545402,1460000,-85402,-5.5,MAKUL
2024,62985.0,1368.0,100.0,,13.7,,4180.0,1775.0,1500.0,,5.0,,4.0,12006.0,Hyundai,Otomatik,Benzin,SUV,Önden Çekiş,Galeriden,1359000.0,1307473,1359000,51526,3.9,MAKUL
2021,27000.0,1591.0,130.0,,11.5,,4394.0,1806.0,1615.0,,5.0,,4.0,15946.0,Hyundai,Otomatik,Dizel,SUV,AWD (Elektronik),Galeriden,2489000.0,2479034,2489000,9965,0.4,MAKUL
2023,125000.0,1368.0,100.0,,13.7,,4180.0,1775.0,1500.0,,5.0,,4.0,11984.0,Hyundai,Otomatik,Benzin,SUV,Önden Çekiş,Galeriden,1189000.0,1197627,1189000,-8627,-0.7,MAKUL
2024,40000.0,1368.0,100.0,,13.7,,4180.0,1775.0,1500.0,,5.0,,4.0,12006.0,Hyundai,Otomatik,Benzin,SUV,Önden Çekiş,Galeriden,1130000.0,1279276,1130000,-149276,-11.7,FIRSAT
2025,7000.0,998.0,100.0,,12.4,,4180.0,1775.0,1500.0,,5.0,,3.0,12704.0,Hyundai,Yarı Otomatik,Benzin,SUV,Önden Çekiş,Galeriden,1610000.0,1605891,1610000,4108,0.3,MAKUL
2024,25000.0,1591.0,130.0,,11.5,,4394.0,1806.0,1615.0,,5.0,,4.0,15946.0,Hyundai,Otomatik,Dizel,SUV,Önden Çekiş,Galeriden,2490000.0,2529084,2490000,-39084,-1.5,MAKUL
2020,78000.0,1591.0,130.0,,11.5,,4394.0,1806.0,1615.0,,5.0,,4.0,15946.0,Hyundai,Otomatik,Dizel,SUV,AWD (Elektronik),Galeriden,1799850.0,1877104,1799850,-77254,-4.1,MAKUL
2023,45000.0,1598.0,136.0,,11.4,,4500.0,1865.0,1650.0,,5.0,,4.0,18370.0,Hyundai,Yarı Otomatik,Dizel,SUV,Önden Çekiş,Galeriden,2059000.0,2063160,2059000,-4160,-0.2,MAKUL
2018,155000.0,1591.0,130.0,,11.5,,4394.0,1806.0,1615.0,,5.0,,4.0,15946.0,Hyundai,Otomatik,Benzin,SUV,AWD (Elektronik),Galeriden,1195000.0,1270639,1195000,-75639,-6.0,MAKUL
2016,72321.0,1591.0,130.0,,11.5,,4394.0,1806.0,1615.0,,5.0,,4.0,15946.0,Hyundai,Otomatik,Benzin,SUV,AWD (Elektronik),Galeriden,1599900.0,1629058,1599900,-29158,-1.8,MAKUL
2023,100000.0,1368.0,100.0,,13.7,,4180.0,1775.0,1500.0,,5.0,,4.0,11984.0,Hyundai,Otomatik,Benzin,SUV,Önden Çekiş,Galeriden,1260000.0,1247263,1260000,12736,1.0,MAKUL
2017,96000.0,1591.0,130.0,,11.5,,4394.0,1806.0,1615.0,,5.0,,4.0,15946.0,Hyundai,Otomatik,LPG & Benzin,SUV,Önden Çekiş,Galeriden,1450000.0,1489189,1450000,-39189,-2.6,MAKUL
2024,43487.0,1591.0,130.0,,11.5,,4394.0,1806.0,1615.0,,5.0,,4.0,15946.0,Hyundai,Otomatik,Benzin,SUV,Önden Çekiş,Galeriden,1825000.0,1664868,1825000,160131,9.6,MAKUL
2014,146000.0,1591.0,135.0,,11.1,,4410.0,1820.0,1670.0,,5.0,,4.0,13470.0,Hyundai,Otomatik,LPG & Benzin,SUV,Önden Çekiş,Galeriden,1250000.0,1130765,1250000,119234,10.5,PAHALI
2024,19000.0,1598.0,136.0,,11.6,,4500.0,1865.0,1650.0,,5.0,,4.0,15556.0,Hyundai,Yarı Otomatik,Dizel,SUV,4WD (Sürekli),Galeriden,2649650.0,2685474,2649650,-35824,-1.3,MAKUL
2023,25175.0,1368.0,100.0,,13.7,,4180.0,1775.0,1500.0,,5.0,,4.0,12784.0,Hyundai,Otomatik,Benzin,SUV,Önden Çekiş,Galeriden,1454900.0,1450504,1454900,4395,0.3,MAKUL
2022,119000.0,1368.0,100.0,,13.7,,4180.0,1775.0,1500.0,,5.0,,4.0,11984.0,Hyundai,Otomatik,Benzin,SUV,Önden Çekiş,Galeriden,1119000.0,1210436,1119000,-91436,-7.6,MAKUL
2025,38800.0,1591.0,130.0,,11.5,,4394.0,1806.0,1615.0,,5.0,,4.0,15946.0,Hyundai,Otomatik,Benzin,SUV,Önden Çekiş,Galeriden,1414000.0,1469642,1414000,-55642,-3.8,MAKUL
2025,19004.0,998.0,100.0,,12.4,,4180.0,1775.0,1500.0,,5.0,,3.0,12704.0,Hyundai,Yarı Otomatik,Benzin,SUV,Önden Çekiş,Yetkili Bayiden,1385950.0,1462519,1385950,-76569,-5.2,MAKUL
2019,61820.0,1598.0,136.0,,11.8,,4480.0,1850.0,1660.0,,5.0,,4.0,18029.0,Hyundai,Yarı Otomatik,Dizel,SUV,Önden Çekiş,Galeriden,1825000.0,1831991,1825000,-6991,-0.4,MAKUL
2024,17500.0,1598.0,180.0,,8.8,,4500.0,1865.0,1650.0,,5.0,,4.0,16819.0,Hyundai,Yarı Otomatik,Benzin,SUV,Önden Çekiş,Galeriden,2049000.0,2106265,2049000,-57265,-2.7,MAKUL
2020,84500.0,1591.0,130.0,,11.5,,4394.0,1806.0,1615.0,,5.0,,4.0,15946.0,Hyundai,Otomatik,Dizel,SUV,AWD (Elektronik),Galeriden,1985000.0,1954776,1985000,30223,1.5,MAKUL
2022,73000.0,1368.0,100.0,,13.7,,4180.0,1775.0,1500.0,,5.0,,4.0,11984.0,Hyundai,Otomatik,Benzin,SUV,Önden Çekiş,Galeriden,1225000.0,1273735,1225000,-48735,-3.8,MAKUL
2023,78000.0,1598.0,136.0,,11.6,,4500.0,1865.0,1650.0,,5.0,,4.0,15556.0,Hyundai,Yarı Otomatik,Dizel,SUV,4WD (Sürekli),Galeriden,2395000.0,2380902,2395000,14097,0.6,MAKUL
2022,89000.0,1591.0,130.0,,11.5,,4394.0,1806.0,1615.0,,5.0,,4.0,15946.0,Hyundai,Otomatik,Dizel,SUV,Önden Çekiş,Galeriden,2165000.0,2136878,2165000,28121,1.3,MAKUL
2009,273000.0,1991.0,150.0,,16.1,,4325.0,1830.0,1730.0,,5.0,,4.0,15946.0,Hyundai,Otomatik,Dizel,SUV,4WD (Sürekli),Galeriden,590000.0,612095,590000,-22095,-3.6,MAKUL
2023,52000.0,1591.0,130.0,,11.5,,4394.0,1806.0,1615.0,,5.0,,4.0,15946.0,Hyundai,Otomatik,Benzin,SUV,Önden Çekiş,Galeriden,1949000.0,1890961,1949000,58038,3.1,MAKUL
2017,69900.0,1591.0,130.0,,11.5,,4394.0,1806.0,1615.0,,5.0,,4.0,15946.0,Hyundai,Otomatik,Benzin,SUV,Önden Çekiş,Galeriden,1790000.0,1684055,1790000,105944,6.3,MAKUL
2019,166000.0,1598.0,136.0,,11.8,,4480.0,1850.0,1660.0,,5.0,,4.0,18029.0,Hyundai,Yarı Otomatik,Dizel,SUV,Önden Çekiş,Galeriden,1595000.0,1599935,1595000,-4935,-0.3,MAKUL
2024,14500.0,1591.0,156.0,,8.8,,4355.0,1825.0,1580.0,,5.0,,4.0,15478.0,Hyundai,Otomatik,Elektrik,SUV,Önden Çekiş,Galeriden,1678000.0,1720172,1678000,-42172,-2.5,MAKUL
2024,33150.0,1591.0,156.0,,8.8,,4355.0,1825.0,1580.0,,5.0,,4.0,15478.0,Hyundai,Otomatik,Elektrik,SUV,Önden Çekiş,Galeriden,1659000.0,1675062,1659000,-16062,-1.0,MAKUL
2023,31000.0,998.0,120.0,,11.0,,4205.0,1800.0,1550.0,,5.0,,3.0,14658.0,Hyundai,Otomatik,Benzin,SUV,Önden Çekiş,Galeriden,1470000.0,1471083,1470000,-1083,-0.1,MAKUL
2016,192000.0,1591.0,130.0,,11.5,,4394.0,1806.0,1615.0,,5.0,,4.0,15946.0,Hyundai,Otomatik,Benzin,SUV,AWD (Elektronik),Galeriden,1328500.0,1371920,1328500,-43420,-3.2,MAKUL
2013,150000.0,1591.0,130.0,,11.5,,4394.0,1806.0,1615.0,,5.0,,4.0,15946.0,Hyundai,Düz,LPG & Benzin,SUV,Önden Çekiş,Galeriden,975000.0,992845,975000,-17845,-1.8,MAKUL
2018,84500.0,1591.0,132.0,,12.1,,4475.0,1850.0,1660.0,,5.0,,4.0,20481.0,Hyundai,Otomatik,Benzin,SUV,Önden Çekiş,Galeriden,1600000.0,1614003,1600000,-14003,-0.9,MAKUL
2022,50000.0,1598.0,136.0,,11.4,,4500.0,1865.0,1650.0,,5.0,,4.0,18370.0,Hyundai,Yarı Otomatik,Dizel,SUV,Önden Çekiş,Galeriden,2040000.0,2047447,2040000,-7447,-0.4,MAKUL
2017,53000.0,1591.0,130.0,,11.5,,4394.0,1806.0,1615.0,,5.0,,4.0,15946.0,Hyundai,Otomatik,Benzin,SUV,AWD (Elektronik),Galeriden,1820000.0,1792785,1820000,27214,1.5,MAKUL
2016,160100.0,1591.0,130.0,,11.5,,4394.0,1806.0,1615.0,,5.0,,4.0,15946.0,Hyundai,Otomatik,Benzin,SUV,AWD (Elektronik),Galeriden,1610000.0,1585134,1610000,24865,1.6,MAKUL
2024,7753.0,1591.0,130.0,,11.5,,4394.0,1806.0,1615.0,,5.0,,4.0,15946.0,Hyundai,Otomatik,Benzin,SUV,AWD (Elektronik),Galeriden,2849000.0,2833297,2849000,15702,0.6,MAKUL
2018,179000.0,1591.0,130.0,,11.5,,4394.0,1806.0,1615.0,,5.0,,4.0,15946.0,Hyundai,Otomatik,Benzin,SUV,AWD (Elektronik),Galeriden,1200000.0,1234882,1200000,-34882,-2.8,MAKUL
2014,121000.0,1591.0,130.0,,11.5,,4394.0,1806.0,1615.0,,5.0,,4.0,15946.0,Hyundai,Düz,LPG & Benzin,SUV,Önden Çekiş,Galeriden,980000.0,1017694,980000,-37694,-3.7,MAKUL
2021,32000.0,1368.0,100.0,,13.7,,4180.0,1775.0,1500.0,,5.0,,4.0,12006.0,Hyundai,Otomatik,Benzin,SUV,Önden Çekiş,Galeriden,1399000.0,1327336,1399000,71663,5.4,MAKUL
2025,29052.0,1598.0,180.0,,8.8,,4500.0,1865.0,1650.0,,5.0,,4.0,16819.0,Hyundai,Yarı Otomatik,Benzin,SUV,Önden Çekiş,Galeriden,2039000.0,2046295,2039000,-7295,-0.4,MAKUL
2024,8045.0,998.0,100.0,,12.4,,4180.0,1775.0,1500.0,,5.0,,3.0,12704.0,Hyundai,Yarı Otomatik,Benzin,SUV,Önden Çekiş,Galeriden,1495000.0,1483114,1495000,11885,0.8,MAKUL
2024,55000.0,1368.0,100.0,,13.7,,4180.0,1775.0,1500.0,,5.0,,4.0,11984.0,Hyundai,Otomatik,Benzin,SUV,Önden Çekiş,Galeriden,1350000.0,1319339,1350000,30660,2.3,MAKUL
2023,39000.0,1368.0,100.0,,13.7,,4180.0,1775.0,1500.0,,5.0,,4.0,11984.0,Hyundai,Otomatik,Benzin,SUV,Önden Çekiş,Galeriden,1257500.0,1301308,1257500,-43808,-3.4,MAKUL
2022,95000.0,1368.0,100.0,,13.7,,4180.0,1775.0,1500.0,,5.0,,4.0,12784.0,Hyundai,Otomatik,LPG & Benzin,SUV,Önden Çekiş,Galeriden,1339000.0,1338575,1339000,424,0.0,MAKUL
2022,52000.0,1368.0,100.0,,13.7,,4180.0,1775.0,1500.0,,5.0,,4.0,12784.0,Hyundai,Otomatik,LPG & Benzin,SUV,Önden Çekiş,Galeriden,1440000.0,1438437,1440000,1562,0.1,MAKUL
2023,66273.0,1368.0,100.0,,13.7,,4180.0,1775.0,1500.0,,5.0,,4.0,12006.0,Hyundai,Otomatik,Benzin,SUV,Önden Çekiş,Galeriden,1380000.0,1275512,1380000,104487,8.2,MAKUL
2022,82200.0,1368.0,100.0,,13.7,,4180.0,1775.0,1500.0,,5.0,,4.0,11984.0,Hyundai,Otomatik,Benzin,SUV,Önden Çekiş,Galeriden,1265000.0,1246786,1265000,18213,1.5,MAKUL
2023,58605.0,1368.0,100.0,,13.7,,4180.0,1775.0,1500.0,,5.0,,4.0,11984.0,Hyundai,Otomatik,Benzin,SUV,Önden Çekiş,Galeriden,1300000.0,1295228,1300000,4771,0.4,MAKUL
2023,82000.0,1368.0,100.0,,13.7,,4180.0,1775.0,1500.0,,5.0,,4.0,11984.0,Hyundai,Otomatik,Benzin,SUV,Önden Çekiş,Galeriden,1265000.0,1254399,1265000,10600,0.8,MAKUL
2022,29000.0,1368.0,100.0,,13.7,,4180.0,1775.0,1500.0,,5.0,,4.0,11984.0,Hyundai,Otomatik,Benzin,SUV,Önden Çekiş,Galeriden,1299900.0,1310665,1299900,-10765,-0.8,MAKUL
2023,110000.0,1368.0,100.0,,13.7,,4180.0,1775.0,1500.0,,5.0,,4.0,11984.0,Hyundai,Otomatik,Benzin,SUV,Önden Çekiş,Galeriden,1155000.0,1170567,1155000,-15567,-1.3,MAKUL
2022,90000.0,1368.0,100.0,,13.7,,4180.0,1775.0,1500.0,,5.0,,4.0,11984.0,Hyundai,Otomatik,Benzin,SUV,Önden Çekiş,Galeriden,1229000.0,1243459,1229000,-14459,-1.2,MAKUL
2022,129187.0,1598.0,136.0,,11.4,,4500.0,1865.0,1650.0,,5.0,,4.0,18370.0,Hyundai,Yarı Otomatik,Dizel,SUV,Önden Çekiş,Galeriden,1895000.0,1895122,1895000,-122,-0.0,MAKUL
2021,100000.0,1598.0,136.0,,11.4,,4500.0,1865.0,1650.0,,5.0,,4.0,18370.0,Hyundai,Yarı Otomatik,Dizel,SUV,Önden Çekiş,Galeriden,1925000.0,1925953,1925000,-953,-0.0,MAKUL
2023,37000.0,1368.0,100.0,,13.7,,4180.0,1775.0,1500.0,,5.0,,4.0,12006.0,Hyundai,Otomatik,LPG & Benzin,SUV,Önden Çekiş,Galeriden,1470000.0,1409278,1470000,60721,4.3,MAKUL
2024,19000.0,1368.0,100.0,,13.7,,4180.0,1775.0,1500.0,,5.0,,4.0,12006.0,Hyundai,Otomatik,Benzin,SUV,Önden Çekiş,Galeriden,1410000.0,1388943,1410000,21056,1.5,MAKUL
2025,6001.0,1598.0,136.0,,11.4,,4500.0,1865.0,1650.0,,5.0,,4.0,18370.0,Hyundai,Yarı Otomatik,Dizel,SUV,Önden Çekiş,Galeriden,2725000.0,2631839,2725000,93160,3.5,MAKUL
2018,78000.0,1591.0,130.0,,11.5,,4394.0,1806.0,1615.0,,5.0,,4.0,15946.0,Hyundai,Otomatik,Dizel,SUV,Önden Çekiş,Galeriden,1779750.0,1745979,1779750,33770,1.9,MAKUL
2017,90000.0,1591.0,130.0,,11.5,,4394.0,1806.0,1615.0,,5.0,,4.0,15946.0,Hyundai,Otomatik,Benzin,SUV,AWD (Elektronik),Galeriden,1700000.0,1691160,1700000,8839,0.5,MAKUL
2017,72000.0,1591.0,130.0,,11.5,,4394.0,1806.0,1615.0,,5.0,,4.0,15946.0,Hyundai,Otomatik,LPG & Benzin,SUV,Önden Çekiş,Galeriden,1600000.0,1599634,1600000,365,0.0,MAKUL
2015,56000.0,1591.0,135.0,,11.1,,4410.0,1820.0,1670.0,,5.0,,4.0,13470.0,Hyundai,Otomatik,LPG & Benzin,SUV,Önden Çekiş,Galeriden,1395000.0,1400367,1395000,-5367,-0.4,MAKUL
2020,98000.0,1591.0,130.0,,11.5,,4394.0,1806.0,1615.0,,5.0,,4.0,15946.0,Hyundai,Otomatik,Dizel,SUV,AWD (Elektronik),Galeriden,1895000.0,1934165,1895000,-39165,-2.0,MAKUL
2024,22000.0,1591.0,130.0,,11.5,,4394.0,1806.0,1615.0,,5.0,,4.0,15946.0,Hyundai,Otomatik,Dizel,SUV,Önden Çekiş,Galeriden,2629900.0,2614756,2629900,15143,0.6,MAKUL
2019,81000.0,1591.0,130.0,,11.5,,4394.0,1806.0,1615.0,,5.0,,4.0,15946.0,Hyundai,Otomatik,Dizel,SUV,Önden Çekiş,Galeriden,1810000.0,1552249,1810000,257750,16.6,PAHALI
2021,77633.0,1591.0,130.0,,11.5,,4394.0,1806.0,1615.0,,5.0,,4.0,15946.0,Hyundai,Otomatik,Dizel,SUV,Önden Çekiş,Yetkili Bayiden,1998000.0,2034316,1998000,-36316,-1.8,MAKUL
2021,67000.0,1591.0,130.0,,11.5,,4394.0,1806.0,1615.0,,5.0,,4.0,15946.0,Hyundai,Otomatik,Dizel,SUV,Önden Çekiş,Galeriden,2175000.0,2140286,2175000,34713,1.6,MAKUL
2021,58350.0,1591.0,130.0,,11.5,,4394.0,1806.0,1615.0,,5.0,,4.0,15946.0,Hyundai,Otomatik,Dizel,SUV,AWD (Elektronik),Yetkili Bayiden,2090000.0,2108463,2090000,-18463,-0.9,MAKUL
2019,51000.0,1591.0,130.0,,11.5,,4394.0,1806.0,1615.0,,5.0,,4.0,15946.0,Hyundai,Otomatik,Dizel,SUV,AWD (Elektronik),Galeriden,1885000.0,1891013,1885000,-6013,-0.3,MAKUL
2020,84500.0,1591.0,130.0,,11.5,,4394.0,1806.0,1615.0,,5.0,,4.0,15946.0,Hyundai,Otomatik,Dizel,SUV,Önden Çekiş,Galeriden,1875000.0,1691919,1875000,183080,10.8,PAHALI
2020,108000.0,1591.0,130.0,,11.5,,4394.0,1806.0,1615.0,,5.0,,4.0,15946.0,Hyundai,Otomatik,Dizel,SUV,AWD (Elektronik),Galeriden,1965000.0,1926037,1965000,38962,2.0,MAKUL
2018,139000.0,1591.0,130.0,,11.5,,4394.0,1806.0,1615.0,,5.0,,4.0,15946.0,Hyundai,Otomatik,Dizel,SUV,AWD (Elektronik),Galeriden,1759750.0,1741234,1759750,18515,1.1,MAKUL
2020,177000.0,1591.0,130.0,,11.5,,4394.0,1806.0,1615.0,,5.0,,4.0,15946.0,Hyundai,Otomatik,Dizel,SUV,AWD (Elektronik),Galeriden,1475000.0,1539829,1475000,-64829,-4.2,MAKUL
2023,28000.0,1598.0,180.0,,9.0,,4500.0,1865.0,1650.0,,5.0,,4.0,18370.0,Hyundai,Yarı Otomatik,Benzin,SUV,4WD (Sürekli),Sahibinden,2650000.0,2599513,2650000,50486,1.9,MAKUL
2017,80000.0,1591.0,130.0,,11.5,,4394.0,1806.0,1615.0,,5.0,,4.0,15946.0,Hyundai,Otomatik,Benzin,SUV,Önden Çekiş,Galeriden,1739500.0,1669153,1739500,70346,4.2,MAKUL
2023,43000.0,1598.0,180.0,,8.8,,4500.0,1865.0,1650.0,,5.0,,4.0,18370.0,Hyundai,Yarı Otomatik,Benzin,SUV,Önden Çekiş,Galeriden,2110000.0,2104197,2110000,5802,0.3,MAKUL
2023,46000.0,1598.0,136.0,,11.4,,4500.0,1865.0,1650.0,,5.0,,4.0,18370.0,Hyundai,Yarı Otomatik,Dizel,SUV,Önden Çekiş,Galeriden,1950950.0,2008062,1950950,-57112,-2.8,MAKUL
2018,73000.0,1591.0,132.0,,12.1,,4475.0,1850.0,1660.0,,5.0,,4.0,20481.0,Hyundai,Otomatik,Benzin,SUV,Önden Çekiş,Galeriden,1550000.0,1580815,1550000,-30815,-1.9,MAKUL
2024,22000.0,1591.0,130.0,,11.5,,4394.0,1806.0,1615.0,,5.0,,4.0,15946.0,Hyundai,Otomatik,Dizel,SUV,Önden Çekiş,Galeriden,2649900.0,2614756,2649900,35143,1.3,MAKUL
2012,89900.0,1591.0,130.0,,11.5,,4394.0,1806.0,1615.0,,5.0,,4.0,15946.0,Hyundai,Düz,Benzin,SUV,Önden Çekiş,Galeriden,1090000.0,1094073,1090000,-4073,-0.4,MAKUL
2017,129800.0,1591.0,130.0,,11.5,,4394.0,1806.0,1615.0,,5.0,,4.0,15946.0,Hyundai,Otomatik,Benzin,SUV,AWD (Elektronik),Galeriden,1649900.0,1629150,1649900,20749,1.3,MAKUL
2020,53000.0,1591.0,177.0,,8.9,,4480.0,1850.0,1660.0,,5.0,,4.0,19205.0,Hyundai,Yarı Otomatik,Benzin,SUV,Önden Çekiş,Galeriden,1879500.0,1895503,1879500,-16003,-0.8,MAKUL
2016,99000.0,1591.0,132.0,,11.5,,4475.0,1850.0,1660.0,,5.0,,4.0,16927.0,Hyundai,Düz,Benzin,SUV,Önden Çekiş,Galeriden,1279000.0,1290086,1279000,-11086,-0.9,MAKUL
2022,209000.0,1591.0,130.0,,11.5,,4394.0,1806.0,1615.0,,5.0,,4.0,15946.0,Hyundai,Otomatik,Dizel,SUV,AWD (Elektronik),Galeriden,1630000.0,1634582,1630000,-4582,-0.3,MAKUL
2024,41000.0,1591.0,130.0,,11.5,,4394.0,1806.0,1615.0,,5.0,,4.0,15946.0,Hyundai,Otomatik,Benzin,SUV,Önden Çekiş,Galeriden,1460000.0,1545402,1460000,-85402,-5.5,MAKUL
2024,62985.0,1368.0,100.0,,13.7,,4180.0,1775.0,1500.0,,5.0,,4.0,12006.0,Hyundai,Otomatik,Benzin,SUV,Önden Çekiş,Galeriden,1359000.0,1307473,1359000,51526,3.9,MAKUL
2012,277000.0,1591.0,130.0,,11.5,,4394.0,1806.0,1615.0,,5.0,,4.0,15946.0,Hyundai,Düz,LPG & Benzin,SUV,Önden Çekiş,Galeriden,699999.0,727661,699999,-27662,-3.8,MAKUL
2021,27000.0,1591.0,130.0,,11.5,,4394.0,1806.0,1615.0,,5.0,,4.0,15946.0,Hyundai,Otomatik,Dizel,SUV,AWD (Elektronik),Galeriden,2489000.0,2479034,2489000,9965,0.4,MAKUL
2023,125000.0,1368.0,100.0,,13.7,,4180.0,1775.0,1500.0,,5.0,,4.0,11984.0,Hyundai,Otomatik,Benzin,SUV,Önden Çekiş,Galeriden,1189000.0,1197627,1189000,-8627,-0.7,MAKUL
2024,40000.0,1368.0,100.0,,13.7,,4180.0,1775.0,1500.0,,5.0,,4.0,12006.0,Hyundai,Otomatik,Benzin,SUV,Önden Çekiş,Galeriden,1150000.0,1279276,1150000,-129276,-10.1,FIRSAT
2025,7000.0,998.0,100.0,,12.4,,4180.0,1775.0,1500.0,,5.0,,3.0,12704.0,Hyundai,Yarı Otomatik,Benzin,SUV,Önden Çekiş,Galeriden,1610000.0,1605891,1610000,4108,0.3,MAKUL
2024,25000.0,1591.0,130.0,,11.5,,4394.0,1806.0,1615.0,,5.0,,4.0,15946.0,Hyundai,Otomatik,Dizel,SUV,Önden Çekiş,Galeriden,2490000.0,2529084,2490000,-39084,-1.5,MAKUL
2020,78000.0,1591.0,130.0,,11.5,,4394.0,1806.0,1615.0,,5.0,,4.0,15946.0,Hyundai,Otomatik,Dizel,SUV,AWD (Elektronik),Galeriden,1799850.0,1877104,1799850,-77254,-4.1,MAKUL
2023,45000.0,1598.0,136.0,,11.4,,4500.0,1865.0,1650.0,,5.0,,4.0,18370.0,Hyundai,Yarı Otomatik,Dizel,SUV,Önden Çekiş,Galeriden,2059000.0,2063160,2059000,-4160,-0.2,MAKUL
2018,155000.0,1591.0,130.0,,11.5,,4394.0,1806.0,1615.0,,5.0,,4.0,15946.0,Hyundai,Otomatik,Benzin,SUV,AWD (Elektronik),Galeriden,1195000.0,1270639,1195000,-75639,-6.0,MAKUL
2016,72321.0,1591.0,130.0,,11.5,,4394.0,1806.0,1615.0,,5.0,,4.0,15946.0,Hyundai,Otomatik,Benzin,SUV,AWD (Elektronik),Galeriden,1599900.0,1629058,1599900,-29158,-1.8,MAKUL
2025,6001.0,1598.0,136.0,,11.4,,4500.0,1865.0,1650.0,,5.0,,4.0,18370.0,Hyundai,Yarı Otomatik,Dizel,SUV,Önden Çekiş,Galeriden,2565000.0,2631839,2565000,-66839,-2.5,MAKUL
2023,100000.0,1368.0,100.0,,13.7,,4180.0,1775.0,1500.0,,5.0,,4.0,11984.0,Hyundai,Otomatik,Benzin,SUV,Önden Çekiş,Galeriden,1260000.0,1247263,1260000,12736,1.0,MAKUL
2017,96000.0,1591.0,130.0,,11.5,,4394.0,1806.0,1615.0,,5.0,,4.0,15946.0,Hyundai,Otomatik,LPG & Benzin,SUV,Önden Çekiş,Galeriden,1450000.0,1489189,1450000,-39189,-2.6,MAKUL
2024,43487.0,1591.0,130.0,,11.5,,4394.0,1806.0,1615.0,,5.0,,4.0,15946.0,Hyundai,Otomatik,Benzin,SUV,Önden Çekiş,Galeriden,1825000.0,1664868,1825000,160131,9.6,MAKUL
2021,74786.0,1591.0,130.0,,11.5,,4394.0,1806.0,1615.0,,5.0,,4.0,15946.0,Hyundai,Otomatik,Dizel,SUV,AWD (Elektronik),Galeriden,2050000.0,2103427,2050000,-53427,-2.5,MAKUL
2022,117000.0,1591.0,130.0,,11.5,,4394.0,1806.0,1615.0,,5.0,,4.0,15946.0,Hyundai,Otomatik,Dizel,SUV,AWD (Elektronik),Galeriden,2075000.0,2089303,2075000,-14303,-0.7,MAKUL
2021,88000.0,1591.0,130.0,,11.5,,4394.0,1806.0,1615.0,,5.0,,4.0,15946.0,Hyundai,Otomatik,Dizel,SUV,Önden Çekiş,Galeriden,2150000.0,2024091,2150000,125908,6.2,MAKUL
2021,95000.0,1598.0,180.0,,8.8,,4500.0,1865.0,1650.0,,5.0,,4.0,16819.0,Hyundai,Yarı Otomatik,Benzin,SUV,Önden Çekiş,Galeriden,1749750.0,1651054,1749750,98695,6.0,MAKUL
2018,139000.0,1598.0,136.0,,11.8,,4480.0,1850.0,1660.0,,5.0,,4.0,17340.0,Hyundai,Yarı Otomatik,Dizel,SUV,4WD (Sürekli),Galeriden,1799000.0,1806850,1799000,-7850,-0.4,MAKUL
2023,28000.0,1598.0,180.0,,9.0,,4500.0,1865.0,1650.0,,5.0,,4.0,18370.0,Hyundai,Yarı Otomatik,Benzin,SUV,4WD (Sürekli),Sahibinden,2650000.0,2599513,2650000,50486,1.9,MAKUL
2017,80000.0,1591.0,130.0,,11.5,,4394.0,1806.0,1615.0,,5.0,,4.0,15946.0,Hyundai,Otomatik,Benzin,SUV,Önden Çekiş,Galeriden,1739500.0,1669153,1739500,70346,4.2,MAKUL
2020,100000.0,1591.0,177.0,,8.9,,4480.0,1850.0,1660.0,,5.0,,4.0,19205.0,Hyundai,Yarı Otomatik,Benzin,SUV,Önden Çekiş,Galeriden,1751500.0,1769782,1751500,-18282,-1.0,MAKUL
2021,93000.0,1598.0,180.0,,8.8,,4500.0,1865.0,1650.0,,5.0,,4.0,16819.0,Hyundai,Yarı Otomatik,Benzin,SUV,Önden Çekiş,Galeriden,1635000.0,1654846,1635000,-19846,-1.2,MAKUL
2025,6015.0,1591.0,130.0,,11.5,,4394.0,1806.0,1615.0,,5.0,,4.0,15946.0,Hyundai,Otomatik,Benzin,SUV,AWD (Elektronik),Galeriden,2985000.0,2919723,2985000,65276,2.2,MAKUL
2024,26000.0,1591.0,130.0,,11.5,,4394.0,1806.0,1615.0,,5.0,,4.0,15946.0,Hyundai,Otomatik,Benzin,SUV,AWD (Elektronik),Galeriden,2590000.0,2769780,2590000,-179780,-6.5,MAKUL
2016,145000.0,1591.0,130.0,,11.5,,4394.0,1806.0,1615.0,,5.0,,4.0,15946.0,Hyundai,Otomatik,Benzin,SUV,AWD (Elektronik),Galeriden,1545000.0,1579186,1545000,-34186,-2.2,MAKUL
2018,78000.0,1591.0,130.0,,11.5,,4394.0,1806.0,1615.0,,5.0,,4.0,15946.0,Hyundai,Otomatik,Dizel,SUV,Önden Çekiş,Galeriden,1779750.0,1745979,1779750,33770,1.9,MAKUL
2020,190000.0,1591.0,130.0,,11.5,,4394.0,1806.0,1615.0,,5.0,,4.0,15946.0,Hyundai,Otomatik,Dizel,SUV,Önden Çekiş,Galeriden,1590000.0,1644810,1590000,-54810,-3.3,MAKUL
2025,17600.0,1591.0,156.0,,8.8,,4355.0,1825.0,1580.0,,5.0,,4.0,15478.0,Hyundai,Otomatik,Elektrik,SUV,Önden Çekiş,Galeriden,1445000.0,1672492,1445000,-227492,-13.6,FIRSAT
2016,105000.0,1591.0,130.0,,11.5,,4394.0,1806.0,1615.0,,5.0,,4.0,15946.0,Hyundai,Otomatik,Benzin,SUV,AWD (Elektronik),Galeriden,1699000.0,1605038,1699000,93961,5.9,MAKUL
2020,54845.0,1591.0,130.0,,11.5,,4394.0,1806.0,1615.0,,5.0,,4.0,15946.0,Hyundai,Otomatik,Dizel,SUV,Önden Çekiş,Galeriden,1359000.0,1617467,1359000,-258467,-16.0,FIRSAT
2024,40000.0,1598.0,136.0,,11.6,,4500.0,1865.0,1650.0,,5.0,,4.0,15556.0,Hyundai,Yarı Otomatik,Dizel,SUV,4WD (Sürekli),Galeriden,2500000.0,2570268,2500000,-70268,-2.7,MAKUL
2015,101000.0,1591.0,135.0,,11.1,,4410.0,1820.0,1670.0,,5.0,,4.0,14838.0,Hyundai,Otomatik,Benzin,SUV,Önden Çekiş,Galeriden,1198000.0,1237892,1198000,-39892,-3.2,MAKUL
2012,98500.0,1591.0,130.0,,11.5,,4394.0,1806.0,1615.0,,5.0,,4.0,15946.0,Hyundai,Düz,Benzin,SUV,Önden Çekiş,Galeriden,1150000.0,1121382,1150000,28617,2.6,MAKUL
2016,155000.0,1591.0,130.0,,11.5,,4394.0,1806.0,1615.0,,5.0,,4.0,15946.0,Hyundai,Otomatik,LPG & Benzin,SUV,AWD (Elektronik),Galeriden,1630000.0,1618332,1630000,11667,0.7,MAKUL
2025,6600.0,1598.0,180.0,,8.8,,4500.0,1865.0,1650.0,,5.0,,4.0,16819.0,Hyundai,Yarı Otomatik,Benzin,SUV,Önden Çekiş,Galeriden,2175000.0,2158926,2175000,16073,0.7,MAKUL
2005,355000.0,1975.0,141.0,,11.5,,4325.0,1795.0,1680.0,,5.0,,4.0,15946.0,Hyundai,Düz,LPG & Benzin,SUV,4WD (Sürekli),Galeriden,515000.0,513892,515000,1107,0.2,MAKUL
2024,34000.0,1598.0,136.0,,11.6,,4500.0,1865.0,1650.0,,5.0,,4.0,15556.0,Hyundai,Yarı Otomatik,Dizel,SUV,4WD (Sürekli),Galeriden,2700000.0,2699070,2700000,929,0.0,MAKUL
2023,73000.0,1598.0,136.0,,11.4,,4500.0,1865.0,1650.0,,5.0,,4.0,16541.0,Hyundai,Yarı Otomatik,Dizel,SUV,Önden Çekiş,Galeriden,2320000.0,2298223,2320000,21776,0.9,MAKUL
2024,26500.0,1368.0,100.0,,13.7,,4180.0,1775.0,1500.0,,5.0,,4.0,12784.0,Hyundai,Otomatik,Benzin,SUV,Önden Çekiş,Galeriden,1379000.0,1402232,1379000,-23232,-1.7,MAKUL
2021,72000.0,1591.0,130.0,,11.5,,4394.0,1806.0,1615.0,,5.0,,4.0,15946.0,Hyundai,Otomatik,Dizel,SUV,Önden Çekiş,Galeriden,2075000.0,2103937,2075000,-28937,-1.4,MAKUL
2020,15690.0,1591.0,130.0,,11.5,,4394.0,1806.0,1615.0,,5.0,,4.0,15946.0,Hyundai,Otomatik,Dizel,SUV,Önden Çekiş,Galeriden,2175000.0,2132687,2175000,42312,2.0,MAKUL
2024,8000.0,998.0,100.0,,12.4,,4180.0,1775.0,1500.0,,5.0,,3.0,12704.0,Hyundai,Yarı Otomatik,Benzin,SUV,Önden Çekiş,Sahibinden,1544000.0,1540999,1544000,3000,0.2,MAKUL
2006,390000.0,1991.0,112.0,,16.1,,4325.0,1830.0,1730.0,,5.0,,4.0,15946.0,Hyundai,Otomatik,Dizel,SUV,Önden Çekiş,Galeriden,497500.0,507112,497500,-9612,-1.9,MAKUL
2016,213500.0,1995.0,185.0,,9.5,,4475.0,1850.0,1660.0,,5.0,,4.0,17784.0,Hyundai,Otomatik,Dizel,SUV,4WD (Sürekli),Galeriden,1480000.0,1473570,1480000,6429,0.4,MAKUL
2022,45000.0,1598.0,180.0,,8.8,,4500.0,1865.0,1650.0,,5.0,,4.0,18370.0,Hyundai,Yarı Otomatik,Benzin,SUV,Önden Çekiş,Galeriden,2075000.0,2071900,2075000,3099,0.1,MAKUL
2023,65233.0,1591.0,130.0,,11.5,,4394.0,1806.0,1615.0,,5.0,,4.0,15946.0,Hyundai,Otomatik,Benzin,SUV,Önden Çekiş,Galeriden,1985000.0,1956087,1985000,28912,1.5,MAKUL
2024,19000.0,1591.0,130.0,,11.5,,4394.0,1806.0,1615.0,,5.0,,4.0,15946.0,Hyundai,Otomatik,Benzin,SUV,AWD (Elektronik),Galeriden,2800000.0,2795337,2800000,4662,0.2,MAKUL
2017,125000.0,1591.0,130.0,,11.5,,4394.0,1806.0,1615.0,,5.0,,4.0,15946.0,Hyundai,Otomatik,Benzin,SUV,AWD (Elektronik),Galeriden,1749000.0,1629282,1749000,119717,7.3,MAKUL
2024,16800.0,1368.0,100.0,,13.7,,4180.0,1775.0,1500.0,,5.0,,4.0,12006.0,Hyundai,Otomatik,Benzin,SUV,Önden Çekiş,Galeriden,1435000.0,1401111,1435000,33888,2.4,MAKUL
2023,32000.0,1368.0,100.0,,13.7,,4180.0,1775.0,1500.0,,5.0,,4.0,12784.0,Hyundai,Otomatik,Benzin,SUV,Önden Çekiş,Galeriden,1449000.0,1406124,1449000,42875,3.0,MAKUL
2022,23000.0,1368.0,100.0,,13.7,,4180.0,1775.0,1500.0,,5.0,,4.0,12006.0,Hyundai,Otomatik,Benzin,SUV,Önden Çekiş,Galeriden,1455000.0,1356684,1455000,98315,7.2,MAKUL
2023,39000.0,1368.0,100.0,,13.7,,4180.0,1775.0,1500.0,,5.0,,4.0,12784.0,Hyundai,Otomatik,Benzin,SUV,Önden Çekiş,Galeriden,1439000.0,1427463,1439000,11536,0.8,MAKUL
2023,69500.0,1368.0,100.0,,13.7,,4180.0,1775.0,1500.0,,5.0,,4.0,12006.0,Hyundai,Otomatik,Benzin,SUV,Önden Çekiş,Galeriden,1315000.0,1308114,1315000,6885,0.5,MAKUL
2021,62000.0,1368.0,100.0,,13.7,,4180.0,1775.0,1500.0,,5.0,,4.0,12006.0,Hyundai,Otomatik,Benzin,SUV,Önden Çekiş,Galeriden,1319000.0,1312540,1319000,6459,0.5,MAKUL
2022,35000.0,1368.0,100.0,,13.7,,4180.0,1775.0,1500.0,,5.0,,4.0,12006.0,Hyundai,Otomatik,LPG & Benzin,SUV,Önden Çekiş,Galeriden,1369000.0,1367131,1369000,1868,0.1,MAKUL
2023,69500.0,1368.0,100.0,,13.7,,4180.0,1775.0,1500.0,,5.0,,4.0,11984.0,Hyundai,Otomatik,Benzin,SUV,Önden Çekiş,Galeriden,1195000.0,1308114,1195000,-113114,-8.6,MAKUL
2022,79200.0,1368.0,100.0,,13.7,,4180.0,1775.0,1500.0,,5.0,,4.0,11984.0,Hyundai,Otomatik,Benzin,SUV,Önden Çekiş,Galeriden,1224950.0,1233727,1224950,-8777,-0.7,MAKUL
2023,64814.0,1368.0,100.0,,13.7,,4180.0,1775.0,1500.0,,5.0,,4.0,11984.0,Hyundai,Otomatik,Benzin,SUV,Önden Çekiş,Galeriden,1375000.0,1308393,1375000,66606,5.1,MAKUL
2023,125000.0,1368.0,100.0,,13.7,,4180.0,1775.0,1500.0,,5.0,,4.0,11984.0,Hyundai,Otomatik,Benzin,SUV,Önden Çekiş,Galeriden,1199999.0,1197627,1199999,2371,0.2,MAKUL
2023,8000.0,1368.0,100.0,,13.7,,4180.0,1775.0,1500.0,,5.0,,4.0,12784.0,Hyundai,Otomatik,Benzin,SUV,Önden Çekiş,Galeriden,1495000.0,1504499,1495000,-9499,-0.6,MAKUL
2023,70514.0,1368.0,100.0,,13.7,,4180.0,1775.0,1500.0,,5.0,,4.0,11984.0,Hyundai,Otomatik,Benzin,SUV,Önden Çekiş,Galeriden,1360000.0,1326825,1360000,33174,2.5,MAKUL
2023,44000.0,1368.0,100.0,,13.7,,4180.0,1775.0,1500.0,,5.0,,4.0,12784.0,Hyundai,Otomatik,Benzin,SUV,Önden Çekiş,Galeriden,1455000.0,1443439,1455000,11560,0.8,MAKUL
2024,23965.0,1368.0,100.0,,13.7,,4180.0,1775.0,1500.0,,5.0,,4.0,12006.0,Hyundai,Otomatik,Benzin,SUV,Önden Çekiş,Yetkili Bayiden,1438000.0,1345788,1438000,92211,6.9,MAKUL
2022,58000.0,1368.0,100.0,,13.7,,4180.0,1775.0,1500.0,,5.0,,4.0,11984.0,Hyundai,Otomatik,Benzin,SUV,Önden Çekiş,Galeriden,1248950.0,1301261,1248950,-52311,-4.0,MAKUL
2022,129500.0,1368.0,100.0,,13.7,,4180.0,1775.0,1500.0,,5.0,,4.0,11984.0,Hyundai,Otomatik,Benzin,SUV,Önden Çekiş,Galeriden,1099000.0,1115316,1099000,-16316,-1.5,MAKUL
2023,55000.0,1368.0,100.0,,13.7,,4180.0,1775.0,1500.0,,5.0,,4.0,12784.0,Hyundai,Otomatik,Benzin,SUV,Önden Çekiş,Galeriden,1425000.0,1421682,1425000,3317,0.2,MAKUL
2023,33000.0,1368.0,100.0,,13.7,,4180.0,1775.0,1500.0,,5.0,,4.0,12006.0,Hyundai,Otomatik,Benzin,SUV,Önden Çekiş,Galeriden,1420000.0,1337013,1420000,82986,6.2,MAKUL
2024,14000.0,1368.0,100.0,,13.7,,4180.0,1775.0,1500.0,,5.0,,4.0,12784.0,Hyundai,Otomatik,Benzin,SUV,Önden Çekiş,Galeriden,1539000.0,1509632,1539000,29367,1.9,MAKUL
2024,20000.0,1368.0,100.0,,13.7,,4180.0,1775.0,1500.0,,5.0,,4.0,12784.0,Hyundai,Otomatik,Benzin,SUV,Önden Çekiş,Galeriden,1545000.0,1483319,1545000,61680,4.2,MAKUL
2023,65300.0,1368.0,100.0,,13.7,,4180.0,1775.0,1500.0,,5.0,,4.0,11984.0,Hyundai,Otomatik,Benzin,SUV,Önden Çekiş,Galeriden,1259000.0,1285251,1259000,-26251,-2.0,MAKUL
2022,85500.0,1368.0,100.0,,13.7,,4180.0,1775.0,1500.0,,5.0,,4.0,12784.0,Hyundai,Otomatik,Benzin,SUV,Önden Çekiş,Galeriden,1365000.0,1359644,1365000,5355,0.4,MAKUL
2024,55000.0,1368.0,100.0,,13.7,,4180.0,1775.0,1500.0,,5.0,,4.0,11984.0,Hyundai,Otomatik,Benzin,SUV,Önden Çekiş,Galeriden,1350000.0,1319339,1350000,30660,2.3,MAKUL
2022,95000.0,1368.0,100.0,,13.7,,4180.0,1775.0,1500.0,,5.0,,4.0,12784.0,Hyundai,Otomatik,LPG & Benzin,SUV,Önden Çekiş,Galeriden,1339000.0,1338575,1339000,424,0.0,MAKUL
2023,66273.0,1368.0,100.0,,13.7,,4180.0,1775.0,1500.0,,5.0,,4.0,12006.0,Hyundai,Otomatik,Benzin,SUV,Önden Çekiş,Galeriden,1380000.0,1275512,1380000,104487,8.2,MAKUL
2022,82200.0,1368.0,100.0,,13.7,,4180.0,1775.0,1500.0,,5.0,,4.0,11984.0,Hyundai,Otomatik,Benzin,SUV,Önden Çekiş,Galeriden,1265000.0,1246786,1265000,18213,1.5,MAKUL
2023,58605.0,1368.0,100.0,,13.7,,4180.0,1775.0,1500.0,,5.0,,4.0,11984.0,Hyundai,Otomatik,Benzin,SUV,Önden Çekiş,Galeriden,1300000.0,1295228,1300000,4771,0.4,MAKUL
2023,82000.0,1368.0,100.0,,13.7,,4180.0,1775.0,1500.0,,5.0,,4.0,11984.0,Hyundai,Otomatik,Benzin,SUV,Önden Çekiş,Galeriden,1265000.0,1254399,1265000,10600,0.8,MAKUL
2022,29000.0,1368.0,100.0,,13.7,,4180.0,1775.0,1500.0,,5.0,,4.0,11984.0,Hyundai,Otomatik,Benzin,SUV,Önden Çekiş,Galeriden,1299900.0,1310665,1299900,-10765,-0.8,MAKUL
2023,110000.0,1368.0,100.0,,13.7,,4180.0,1775.0,1500.0,,5.0,,4.0,11984.0,Hyundai,Otomatik,Benzin,SUV,Önden Çekiş,Galeriden,1155000.0,1170567,1155000,-15567,-1.3,MAKUL
2022,90000.0,1368.0,100.0,,13.7,,4180.0,1775.0,1500.0,,5.0,,4.0,11984.0,Hyundai,Otomatik,Benzin,SUV,Önden Çekiş,Galeriden,1229000.0,1243459,1229000,-14459,-1.2,MAKUL
2021,49750.0,1368.0,100.0,,13.7,,4180.0,1775.0,1500.0,,5.0,,4.0,12006.0,Hyundai,Otomatik,Benzin,SUV,Önden Çekiş,Galeriden,1319000.0,1359732,1319000,-40732,-3.0,MAKUL
2021,30540.0,1368.0,100.0,,13.7,,4180.0,1775.0,1500.0,,5.0,,4.0,12784.0,Hyundai,Otomatik,Benzin,SUV,Önden Çekiş,Galeriden,1360000.0,1418368,1360000,-58368,-4.1,MAKUL
2024,31000.0,1591.0,130.0,,11.5,,4394.0,1806.0,1615.0,,5.0,,4.0,15946.0,Hyundai,Otomatik,Benzin,SUV,Önden Çekiş,Galeriden,1389000.0,1466004,1389000,-77004,-5.3,MAKUL
2016,92500.0,1995.0,185.0,,9.5,,4475.0,1850.0,1660.0,,5.0,,4.0,17784.0,Hyundai,Otomatik,Dizel,SUV,4WD (Sürekli),Galeriden,1745000.0,2054612,1745000,-309612,-15.1,FIRSAT
2010,147000.0,1991.0,150.0,,16.1,,4325.0,1830.0,1730.0,,5.0,,4.0,15946.0,Hyundai,Otomatik,Dizel,SUV,4WD (Sürekli),Galeriden,769900.0,781625,769900,-11725,-1.5,MAKUL
2023,49819.0,1598.0,180.0,,9.0,,4500.0,1865.0,1650.0,,5.0,,4.0,18370.0,Hyundai,Yarı Otomatik,Benzin,SUV,4WD (Sürekli),Galeriden,2480000.0,2468408,2480000,11591,0.5,MAKUL
2016,68000.0,1591.0,130.0,,11.5,,4394.0,1806.0,1615.0,,5.0,,4.0,15946.0,Hyundai,Otomatik,Benzin,SUV,Önden Çekiş,Galeriden,1565000.0,1593080,1565000,-28080,-1.8,MAKUL
2017,80000.0,1591.0,130.0,,11.5,,4394.0,1806.0,1615.0,,5.0,,4.0,15946.0,Hyundai,Otomatik,Benzin,SUV,Önden Çekiş,Galeriden,1599000.0,1669153,1599000,-70153,-4.2,MAKUL
2015,126900.0,1591.0,130.0,,11.5,,4394.0,1806.0,1615.0,,5.0,,4.0,15946.0,Hyundai,Otomatik,LPG & Benzin,SUV,AWD (Elektronik),Galeriden,1685000.0,1630735,1685000,54264,3.3,MAKUL
2016,178000.0,1591.0,130.0,,11.5,,4394.0,1806.0,1615.0,,5.0,,4.0,15946.0,Hyundai,Otomatik,LPG & Benzin,SUV,AWD (Elektronik),Galeriden,1525000.0,1524928,1525000,71,0.0,MAKUL
2015,110000.0,1591.0,130.0,,11.5,,4394.0,1806.0,1615.0,,5.0,,4.0,15946.0,Hyundai,Otomatik,Benzin,SUV,AWD (Elektronik),Galeriden,1685000.0,1668611,1685000,16388,1.0,MAKUL
2022,40000.0,1598.0,136.0,,11.4,,4500.0,1865.0,1650.0,,5.0,,4.0,18370.0,Hyundai,Yarı Otomatik,Dizel,SUV,Önden Çekiş,Galeriden,2080000.0,2084357,2080000,-4357,-0.2,MAKUL
2021,117000.0,1598.0,180.0,,8.8,,4500.0,1865.0,1650.0,,5.0,,4.0,16819.0,Hyundai,Yarı Otomatik,Benzin,SUV,Önden Çekiş,Galeriden,1590000.0,1602557,1590000,-12557,-0.8,MAKUL
2024,6001.0,1598.0,180.0,,8.8,,4500.0,1865.0,1650.0,,5.0,,4.0,16819.0,Hyundai,Yarı Otomatik,Benzin,SUV,Önden Çekiş,Galeriden,2150000.0,2136101,2150000,13898,0.7,MAKUL
2025,6001.0,1598.0,180.0,,8.8,,4500.0,1865.0,1650.0,,5.0,,4.0,16819.0,Hyundai,Yarı Otomatik,Benzin,SUV,Önden Çekiş,Galeriden,2165000.0,2157485,2165000,7514,0.3,MAKUL
2024,22000.0,998.0,100.0,,12.4,,4180.0,1775.0,1500.0,,5.0,,3.0,12704.0,Hyundai,Yarı Otomatik,Benzin,SUV,Önden Çekiş,Sahibinden,1415000.0,1433410,1415000,-18410,-1.3,MAKUL
2020,105000.0,1598.0,136.0,,11.8,,4480.0,1850.0,1660.0,,5.0,,4.0,17340.0,Hyundai,Yarı Otomatik,Dizel,SUV,4WD (Sürekli),Sahibinden,1950000.0,1968813,1950000,-18813,-1.0,MAKUL
2024,10150.0,1598.0,180.0,,8.8,,4500.0,1865.0,1650.0,,5.0,,4.0,16819.0,Hyundai,Yarı Otomatik,Benzin,SUV,Önden Çekiş,Sahibinden,2045000.0,2097020,2045000,-52020,-2.5,MAKUL
2020,165700.0,1591.0,130.0,,11.5,,4394.0,1806.0,1615.0,,5.0,,4.0,15946.0,Hyundai,Otomatik,Dizel,SUV,Önden Çekiş,Galeriden,1685000.0,1610311,1685000,74688,4.6,MAKUL
2020,115000.0,1591.0,130.0,,11.5,,4394.0,1806.0,1615.0,,5.0,,4.0,15946.0,Hyundai,Otomatik,Dizel,SUV,Önden Çekiş,Galeriden,1869000.0,1765768,1869000,103231,5.8,MAKUL
2020,46845.0,1591.0,130.0,,11.5,,4394.0,1806.0,1615.0,,5.0,,4.0,15946.0,Hyundai,Otomatik,Dizel,SUV,Önden Çekiş,Yetkili Bayiden,1438750.0,1533845,1438750,-95095,-6.2,MAKUL
2025,6100.0,1591.0,130.0,,11.5,,4394.0,1806.0,1615.0,,5.0,,4.0,15946.0,Hyundai,Otomatik,Elektrik,-,-,Yetkili Bayiden,1816750.0,1821832,1816750,-5082,-0.3,MAKUL
2016,104500.0,1591.0,177.0,,9.1,,4475.0,1850.0,1660.0,,5.0,,4.0,17784.0,Hyundai,Yarı Otomatik,Benzin,SUV,4WD (Sürekli),Sahibinden,1450000.0,1488979,1450000,-38979,-2.6,MAKUL
2014,97000.0,1591.0,135.0,,11.1,,4410.0,1820.0,1670.0,,5.0,,4.0,13470.0,Hyundai,Otomatik,Benzin,SUV,Önden Çekiş,Galeriden,1280000.0,1262615,1280000,17384,1.4,MAKUL
2012,251000.0,1591.0,135.0,,11.1,,4410.0,1820.0,1670.0,,5.0,,4.0,15191.0,Hyundai,Düz,LPG & Benzin,SUV,Önden Çekiş,Sahibinden,735000.0,778581,735000,-43581,-5.6,MAKUL
2008,155000.0,1991.0,112.0,,16.1,,4325.0,1830.0,1730.0,,5.0,,4.0,15946.0,Hyundai,Otomatik,Dizel,SUV,Önden Çekiş,Sahibinden,750000.0,720604,750000,29395,4.1,MAKUL
2022,29889.0,1368.0,100.0,,13.7,,4180.0,1775.0,1500.0,,5.0,,4.0,12006.0,Hyundai,Otomatik,Benzin,SUV,Önden Çekiş,Galeriden,1459000.0,1316702,1459000,142297,10.8,PAHALI
2013,92000.0,1591.0,130.0,,11.5,,4394.0,1806.0,1615.0,,5.0,,4.0,15946.0,Hyundai,Otomatik,Benzin,SUV,Önden Çekiş,Galeriden,1179900.0,1202315,1179900,-22415,-1.9,MAKUL
2022,56000.0,1368.0,100.0,,13.7,,4180.0,1775.0,1500.0,,5.0,,4.0,12784.0,Hyundai,Otomatik,Benzin,SUV,Önden Çekiş,Galeriden,1440000.0,1424587,1440000,15412,1.1,MAKUL
2021,63000.0,1598.0,136.0,,11.8,,4480.0,1850.0,1660.0,,5.0,,4.0,17340.0,Hyundai,Yarı Otomatik,Dizel,SUV,Önden Çekiş,Sahibinden,2100000.0,2096276,2100000,3723,0.2,MAKUL
2020,99000.0,1591.0,130.0,,11.5,,4394.0,1806.0,1615.0,,5.0,,4.0,15946.0,Hyundai,Otomatik,Dizel,SUV,Önden Çekiş,Galeriden,1649000.0,1704228,1649000,-55228,-3.2,MAKUL
2023,20700.0,1598.0,136.0,,11.6,,4500.0,1865.0,1650.0,,5.0,,4.0,15556.0,Hyundai,Yarı Otomatik,Dizel,SUV,4WD (Sürekli),Galeriden,2150000.0,2184044,2150000,-34044,-1.6,MAKUL
2016,163500.0,1591.0,130.0,,11.5,,4394.0,1806.0,1615.0,,5.0,,4.0,15946.0,Hyundai,Otomatik,Benzin,SUV,Önden Çekiş,Galeriden,1425000.0,1421865,1425000,3134,0.2,MAKUL
2017,90313.0,1591.0,130.0,,11.5,,4394.0,1806.0,1615.0,,5.0,,4.0,15946.0,Hyundai,Otomatik,Benzin,SUV,Önden Çekiş,Yetkili Bayiden,1644000.0,1639624,1644000,4375,0.3,MAKUL
2015,148000.0,1591.0,177.0,,9.1,,4475.0,1850.0,1660.0,,5.0,,4.0,17784.0,Hyundai,Yarı Otomatik,Benzin,SUV,4WD (Sürekli),Galeriden,1550000.0,1556869,1550000,-6869,-0.4,MAKUL
2016,171000.0,1591.0,130.0,,11.5,,4394.0,1806.0,1615.0,,5.0,,4.0,15946.0,Hyundai,Otomatik,LPG & Benzin,SUV,AWD (Elektronik),Galeriden,1549500.0,1550519,1549500,-1019,-0.1,MAKUL
2017,82500.0,1591.0,130.0,,11.5,,4394.0,1806.0,1615.0,,5.0,,4.0,15946.0,Hyundai,Otomatik,Benzin,SUV,Önden Çekiş,Galeriden,1649000.0,1651859,1649000,-2859,-0.2,MAKUL
2017,169000.0,1591.0,130.0,,11.5,,4394.0,1806.0,1615.0,,5.0,,4.0,15946.0,Hyundai,Otomatik,Benzin,SUV,AWD (Elektronik),Galeriden,1595000.0,1434120,1595000,160879,11.2,PAHALI
2018,74500.0,1591.0,130.0,,11.5,,4394.0,1806.0,1615.0,,5.0,,4.0,15946.0,Hyundai,Otomatik,Benzin,SUV,Önden Çekiş,Galeriden,1700000.0,1678989,1700000,21010,1.3,MAKUL
2016,140000.0,1591.0,130.0,,11.5,,4394.0,1806.0,1615.0,,5.0,,4.0,15946.0,Hyundai,Otomatik,Benzin,SUV,AWD (Elektronik),Galeriden,1605000.0,1609565,1605000,-4565,-0.3,MAKUL
2022,98500.0,998.0,120.0,,11.0,,4205.0,1800.0,1550.0,,5.0,,3.0,14658.0,Hyundai,Otomatik,Benzin,SUV,Önden Çekiş,Galeriden,1322500.0,1310428,1322500,12071,0.9,MAKUL
2019,38000.0,1598.0,136.0,,9.8,,4165.0,1800.0,1565.0,,5.0,,4.0,16069.0,Hyundai,Yarı Otomatik,Dizel,SUV,Önden Çekiş,Galeriden,1335000.0,1348386,1335000,-13386,-1.0,MAKUL
2025,19500.0,1591.0,130.0,,11.5,,4394.0,1806.0,1615.0,,5.0,,4.0,15946.0,Hyundai,Otomatik,Dizel,SUV,Önden Çekiş,Galeriden,2759000.0,2743758,2759000,15241,0.6,MAKUL
2018,85000.0,1591.0,130.0,,11.5,,4394.0,1806.0,1615.0,,5.0,,4.0,15946.0,Hyundai,Otomatik,Dizel,SUV,AWD (Elektronik),Galeriden,1859000.0,1848499,1859000,10500,0.6,MAKUL
2012,72000.0,1591.0,130.0,,11.5,,4394.0,1806.0,1615.0,,5.0,,4.0,15946.0,Hyundai,Düz,Benzin,SUV,Önden Çekiş,Galeriden,1155000.0,1133672,1155000,21327,1.9,MAKUL
2012,100000.0,1591.0,130.0,,11.5,,4394.0,1806.0,1615.0,,5.0,,4.0,15946.0,Hyundai,Düz,Benzin,SUV,Önden Çekiş,Galeriden,1079500.0,1096006,1079500,-16506,-1.5,MAKUL
2021,50000.0,1598.0,136.0,,11.4,,4500.0,1865.0,1650.0,,5.0,,4.0,18370.0,Hyundai,Yarı Otomatik,Dizel,SUV,Önden Çekiş,Galeriden,1950000.0,1976375,1950000,-26375,-1.3,MAKUL
2018,130000.0,1598.0,136.0,,11.8,,4480.0,1850.0,1660.0,,5.0,,4.0,17340.0,Hyundai,Yarı Otomatik,Dizel,SUV,4WD (Sürekli),Galeriden,1735000.0,1831867,1735000,-96867,-5.3,MAKUL
2022,73000.0,1598.0,180.0,,8.8,,4500.0,1865.0,1650.0,,5.0,,4.0,18370.0,Hyundai,Yarı Otomatik,Benzin,SUV,Önden Çekiş,Galeriden,1939000.0,1960512,1939000,-21512,-1.1,MAKUL
2019,215000.0,1591.0,130.0,,11.5,,4394.0,1806.0,1615.0,,5.0,,4.0,15946.0,Hyundai,Otomatik,Dizel,SUV,Önden Çekiş,Galeriden,1230000.0,1298940,1230000,-68940,-5.3,MAKUL
2023,11000.0,1591.0,130.0,,11.5,,4394.0,1806.0,1615.0,,5.0,,4.0,15946.0,Hyundai,Otomatik,Benzin,SUV,AWD (Elektronik),Galeriden,2250000.0,2245078,2250000,4921,0.2,MAKUL
2023,20000.0,1598.0,136.0,,11.4,,4500.0,1865.0,1650.0,,5.0,,4.0,18370.0,Hyundai,Yarı Otomatik,Dizel,SUV,Önden Çekiş,Galeriden,2270000.0,2264344,2270000,5655,0.2,MAKUL
2021,67000.0,1591.0,130.0,,11.5,,4394.0,1806.0,1615.0,,5.0,,4.0,15946.0,Hyundai,Otomatik,Dizel,SUV,AWD (Elektronik),Galeriden,2199000.0,2188129,2199000,10870,0.5,MAKUL
2025,9600.0,1591.0,170.0,,8.5,,4655.0,1890.0,1605.0,,5.0,,4.0,23608.0,Hyundai,Otomatik,Elektrik,SUV,4WD (Sürekli),Galeriden,2070000.0,2076482,2070000,-6482,-0.3,MAKUL
2015,150000.0,1591.0,132.0,,12.1,,4475.0,1850.0,1660.0,,5.0,,4.0,17784.0,Hyundai,Otomatik,Benzin,SUV,Önden Çekiş,Galeriden,1449000.0,1444534,1449000,4465,0.3,MAKUL
2014,176000.0,1591.0,135.0,,11.1,,4410.0,1820.0,1670.0,,5.0,,4.0,13470.0,Hyundai,Otomatik,Benzin,SUV,Önden Çekiş,Galeriden,1055000.0,1108675,1055000,-53675,-4.8,MAKUL
2020,117000.0,1591.0,130.0,,11.5,,4394.0,1806.0,1615.0,,5.0,,4.0,15946.0,Hyundai,Otomatik,Dizel,SUV,Önden Çekiş,Galeriden,1790000.0,1749544,1790000,40455,2.3,MAKUL
2023,74000.0,1591.0,130.0,,11.5,,4394.0,1806.0,1615.0,,5.0,,4.0,15946.0,Hyundai,Otomatik,Benzin,SUV,Önden Çekiş,Galeriden,1935000.0,1926343,1935000,8656,0.4,MAKUL
2021,79000.0,1591.0,130.0,,11.5,,4394.0,1806.0,1615.0,,5.0,,4.0,15946.0,Hyundai,Otomatik,Dizel,SUV,AWD (Elektronik),Galeriden,2199000.0,2193189,2199000,5810,0.3,MAKUL
2022,52000.0,1598.0,136.0,,11.6,,4500.0,1865.0,1650.0,,5.0,,4.0,15556.0,Hyundai,Yarı Otomatik,Dizel,SUV,4WD (Sürekli),Sahibinden,2650000.0,2534023,2650000,115976,4.6,MAKUL
2022,120000.0,1598.0,136.0,,11.6,,4500.0,1865.0,1650.0,,5.0,,4.0,15556.0,Hyundai,Yarı Otomatik,Dizel,SUV,4WD (Sürekli),Sahibinden,2199000.0,2217431,2199000,-18431,-0.8,MAKUL
2025,40000.0,998.0,100.0,,12.4,,4180.0,1775.0,1500.0,,5.0,,3.0,12704.0,Hyundai,Yarı Otomatik,Benzin,SUV,Önden Çekiş,Sahibinden,1510000.0,1522766,1510000,-12766,-0.8,MAKUL
2021,80650.0,1598.0,136.0,,11.4,,4500.0,1865.0,1650.0,,5.0,,4.0,16541.0,Hyundai,Yarı Otomatik,Dizel,SUV,Önden Çekiş,Sahibinden,1960000.0,1993635,1960000,-33635,-1.7,MAKUL
2012,127000.0,1591.0,135.0,,11.1,,4410.0,1820.0,1670.0,,5.0,,4.0,15191.0,Hyundai,Düz,LPG & Benzin,SUV,Önden Çekiş,Sahibinden,936000.0,958402,936000,-22402,-2.3,MAKUL
2019,161000.0,1598.0,136.0,,11.8,,4480.0,1850.0,1660.0,,5.0,,4.0,17340.0,Hyundai,Yarı Otomatik,Dizel,SUV,Önden Çekiş,Sahibinden,1650000.0,1647372,1650000,2627,0.2,MAKUL
2020,56500.0,1598.0,136.0,,11.8,,4480.0,1850.0,1660.0,,5.0,,4.0,17340.0,Hyundai,Yarı Otomatik,Dizel,SUV,4WD (Sürekli),Sahibinden,2100000.0,2122703,2100000,-22703,-1.1,MAKUL
2023,32000.0,1598.0,136.0,,11.4,,4500.0,1865.0,1650.0,,5.0,,4.0,18370.0,Hyundai,Yarı Otomatik,Dizel,SUV,Önden Çekiş,Sahibinden,2140000.0,2140600,2140000,-600,-0.0,MAKUL
2011,152000.0,1591.0,135.0,,11.1,,4410.0,1820.0,1670.0,,5.0,,4.0,15946.0,Hyundai,Otomatik,LPG & Benzin,SUV,4WD (Sürekli),Sahibinden,1000000.0,998578,1000000,1421,0.1,MAKUL
2022,69000.0,1591.0,130.0,,11.5,,4394.0,1806.0,1615.0,,5.0,,4.0,15946.0,Hyundai,Otomatik,Dizel,SUV,Önden Çekiş,Galeriden,2275000.0,2241843,2275000,33156,1.5,MAKUL
2022,60000.0,1591.0,130.0,,11.5,,4394.0,1806.0,1615.0,,5.0,,4.0,15946.0,Hyundai,Otomatik,Dizel,SUV,Önden Çekiş,Galeriden,2255000.0,2234366,2255000,20633,0.9,MAKUL
2018,191725.0,1591.0,130.0,,11.5,,4394.0,1806.0,1615.0,,5.0,,4.0,15946.0,Hyundai,Otomatik,Dizel,SUV,AWD (Elektronik),Yetkili Bayiden,1545000.0,1545532,1545000,-532,-0.0,MAKUL
2020,49000.0,1591.0,130.0,,11.5,,4394.0,1806.0,1615.0,,5.0,,4.0,15946.0,Hyundai,Otomatik,Dizel,SUV,AWD (Elektronik),Galeriden,2020000.0,2057633,2020000,-37633,-1.8,MAKUL
2025,18000.0,1591.0,130.0,,11.5,,4394.0,1806.0,1615.0,,5.0,,4.0,15946.0,Hyundai,Otomatik,Dizel,SUV,Önden Çekiş,Galeriden,2825000.0,2772600,2825000,52399,1.9,MAKUL
2020,109000.0,1591.0,130.0,,11.5,,4394.0,1806.0,1615.0,,5.0,,4.0,15946.0,Hyundai,Otomatik,Dizel,SUV,AWD (Elektronik),Galeriden,1925000.0,1928896,1925000,-3896,-0.2,MAKUL
2020,90000.0,1591.0,130.0,,11.5,,4394.0,1806.0,1615.0,,5.0,,4.0,15946.0,Hyundai,Otomatik,Dizel,SUV,AWD (Elektronik),Galeriden,1895000.0,1935169,1895000,-40169,-2.1,MAKUL
2020,132000.0,1591.0,130.0,,11.5,,4394.0,1806.0,1615.0,,5.0,,4.0,15946.0,Hyundai,Otomatik,Dizel,SUV,AWD (Elektronik),Galeriden,1855000.0,1879245,1855000,-24245,-1.3,MAKUL
2019,114300.0,1591.0,130.0,,11.5,,4394.0,1806.0,1615.0,,5.0,,4.0,15946.0,Hyundai,Otomatik,Dizel,SUV,AWD (Elektronik),Galeriden,1865000.0,1853610,1865000,11389,0.6,MAKUL
2020,105662.0,1591.0,130.0,,11.5,,4394.0,1806.0,1615.0,,5.0,,4.0,15946.0,Hyundai,Otomatik,Dizel,SUV,Önden Çekiş,Yetkili Bayiden,1800000.0,1791886,1800000,8113,0.5,MAKUL
2020,90000.0,1591.0,130.0,,11.5,,4394.0,1806.0,1615.0,,5.0,,4.0,15946.0,Hyundai,Otomatik,Dizel,SUV,Önden Çekiş,Galeriden,1835000.0,1660527,1835000,174472,10.5,PAHALI
2019,206000.0,1591.0,130.0,,11.5,,4394.0,1806.0,1615.0,,5.0,,4.0,15946.0,Hyundai,Otomatik,Dizel,SUV,Önden Çekiş,Galeriden,1539000.0,1513813,1539000,25186,1.7,MAKUL
2020,148600.0,1591.0,130.0,,11.5,,4394.0,1806.0,1615.0,,5.0,,4.0,15946.0,Hyundai,Otomatik,Dizel,SUV,Önden Çekiş,Galeriden,1715000.0,1656861,1715000,58138,3.5,MAKUL
2019,121000.0,1591.0,130.0,,11.5,,4394.0,1806.0,1615.0,,5.0,,4.0,15946.0,Hyundai,Otomatik,Dizel,SUV,Önden Çekiş,Galeriden,1715000.0,1601733,1715000,113266,7.1,MAKUL
2022,22500.0,1591.0,130.0,,11.5,,4394.0,1806.0,1615.0,,5.0,,4.0,15946.0,Hyundai,Otomatik,Dizel,SUV,AWD (Elektronik),Galeriden,2400000.0,2389960,2400000,10039,0.4,MAKUL
2023,37000.0,1598.0,136.0,,11.6,,4500.0,1865.0,1650.0,,5.0,,4.0,15556.0,Hyundai,Yarı Otomatik,Dizel,SUV,4WD (Sürekli),Galeriden,2520000.0,2521053,2520000,-1053,-0.0,MAKUL
2024,59750.0,1598.0,136.0,,11.6,,4500.0,1865.0,1650.0,,5.0,,4.0,15556.0,Hyundai,Yarı Otomatik,Dizel,SUV,4WD (Sürekli),Galeriden,2575000.0,2560499,2575000,14500,0.6,MAKUL
2022,34000.0,1591.0,130.0,,11.5,,4394.0,1806.0,1615.0,,5.0,,4.0,15946.0,Hyundai,Otomatik,Dizel,SUV,AWD (Elektronik),Galeriden,2485000.0,2419181,2485000,65818,2.7,MAKUL
2023,45000.0,1598.0,136.0,,11.6,,4500.0,1865.0,1650.0,,5.0,,4.0,15556.0,Hyundai,Yarı Otomatik,Dizel,SUV,4WD (Sürekli),Galeriden,2449000.0,2497199,2449000,-48199,-1.9,MAKUL
2023,35000.0,1598.0,136.0,,11.6,,4500.0,1865.0,1650.0,,5.0,,4.0,15556.0,Hyundai,Yarı Otomatik,Dizel,SUV,4WD (Sürekli),Galeriden,2525000.0,2513001,2525000,11998,0.5,MAKUL
2023,48000.0,1598.0,136.0,,11.6,,4500.0,1865.0,1650.0,,5.0,,4.0,15556.0,Hyundai,Yarı Otomatik,Dizel,SUV,4WD (Sürekli),Galeriden,2465000.0,2461595,2465000,3404,0.1,MAKUL
2024,12000.0,1598.0,136.0,,11.6,,4500.0,1865.0,1650.0,,5.0,,4.0,15556.0,Hyundai,Yarı Otomatik,Dizel,SUV,4WD (Sürekli),Galeriden,2795000.0,2791693,2795000,3306,0.1,MAKUL
2025,6001.0,1598.0,136.0,,11.6,,4500.0,1865.0,1650.0,,5.0,,4.0,15556.0,Hyundai,Yarı Otomatik,Dizel,SUV,4WD (Sürekli),Galeriden,3125000.0,3103928,3125000,21071,0.7,MAKUL
2022,64538.0,1591.0,130.0,,11.5,,4394.0,1806.0,1615.0,,5.0,,4.0,15946.0,Hyundai,Otomatik,Dizel,SUV,AWD (Elektronik),Yetkili Bayiden,2230000.0,2224452,2230000,5547,0.2,MAKUL
2023,91000.0,1598.0,136.0,,11.6,,4500.0,1865.0,1650.0,,5.0,,4.0,15556.0,Hyundai,Yarı Otomatik,Dizel,SUV,4WD (Sürekli),Galeriden,2176500.0,2260942,2176500,-84442,-3.7,MAKUL
2020,118000.0,1598.0,136.0,,11.8,,4480.0,1850.0,1660.0,,5.0,,4.0,17340.0,Hyundai,Yarı Otomatik,Dizel,SUV,4WD (Sürekli),Galeriden,1835000.0,1852988,1835000,-17988,-1.0,MAKUL
2013,58000.0,1591.0,130.0,,11.5,,4394.0,1806.0,1615.0,,5.0,,4.0,15946.0,Hyundai,Düz,Benzin,SUV,Önden Çekiş,Galeriden,1045000.0,1063741,1045000,-18741,-1.8,MAKUL
2020,123000.0,1591.0,130.0,,11.5,,4394.0,1806.0,1615.0,,5.0,,4.0,15946.0,Hyundai,Otomatik,Dizel,SUV,AWD (Elektronik),Galeriden,1875000.0,1891908,1875000,-16908,-0.9,MAKUL
2015,139465.0,1591.0,135.0,,11.1,,4410.0,1820.0,1670.0,,5.0,,4.0,14838.0,Hyundai,Otomatik,Benzin,SUV,Önden Çekiş,Yetkili Bayiden,1159500.0,1205428,1159500,-45928,-3.8,MAKUL
2023,55000.0,1598.0,136.0,,11.6,,4500.0,1865.0,1650.0,,5.0,,4.0,15556.0,Hyundai,Yarı Otomatik,Dizel,SUV,4WD (Sürekli),Galeriden,2375000.0,2394296,2375000,-19296,-0.8,MAKUL
2021,58000.0,1598.0,136.0,,11.4,,4500.0,1865.0,1650.0,,5.0,,4.0,18370.0,Hyundai,Yarı Otomatik,Dizel,SUV,Önden Çekiş,Galeriden,1995000.0,2001198,1995000,-6198,-0.3,MAKUL
2017,107000.0,1591.0,130.0,,11.5,,4394.0,1806.0,1615.0,,5.0,,4.0,15946.0,Hyundai,Otomatik,LPG & Benzin,SUV,AWD (Elektronik),Galeriden,1668000.0,1662946,1668000,5053,0.3,MAKUL
2023,57000.0,1591.0,130.0,,11.5,,4394.0,1806.0,1615.0,,5.0,,4.0,15946.0,Hyundai,Otomatik,Benzin,SUV,Önden Çekiş,Galeriden,2095000.0,1997465,2095000,97534,4.9,MAKUL
2024,6520.0,1598.0,136.0,,11.6,,4500.0,1865.0,1650.0,,5.0,,4.0,15556.0,Hyundai,Yarı Otomatik,Dizel,SUV,4WD (Sürekli),Galeriden,2995750.0,2967182,2995750,28567,1.0,MAKUL
2016,73000.0,1591.0,130.0,,11.5,,4394.0,1806.0,1615.0,,5.0,,4.0,15946.0,Hyundai,Otomatik,LPG & Benzin,SUV,Önden Çekiş,Galeriden,1499500.0,1514469,1499500,-14969,-1.0,MAKUL
2025,6001.0,1591.0,170.0,,8.5,,4655.0,1890.0,1605.0,,5.0,,4.0,23608.0,Hyundai,Otomatik,Elektrik,SUV,4WD (Sürekli),Galeriden,2295000.0,2318307,2295000,-23307,-1.0,MAKUL
2020,67977.0,998.0,120.0,,12.0,,4165.0,1800.0,1565.0,,5.0,,3.0,15482.0,Hyundai,Düz,Benzin,SUV,Önden Çekiş,Sahibinden,1500000.0,1493727,1500000,6272,0.4,MAKUL
2021,45350.0,1598.0,180.0,,8.8,,4500.0,1865.0,1650.0,,5.0,,4.0,16819.0,Hyundai,Yarı Otomatik,Benzin,SUV,Önden Çekiş,Sahibinden,1845000.0,1847144,1845000,-2144,-0.1,MAKUL
2024,11000.0,1368.0,100.0,,13.7,,4180.0,1775.0,1500.0,,5.0,,4.0,11984.0,Hyundai,Otomatik,Benzin,SUV,Önden Çekiş,Sahibinden,1425000.0,1429312,1425000,-4312,-0.3,MAKUL
2020,155000.0,1598.0,136.0,,11.8,,4480.0,1850.0,1660.0,,5.0,,4.0,17340.0,Hyundai,Yarı Otomatik,Dizel,SUV,4WD (Sürekli),Sahibinden,1745000.0,1759874,1745000,-14874,-0.8,MAKUL
2018,200000.0,1598.0,136.0,,11.8,,4480.0,1850.0,1660.0,,5.0,,4.0,17340.0,Hyundai,Yarı Otomatik,Dizel,SUV,4WD (Sürekli),Sahibinden,1800000.0,1726923,1800000,73076,4.2,MAKUL
2022,52000.0,1598.0,136.0,,11.6,,4500.0,1865.0,1650.0,,5.0,,4.0,15556.0,Hyundai,Yarı Otomatik,Dizel,SUV,4WD (Sürekli),Sahibinden,2650000.0,2534023,2650000,115976,4.6,MAKUL
2022,120000.0,1598.0,136.0,,11.6,,4500.0,1865.0,1650.0,,5.0,,4.0,15556.0,Hyundai,Yarı Otomatik,Dizel,SUV,4WD (Sürekli),Sahibinden,2199000.0,2217431,2199000,-18431,-0.8,MAKUL
2025,40000.0,998.0,100.0,,12.4,,4180.0,1775.0,1500.0,,5.0,,3.0,12704.0,Hyundai,Yarı Otomatik,Benzin,SUV,Önden Çekiş,Sahibinden,1510000.0,1522766,1510000,-12766,-0.8,MAKUL
2021,80650.0,1598.0,136.0,,11.4,,4500.0,1865.0,1650.0,,5.0,,4.0,16541.0,Hyundai,Yarı Otomatik,Dizel,SUV,Önden Çekiş,Sahibinden,1960000.0,1993635,1960000,-33635,-1.7,MAKUL
2012,127000.0,1591.0,135.0,,11.1,,4410.0,1820.0,1670.0,,5.0,,4.0,15191.0,Hyundai,Düz,LPG & Benzin,SUV,Önden Çekiş,Sahibinden,936000.0,958402,936000,-22402,-2.3,MAKUL
2019,161000.0,1598.0,136.0,,11.8,,4480.0,1850.0,1660.0,,5.0,,4.0,17340.0,Hyundai,Yarı Otomatik,Dizel,SUV,Önden Çekiş,Sahibinden,1650000.0,1647372,1650000,2627,0.2,MAKUL
2020,56500.0,1598.0,136.0,,11.8,,4480.0,1850.0,1660.0,,5.0,,4.0,17340.0,Hyundai,Yarı Otomatik,Dizel,SUV,4WD (Sürekli),Sahibinden,2100000.0,2122703,2100000,-22703,-1.1,MAKUL
2023,32000.0,1598.0,136.0,,11.4,,4500.0,1865.0,1650.0,,5.0,,4.0,18370.0,Hyundai,Yarı Otomatik,Dizel,SUV,Önden Çekiş,Sahibinden,2140000.0,2140600,2140000,-600,-0.0,MAKUL
2011,152000.0,1591.0,135.0,,11.1,,4410.0,1820.0,1670.0,,5.0,,4.0,15946.0,Hyundai,Otomatik,LPG & Benzin,SUV,4WD (Sürekli),Sahibinden,1000000.0,998578,1000000,1421,0.1,MAKUL
2022,69000.0,1591.0,130.0,,11.5,,4394.0,1806.0,1615.0,,5.0,,4.0,15946.0,Hyundai,Otomatik,Dizel,SUV,Önden Çekiş,Galeriden,2275000.0,2241843,2275000,33156,1.5,MAKUL
2022,60000.0,1591.0,130.0,,11.5,,4394.0,1806.0,1615.0,,5.0,,4.0,15946.0,Hyundai,Otomatik,Dizel,SUV,Önden Çekiş,Galeriden,2255000.0,2234366,2255000,20633,0.9,MAKUL
2018,191725.0,1591.0,130.0,,11.5,,4394.0,1806.0,1615.0,,5.0,,4.0,15946.0,Hyundai,Otomatik,Dizel,SUV,AWD (Elektronik),Yetkili Bayiden,1545000.0,1545532,1545000,-532,-0.0,MAKUL
2020,49000.0,1591.0,130.0,,11.5,,4394.0,1806.0,1615.0,,5.0,,4.0,15946.0,Hyundai,Otomatik,Dizel,SUV,AWD (Elektronik),Galeriden,2020000.0,2057633,2020000,-37633,-1.8,MAKUL
2025,18000.0,1591.0,130.0,,11.5,,4394.0,1806.0,1615.0,,5.0,,4.0,15946.0,Hyundai,Otomatik,Dizel,SUV,Önden Çekiş,Galeriden,2825000.0,2772600,2825000,52399,1.9,MAKUL
2020,109000.0,1591.0,130.0,,11.5,,4394.0,1806.0,1615.0,,5.0,,4.0,15946.0,Hyundai,Otomatik,Dizel,SUV,AWD (Elektronik),Galeriden,1925000.0,1928896,1925000,-3896,-0.2,MAKUL
2020,90000.0,1591.0,130.0,,11.5,,4394.0,1806.0,1615.0,,5.0,,4.0,15946.0,Hyundai,Otomatik,Dizel,SUV,AWD (Elektronik),Galeriden,1895000.0,1935169,1895000,-40169,-2.1,MAKUL
2020,132000.0,1591.0,130.0,,11.5,,4394.0,1806.0,1615.0,,5.0,,4.0,15946.0,Hyundai,Otomatik,Dizel,SUV,AWD (Elektronik),Galeriden,1855000.0,1879245,1855000,-24245,-1.3,MAKUL
2019,114300.0,1591.0,130.0,,11.5,,4394.0,1806.0,1615.0,,5.0,,4.0,15946.0,Hyundai,Otomatik,Dizel,SUV,AWD (Elektronik),Galeriden,1865000.0,1853610,1865000,11389,0.6,MAKUL
2020,105662.0,1591.0,130.0,,11.5,,4394.0,1806.0,1615.0,,5.0,,4.0,15946.0,Hyundai,Otomatik,Dizel,SUV,Önden Çekiş,Yetkili Bayiden,1800000.0,1791886,1800000,8113,0.5,MAKUL
2020,90000.0,1591.0,130.0,,11.5,,4394.0,1806.0,1615.0,,5.0,,4.0,15946.0,Hyundai,Otomatik,Dizel,SUV,Önden Çekiş,Galeriden,1835000.0,1660527,1835000,174472,10.5,PAHALI
2019,206000.0,1591.0,130.0,,11.5,,4394.0,1806.0,1615.0,,5.0,,4.0,15946.0,Hyundai,Otomatik,Dizel,SUV,Önden Çekiş,Galeriden,1539000.0,1513813,1539000,25186,1.7,MAKUL
2016,59000.0,1591.0,130.0,,11.5,,4394.0,1806.0,1615.0,,5.0,,4.0,15946.0,Hyundai,Otomatik,Benzin,SUV,Önden Çekiş,Galeriden,1649750.0,1648756,1649750,993,0.1,MAKUL
2016,165000.0,1591.0,130.0,,11.5,,4394.0,1806.0,1615.0,,5.0,,4.0,15946.0,Hyundai,Otomatik,Benzin,SUV,Önden Çekiş,Galeriden,1450000.0,1422425,1450000,27574,1.9,MAKUL
2016,143000.0,1591.0,132.0,,11.5,,4475.0,1850.0,1660.0,,5.0,,4.0,16927.0,Hyundai,Düz,LPG & Benzin,SUV,Önden Çekiş,Galeriden,1219750.0,1231729,1219750,-11979,-1.0,MAKUL
2020,100000.0,1591.0,130.0,,11.5,,4394.0,1806.0,1615.0,,5.0,,4.0,15946.0,Hyundai,Otomatik,Dizel,SUV,Önden Çekiş,Galeriden,1859000.0,1733380,1859000,125619,7.2,MAKUL
2021,110000.0,1591.0,130.0,,11.5,,4394.0,1806.0,1615.0,,5.0,,4.0,15946.0,Hyundai,Otomatik,Dizel,SUV,AWD (Elektronik),Galeriden,2175000.0,2178899,2175000,-3899,-0.2,MAKUL
2018,128000.0,1598.0,136.0,,11.8,,4480.0,1850.0,1660.0,,5.0,,4.0,17340.0,Hyundai,Yarı Otomatik,Dizel,SUV,4WD (Sürekli),Galeriden,1839000.0,1836348,1839000,2651,0.1,MAKUL
2022,52000.0,1591.0,130.0,,11.5,,4394.0,1806.0,1615.0,,5.0,,4.0,15946.0,Hyundai,Otomatik,Dizel,SUV,AWD (Elektronik),Galeriden,2199000.0,2254738,2199000,-55738,-2.5,MAKUL
2023,56150.0,1598.0,136.0,,11.4,,4500.0,1865.0,1650.0,,5.0,,4.0,16541.0,Hyundai,Yarı Otomatik,Dizel,SUV,Önden Çekiş,Galeriden,2325000.0,2299920,2325000,25079,1.1,MAKUL
2018,117000.0,1591.0,130.0,,11.5,,4394.0,1806.0,1615.0,,5.0,,4.0,15946.0,Hyundai,Otomatik,Dizel,SUV,Önden Çekiş,Galeriden,1785000.0,1711983,1785000,73016,4.3,MAKUL
2020,95000.0,1591.0,130.0,,11.5,,4394.0,1806.0,1615.0,,5.0,,4.0,15946.0,Hyundai,Otomatik,Dizel,SUV,AWD (Elektronik),Galeriden,1890000.0,1928110,1890000,-38110,-2.0,MAKUL
2025,15000.0,1591.0,130.0,,11.5,,4394.0,1806.0,1615.0,,5.0,,4.0,15946.0,Hyundai,Otomatik,Dizel,SUV,Önden Çekiş,Galeriden,2950000.0,2856704,2950000,93295,3.3,MAKUL
2019,142100.0,1598.0,136.0,,9.8,,4165.0,1800.0,1565.0,,5.0,,4.0,16069.0,Hyundai,Yarı Otomatik,Dizel,SUV,Önden Çekiş,Sahibinden,1300000.0,1298597,1300000,1402,0.1,MAKUL
2012,180000.0,1591.0,135.0,,11.1,,4410.0,1820.0,1670.0,,5.0,,4.0,15191.0,Hyundai,Düz,Benzin,SUV,Önden Çekiş,Sahibinden,900000.0,931744,900000,-31744,-3.4,MAKUL
2024,24000.0,1598.0,136.0,,11.6,,4500.0,1865.0,1650.0,,5.0,,4.0,15556.0,Hyundai,Yarı Otomatik,Dizel,SUV,4WD (Sürekli),Sahibinden,2750000.0,2741106,2750000,8893,0.3,MAKUL
2022,45000.0,998.0,120.0,,11.0,,4205.0,1800.0,1550.0,,5.0,,3.0,14658.0,Hyundai,Otomatik,Benzin,SUV,Önden Çekiş,Sahibinden,1430000.0,1436949,1430000,-6949,-0.5,MAKUL
2020,99080.0,1598.0,136.0,,11.8,,4480.0,1850.0,1660.0,,5.0,,4.0,17340.0,Hyundai,Yarı Otomatik,Dizel,SUV,Önden Çekiş,Sahibinden,1950000.0,1889964,1950000,60035,3.2,MAKUL
2012,154000.0,1591.0,135.0,,11.1,,4410.0,1820.0,1670.0,,5.0,,4.0,15191.0,Hyundai,Düz,LPG & Benzin,SUV,Önden Çekiş,Sahibinden,1010000.0,1004396,1010000,5603,0.6,MAKUL
2023,8700.0,1368.0,100.0,,13.7,,4180.0,1775.0,1500.0,,5.0,,4.0,12784.0,Hyundai,Otomatik,Benzin,SUV,Önden Çekiş,Sahibinden,1550000.0,1534640,1550000,15359,1.0,MAKUL
2014,244000.0,1591.0,135.0,,11.1,,4410.0,1820.0,1670.0,,5.0,,4.0,13470.0,Hyundai,Otomatik,LPG & Benzin,SUV,Önden Çekiş,Sahibinden,950000.0,979067,950000,-29067,-3.0,MAKUL
2013,216000.0,1591.0,135.0,,11.1,,4410.0,1820.0,1670.0,,5.0,,4.0,13470.0,Hyundai,Düz,LPG & Benzin,SUV,Önden Çekiş,Sahibinden,950000.0,954452,950000,-4452,-0.5,MAKUL
2025,6001.0,1591.0,130.0,,11.5,,4394.0,1806.0,1615.0,,5.0,,4.0,15946.0,Hyundai,Otomatik,Benzin,SUV,Önden Çekiş,Sahibinden,2350000.0,2389210,2350000,-39210,-1.6,MAKUL
2023,14000.0,1368.0,100.0,,13.7,,4180.0,1775.0,1500.0,,5.0,,4.0,11984.0,Hyundai,Otomatik,Benzin,SUV,Önden Çekiş,Sahibinden,1450000.0,1452288,1450000,-2288,-0.2,MAKUL
2022,75000.0,1368.0,100.0,,13.7,,4180.0,1775.0,1500.0,,5.0,,4.0,11984.0,Hyundai,Otomatik,Benzin,SUV,Önden Çekiş,Sahibinden,1150000.0,1228779,1150000,-78779,-6.4,MAKUL
2018,191000.0,1598.0,136.0,,11.8,,4480.0,1850.0,1660.0,,5.0,,4.0,17340.0,Hyundai,Yarı Otomatik,Dizel,SUV,4WD (Sürekli),Sahibinden,1470000.0,1510721,1470000,-40721,-2.7,MAKUL
2024,41000.0,998.0,100.0,,11.7,,4180.0,1775.0,1500.0,,5.0,,3.0,12784.0,Hyundai,Yarı Otomatik,Benzin,SUV,Önden Çekiş,Galeriden,1460000.0,1475810,1460000,-15810,-1.1,MAKUL
2016,214000.0,1995.0,185.0,,9.5,,4475.0,1850.0,1660.0,,5.0,,4.0,17784.0,Hyundai,Otomatik,Dizel,SUV,4WD (Sürekli),Sahibinden,1490000.0,1498194,1490000,-8194,-0.5,MAKUL
2020,112000.0,1598.0,136.0,,9.8,,4165.0,1800.0,1565.0,,5.0,,4.0,16069.0,Hyundai,Yarı Otomatik,Dizel,SUV,Önden Çekiş,Sahibinden,1433000.0,1441254,1433000,-8254,-0.6,MAKUL
2025,6001.0,1591.0,170.0,,8.5,,4655.0,1890.0,1605.0,,5.0,,4.0,23608.0,Hyundai,Otomatik,Elektrik,SUV,4WD (Sürekli),Galeriden,2335000.0,2318307,2335000,16693,0.7,MAKUL
2013,165000.0,1591.0,135.0,,11.1,,4410.0,1820.0,1670.0,,5.0,,4.0,11708.0,Hyundai,Düz,Benzin,SUV,Önden Çekiş,Sahibinden,970000.0,1014488,970000,-44488,-4.4,MAKUL
2018,160000.0,1598.0,136.0,,11.8,,4480.0,1850.0,1660.0,,5.0,,4.0,17340.0,Hyundai,Yarı Otomatik,Dizel,SUV,4WD (Sürekli),Galeriden,1700000.0,1707430,1700000,-7430,-0.4,MAKUL
2022,89875.0,1368.0,100.0,,13.7,,4180.0,1775.0,1500.0,,5.0,,4.0,11984.0,Hyundai,Otomatik,Benzin,SUV,Önden Çekiş,Galeriden,1245040.0,1243609,1245040,1430,0.1,MAKUL
2015,89900.0,1591.0,130.0,,11.5,,4394.0,1806.0,1615.0,,5.0,,4.0,15946.0,Hyundai,Otomatik,Benzin,SUV,AWD (Elektronik),Galeriden,1580000.0,1596066,1580000,-16066,-1.0,MAKUL
2012,150000.0,1591.0,130.0,,11.5,,4394.0,1806.0,1615.0,,5.0,,4.0,15946.0,Hyundai,Otomatik,Dizel,SUV,AWD (Elektronik),Galeriden,1225000.0,1218496,1225000,6503,0.5,MAKUL
2024,28100.0,1591.0,156.0,,8.8,,4355.0,1825.0,1580.0,,5.0,,4.0,15478.0,Hyundai,Otomatik,Elektrik,SUV,Önden Çekiş,Galeriden,1720000.0,1669207,1720000,50792,3.0,MAKUL
2021,78000.0,1591.0,130.0,,11.5,,4394.0,1806.0,1615.0,,5.0,,4.0,15946.0,Hyundai,Otomatik,Dizel,SUV,Önden Çekiş,Galeriden,2164000.0,2104755,2164000,59244,2.8,MAKUL
2025,33000.0,998.0,100.0,,12.4,,4180.0,1775.0,1500.0,,5.0,,3.0,12704.0,Hyundai,Yarı Otomatik,Benzin,SUV,Önden Çekiş,Galeriden,1305000.0,1351702,1305000,-46702,-3.5,MAKUL
2016,59000.0,1591.0,130.0,,11.5,,4394.0,1806.0,1615.0,,5.0,,4.0,15946.0,Hyundai,Otomatik,Benzin,SUV,Önden Çekiş,Galeriden,1649750.0,1648756,1649750,993,0.1,MAKUL
2022,22000.0,1598.0,180.0,,8.8,,4500.0,1865.0,1650.0,,5.0,,4.0,18370.0,Hyundai,Yarı Otomatik,Benzin,SUV,Önden Çekiş,Galeriden,2120000.0,2143602,2120000,-23602,-1.1,MAKUL
2017,88000.0,1591.0,130.0,,11.5,,4394.0,1806.0,1615.0,,5.0,,4.0,15946.0,Hyundai,Otomatik,Benzin,SUV,Önden Çekiş,Galeriden,1599500.0,1629061,1599500,-29561,-1.8,MAKUL
2016,59000.0,1591.0,130.0,,11.5,,4394.0,1806.0,1615.0,,5.0,,4.0,15946.0,Hyundai,Otomatik,Benzin,SUV,Önden Çekiş,Galeriden,1649750.0,1648756,1649750,993,0.1,MAKUL
2016,165000.0,1591.0,130.0,,11.5,,4394.0,1806.0,1615.0,,5.0,,4.0,15946.0,Hyundai,Otomatik,Benzin,SUV,Önden Çekiş,Galeriden,1450000.0,1422425,1450000,27574,1.9,MAKUL
2020,100000.0,1591.0,130.0,,11.5,,4394.0,1806.0,1615.0,,5.0,,4.0,15946.0,Hyundai,Otomatik,Dizel,SUV,Önden Çekiş,Galeriden,1859000.0,1733380,1859000,125619,7.2,MAKUL
2021,110000.0,1591.0,130.0,,11.5,,4394.0,1806.0,1615.0,,5.0,,4.0,15946.0,Hyundai,Otomatik,Dizel,SUV,AWD (Elektronik),Galeriden,2175000.0,2178899,2175000,-3899,-0.2,MAKUL
2018,128000.0,1598.0,136.0,,11.8,,4480.0,1850.0,1660.0,,5.0,,4.0,17340.0,Hyundai,Yarı Otomatik,Dizel,SUV,4WD (Sürekli),Galeriden,1839000.0,1836348,1839000,2651,0.1,MAKUL
2022,52000.0,1591.0,130.0,,11.5,,4394.0,1806.0,1615.0,,5.0,,4.0,15946.0,Hyundai,Otomatik,Dizel,SUV,AWD (Elektronik),Galeriden,2199000.0,2254738,2199000,-55738,-2.5,MAKUL
2023,56150.0,1598.0,136.0,,11.4,,4500.0,1865.0,1650.0,,5.0,,4.0,16541.0,Hyundai,Yarı Otomatik,Dizel,SUV,Önden Çekiş,Galeriden,2325000.0,2299920,2325000,25079,1.1,MAKUL
2018,117000.0,1591.0,130.0,,11.5,,4394.0,1806.0,1615.0,,5.0,,4.0,15946.0,Hyundai,Otomatik,Dizel,SUV,Önden Çekiş,Galeriden,1785000.0,1711983,1785000,73016,4.3,MAKUL
2020,95000.0,1591.0,130.0,,11.5,,4394.0,1806.0,1615.0,,5.0,,4.0,15946.0,Hyundai,Otomatik,Dizel,SUV,AWD (Elektronik),Galeriden,1890000.0,1928110,1890000,-38110,-2.0,MAKUL
2025,15000.0,1591.0,130.0,,11.5,,4394.0,1806.0,1615.0,,5.0,,4.0,15946.0,Hyundai,Otomatik,Dizel,SUV,Önden Çekiş,Galeriden,2950000.0,2856704,2950000,93295,3.3,MAKUL
2012,180000.0,1591.0,135.0,,11.1,,4410.0,1820.0,1670.0,,5.0,,4.0,15191.0,Hyundai,Düz,Benzin,SUV,Önden Çekiş,Sahibinden,900000.0,931744,900000,-31744,-3.4,MAKUL
2024,24000.0,1598.0,136.0,,11.6,,4500.0,1865.0,1650.0,,5.0,,4.0,15556.0,Hyundai,Yarı Otomatik,Dizel,SUV,4WD (Sürekli),Sahibinden,2750000.0,2741106,2750000,8893,0.3,MAKUL
2022,45000.0,998.0,120.0,,11.0,,4205.0,1800.0,1550.0,,5.0,,3.0,14658.0,Hyundai,Otomatik,Benzin,SUV,Önden Çekiş,Sahibinden,1430000.0,1436949,1430000,-6949,-0.5,MAKUL
2020,99080.0,1598.0,136.0,,11.8,,4480.0,1850.0,1660.0,,5.0,,4.0,17340.0,Hyundai,Yarı Otomatik,Dizel,SUV,Önden Çekiş,Sahibinden,1950000.0,1889964,1950000,60035,3.2,MAKUL
2012,154000.0,1591.0,135.0,,11.1,,4410.0,1820.0,1670.0,,5.0,,4.0,15191.0,Hyundai,Düz,LPG & Benzin,SUV,Önden Çekiş,Sahibinden,1010000.0,1004396,1010000,5603,0.6,MAKUL
2023,8700.0,1368.0,100.0,,13.7,,4180.0,1775.0,1500.0,,5.0,,4.0,12784.0,Hyundai,Otomatik,Benzin,SUV,Önden Çekiş,Sahibinden,1550000.0,1534640,1550000,15359,1.0,MAKUL
2014,244000.0,1591.0,135.0,,11.1,,4410.0,1820.0,1670.0,,5.0,,4.0,13470.0,Hyundai,Otomatik,LPG & Benzin,SUV,Önden Çekiş,Sahibinden,950000.0,979067,950000,-29067,-3.0,MAKUL
2013,216000.0,1591.0,135.0,,11.1,,4410.0,1820.0,1670.0,,5.0,,4.0,13470.0,Hyundai,Düz,LPG & Benzin,SUV,Önden Çekiş,Sahibinden,950000.0,954452,950000,-4452,-0.5,MAKUL
2025,6001.0,1591.0,130.0,,11.5,,4394.0,1806.0,1615.0,,5.0,,4.0,15946.0,Hyundai,Otomatik,Benzin,SUV,Önden Çekiş,Sahibinden,2350000.0,2389210,2350000,-39210,-1.6,MAKUL
2023,14000.0,1368.0,100.0,,13.7,,4180.0,1775.0,1500.0,,5.0,,4.0,11984.0,Hyundai,Otomatik,Benzin,SUV,Önden Çekiş,Sahibinden,1450000.0,1452288,1450000,-2288,-0.2,MAKUL
2022,75000.0,1368.0,100.0,,13.7,,4180.0,1775.0,1500.0,,5.0,,4.0,11984.0,Hyundai,Otomatik,Benzin,SUV,Önden Çekiş,Sahibinden,1150000.0,1228779,1150000,-78779,-6.4,MAKUL
2018,191000.0,1598.0,136.0,,11.8,,4480.0,1850.0,1660.0,,5.0,,4.0,17340.0,Hyundai,Yarı Otomatik,Dizel,SUV,4WD (Sürekli),Sahibinden,1470000.0,1510721,1470000,-40721,-2.7,MAKUL
2024,41000.0,998.0,100.0,,11.7,,4180.0,1775.0,1500.0,,5.0,,3.0,12784.0,Hyundai,Yarı Otomatik,Benzin,SUV,Önden Çekiş,Galeriden,1460000.0,1475810,1460000,-15810,-1.1,MAKUL
2016,214000.0,1995.0,185.0,,9.5,,4475.0,1850.0,1660.0,,5.0,,4.0,17784.0,Hyundai,Otomatik,Dizel,SUV,4WD (Sürekli),Sahibinden,1490000.0,1498194,1490000,-8194,-0.5,MAKUL
2020,112000.0,1598.0,136.0,,9.8,,4165.0,1800.0,1565.0,,5.0,,4.0,16069.0,Hyundai,Yarı Otomatik,Dizel,SUV,Önden Çekiş,Sahibinden,1433000.0,1441254,1433000,-8254,-0.6,MAKUL
2025,6001.0,1591.0,170.0,,8.5,,4655.0,1890.0,1605.0,,5.0,,4.0,23608.0,Hyundai,Otomatik,Elektrik,SUV,4WD (Sürekli),Galeriden,2335000.0,2318307,2335000,16693,0.7,MAKUL
2013,165000.0,1591.0,135.0,,11.1,,4410.0,1820.0,1670.0,,5.0,,4.0,11708.0,Hyundai,Düz,Benzin,SUV,Önden Çekiş,Sahibinden,970000.0,1014488,970000,-44488,-4.4,MAKUL
2018,160000.0,1598.0,136.0,,11.8,,4480.0,1850.0,1660.0,,5.0,,4.0,17340.0,Hyundai,Yarı Otomatik,Dizel,SUV,4WD (Sürekli),Galeriden,1700000.0,1707430,1700000,-7430,-0.4,MAKUL
2022,89875.0,1368.0,100.0,,13.7,,4180.0,1775.0,1500.0,,5.0,,4.0,11984.0,Hyundai,Otomatik,Benzin,SUV,Önden Çekiş,Galeriden,1245040.0,1243609,1245040,1430,0.1,MAKUL
2015,89900.0,1591.0,130.0,,11.5,,4394.0,1806.0,1615.0,,5.0,,4.0,15946.0,Hyundai,Otomatik,Benzin,SUV,AWD (Elektronik),Galeriden,1580000.0,1596066,1580000,-16066,-1.0,MAKUL
2021,78000.0,1591.0,130.0,,11.5,,4394.0,1806.0,1615.0,,5.0,,4.0,15946.0,Hyundai,Otomatik,Dizel,SUV,Önden Çekiş,Galeriden,2164000.0,2104755,2164000,59244,2.8,MAKUL
2025,36000.0,998.0,100.0,,12.4,,4180.0,1775.0,1500.0,,5.0,,3.0,12704.0,Hyundai,Yarı Otomatik,Benzin,SUV,Önden Çekiş,Galeriden,1305000.0,1334482,1305000,-29482,-2.2,MAKUL
2022,77000.0,1591.0,130.0,,11.5,,4394.0,1806.0,1615.0,,5.0,,4.0,15946.0,Hyundai,Otomatik,Dizel,SUV,AWD (Elektronik),Galeriden,2269000.0,2297871,2269000,-28871,-1.3,MAKUL
2023,18000.0,1368.0,100.0,,13.7,,4180.0,1775.0,1500.0,,5.0,,4.0,12006.0,Hyundai,Otomatik,Benzin,SUV,Önden Çekiş,Galeriden,1435000.0,1410382,1435000,24617,1.7,MAKUL
2020,96500.0,1591.0,130.0,,11.5,,4394.0,1806.0,1615.0,,5.0,,4.0,15946.0,Hyundai,Otomatik,Dizel,SUV,AWD (Elektronik),Galeriden,1960000.0,1938143,1960000,21856,1.1,MAKUL
2020,92500.0,1591.0,130.0,,11.5,,4394.0,1806.0,1615.0,,5.0,,4.0,15946.0,Hyundai,Otomatik,Dizel,SUV,AWD (Elektronik),Galeriden,1960000.0,1940910,1960000,19089,1.0,MAKUL
2025,9800.0,1598.0,136.0,,11.4,,4500.0,1865.0,1650.0,,5.0,,4.0,18370.0,Hyundai,Yarı Otomatik,Dizel,SUV,Önden Çekiş,Galeriden,2595000.0,2589093,2595000,5906,0.2,MAKUL
2013,120000.0,1591.0,135.0,,11.1,,4410.0,1820.0,1670.0,,5.0,,4.0,15191.0,Hyundai,Düz,Benzin,SUV,Önden Çekiş,Galeriden,1000000.0,1019954,1000000,-19954,-2.0,MAKUL
2022,42518.0,1598.0,180.0,,9.0,,4500.0,1865.0,1650.0,,5.0,,4.0,18370.0,Hyundai,Yarı Otomatik,Benzin,SUV,4WD (Sürekli),Yetkili Bayiden,2690000.0,2661223,2690000,28776,1.1,MAKUL
2016,109000.0,1591.0,130.0,,11.5,,4394.0,1806.0,1615.0,,5.0,,4.0,15946.0,Hyundai,Otomatik,Benzin,SUV,AWD (Elektronik),Galeriden,1690000.0,1650741,1690000,39258,2.4,MAKUL
2025,6001.0,1591.0,130.0,,11.5,,4394.0,1806.0,1615.0,,5.0,,4.0,15946.0,Hyundai,Otomatik,Benzin,SUV,AWD (Elektronik),Galeriden,2895000.0,2919723,2895000,-24723,-0.8,MAKUL
2025,6700.0,1591.0,130.0,,11.5,,4394.0,1806.0,1615.0,,5.0,,4.0,15946.0,Hyundai,Otomatik,Benzin,SUV,AWD (Elektronik),Galeriden,2925900.0,2911204,2925900,14695,0.5,MAKUL
2018,103000.0,1598.0,136.0,,11.8,,4480.0,1850.0,1660.0,,5.0,,4.0,17340.0,Hyundai,Yarı Otomatik,Dizel,SUV,4WD (Sürekli),Galeriden,1875000.0,1873777,1875000,1222,0.1,MAKUL
2024,46500.0,1591.0,130.0,,11.5,,4394.0,1806.0,1615.0,,5.0,,4.0,15946.0,Hyundai,Otomatik,Benzin,SUV,Önden Çekiş,Galeriden,1398500.0,1510060,1398500,-111560,-7.4,MAKUL
2012,120000.0,1591.0,130.0,,11.5,,4394.0,1806.0,1615.0,,5.0,,4.0,15946.0,Hyundai,Düz,Benzin,SUV,Önden Çekiş,Galeriden,1045000.0,1020982,1045000,24017,2.4,MAKUL
2014,165000.0,1591.0,135.0,,11.1,,4410.0,1820.0,1670.0,,5.0,,4.0,13470.0,Hyundai,Otomatik,LPG & Benzin,SUV,Önden Çekiş,Galeriden,1119000.0,1131885,1119000,-12885,-1.1,MAKUL
2012,137000.0,1591.0,130.0,,11.5,,4394.0,1806.0,1615.0,,5.0,,4.0,15946.0,Hyundai,Düz,Benzin,SUV,Önden Çekiş,Galeriden,957500.0,980591,957500,-23091,-2.4,MAKUL
2022,127552.0,1591.0,130.0,,11.5,,4394.0,1806.0,1615.0,,5.0,,4.0,15946.0,Hyundai,Otomatik,Dizel,SUV,AWD (Elektronik),Yetkili Bayiden,2189500.0,2176270,2189500,13229,0.6,MAKUL
2023,34662.0,1368.0,100.0,,13.7,,4180.0,1775.0,1500.0,,5.0,,4.0,11984.0,Hyundai,Otomatik,Benzin,SUV,Önden Çekiş,Galeriden,1349000.0,1343148,1349000,5851,0.4,MAKUL
2024,54000.0,1368.0,100.0,,13.7,,4180.0,1775.0,1500.0,,5.0,,4.0,11984.0,Hyundai,Otomatik,Benzin,SUV,Önden Çekiş,Galeriden,1278750.0,1290135,1278750,-11385,-0.9,MAKUL
2025,18000.0,998.0,100.0,,12.4,,4180.0,1775.0,1500.0,,5.0,,3.0,12704.0,Hyundai,Yarı Otomatik,Benzin,SUV,Önden Çekiş,Galeriden,1409000.0,1422566,1409000,-13566,-1.0,MAKUL
2022,66000.0,1591.0,130.0,,11.5,,4394.0,1806.0,1615.0,,5.0,,4.0,15946.0,Hyundai,Otomatik,Dizel,SUV,Önden Çekiş,Galeriden,2249900.0,2234544,2249900,15355,0.7,MAKUL
2021,93000.0,1591.0,130.0,,11.5,,4394.0,1806.0,1615.0,,5.0,,4.0,15946.0,Hyundai,Otomatik,Dizel,SUV,Önden Çekiş,Galeriden,1955000.0,1928658,1955000,26341,1.4,MAKUL
2018,25000.0,1591.0,132.0,,12.1,,4475.0,1850.0,1660.0,,5.0,,4.0,17784.0,Hyundai,Otomatik,Benzin,SUV,Önden Çekiş,Galeriden,1795000.0,1782223,1795000,12776,0.7,MAKUL
2018,55903.0,1591.0,132.0,,12.1,,4475.0,1850.0,1660.0,,5.0,,4.0,17784.0,Hyundai,Otomatik,Benzin,SUV,Önden Çekiş,Yetkili Bayiden,1985000.0,1954069,1985000,30930,1.6,MAKUL
2023,53500.0,1598.0,136.0,,11.4,,4500.0,1865.0,1650.0,,5.0,,4.0,18370.0,Hyundai,Yarı Otomatik,Dizel,SUV,Önden Çekiş,Galeriden,2150000.0,2042122,2150000,107877,5.3,MAKUL
2020,133000.0,1591.0,130.0,,11.5,,4394.0,1806.0,1615.0,,5.0,,4.0,15946.0,Hyundai,Otomatik,Dizel,SUV,Önden Çekiş,Galeriden,1290000.0,1470348,1290000,-180348,-12.3,FIRSAT
2023,43000.0,1368.0,100.0,,13.7,,4180.0,1775.0,1500.0,,5.0,,4.0,12006.0,Hyundai,Otomatik,Benzin,SUV,Önden Çekiş,Galeriden,1390000.0,1453079,1390000,-63079,-4.3,MAKUL
2023,47000.0,1591.0,136.0,,9.9,,4205.0,1800.0,1570.0,,5.0,,4.0,14658.0,Hyundai,Otomatik,Elektrik,SUV,Önden Çekiş,Galeriden,1435000.0,1446009,1435000,-11009,-0.8,MAKUL
2022,35000.0,1368.0,100.0,,13.7,,4180.0,1775.0,1500.0,,5.0,,4.0,12006.0,Hyundai,Otomatik,LPG & Benzin,SUV,Önden Çekiş,Galeriden,1445000.0,1367131,1445000,77868,5.7,MAKUL
2021,68000.0,1591.0,130.0,,11.5,,4394.0,1806.0,1615.0,,5.0,,4.0,15946.0,Hyundai,Otomatik,Dizel,SUV,Önden Çekiş,Galeriden,2100000.0,2129037,2100000,-29037,-1.4,MAKUL
2023,26000.0,1591.0,130.0,,11.5,,4394.0,1806.0,1615.0,,5.0,,4.0,15946.0,Hyundai,Otomatik,Benzin,SUV,Önden Çekiş,Galeriden,2228750.0,1738697,2228750,490052,28.2,PAHALI
2014,140000.0,1591.0,135.0,,11.1,,4410.0,1820.0,1670.0,,5.0,,4.0,13470.0,Hyundai,Otomatik,LPG & Benzin,SUV,Önden Çekiş,Galeriden,1145000.0,1139626,1145000,5373,0.5,MAKUL
2022,74000.0,1591.0,130.0,,11.5,,4394.0,1806.0,1615.0,,5.0,,4.0,15946.0,Hyundai,Otomatik,Dizel,SUV,AWD (Elektronik),Galeriden,2490000.0,2369254,2490000,120745,5.1,MAKUL
2019,152586.0,1591.0,130.0,,11.5,,4394.0,1806.0,1615.0,,5.0,,4.0,15946.0,Hyundai,Otomatik,Dizel,SUV,Önden Çekiş,Galeriden,1629000.0,1599728,1629000,29271,1.8,MAKUL
2020,129800.0,1591.0,130.0,,11.5,,4394.0,1806.0,1615.0,,5.0,,4.0,15946.0,Hyundai,Otomatik,Dizel,SUV,AWD (Elektronik),Galeriden,1879750.0,1887529,1879750,-7779,-0.4,MAKUL
2022,35000.0,1598.0,180.0,,8.8,,4500.0,1865.0,1650.0,,5.0,,4.0,18370.0,Hyundai,Yarı Otomatik,Benzin,SUV,Önden Çekiş,Galeriden,2150000.0,2132568,2150000,17431,0.8,MAKUL
2020,155000.0,1591.0,130.0,,11.5,,4394.0,1806.0,1615.0,,5.0,,4.0,15946.0,Hyundai,Otomatik,Dizel,SUV,Önden Çekiş,Galeriden,1775000.0,1676551,1775000,98448,5.9,MAKUL
2014,129000.0,1591.0,135.0,,11.1,,4410.0,1820.0,1670.0,,5.0,,4.0,13470.0,Hyundai,Otomatik,LPG & Benzin,SUV,Önden Çekiş,Galeriden,1120000.0,1141912,1120000,-21912,-1.9,MAKUL
2020,171000.0,1598.0,136.0,,9.8,,4165.0,1800.0,1565.0,,5.0,,4.0,15482.0,Hyundai,Yarı Otomatik,Dizel,SUV,Önden Çekiş,Galeriden,1350000.0,1346839,1350000,3160,0.2,MAKUL
2020,123000.0,1591.0,130.0,,11.5,,4394.0,1806.0,1615.0,,5.0,,4.0,15946.0,Hyundai,Otomatik,Dizel,SUV,AWD (Elektronik),Galeriden,1875000.0,1891908,1875000,-16908,-0.9,MAKUL
2015,139465.0,1591.0,135.0,,11.1,,4410.0,1820.0,1670.0,,5.0,,4.0,14838.0,Hyundai,Otomatik,Benzin,SUV,Önden Çekiş,Yetkili Bayiden,1159500.0,1205428,1159500,-45928,-3.8,MAKUL
2023,60395.0,1368.0,100.0,,13.7,,4180.0,1775.0,1500.0,,5.0,,4.0,11984.0,Hyundai,Otomatik,Benzin,SUV,Önden Çekiş,Galeriden,1270000.0,1281858,1270000,-11858,-0.9,MAKUL
2023,55000.0,1598.0,136.0,,11.6,,4500.0,1865.0,1650.0,,5.0,,4.0,15556.0,Hyundai,Yarı Otomatik,Dizel,SUV,4WD (Sürekli),Galeriden,2375000.0,2394296,2375000,-19296,-0.8,MAKUL
2017,107000.0,1591.0,130.0,,11.5,,4394.0,1806.0,1615.0,,5.0,,4.0,15946.0,Hyundai,Otomatik,LPG & Benzin,SUV,AWD (Elektronik),Galeriden,1668000.0,1662946,1668000,5053,0.3,MAKUL
2023,57000.0,1591.0,130.0,,11.5,,4394.0,1806.0,1615.0,,5.0,,4.0,15946.0,Hyundai,Otomatik,Benzin,SUV,Önden Çekiş,Galeriden,2079000.0,1997465,2079000,81534,4.1,MAKUL
2007,325000.0,1991.0,113.0,,11.5,,4325.0,1795.0,1680.0,,5.0,,4.0,15946.0,Hyundai,Otomatik,Dizel,SUV,4WD (Sürekli),Galeriden,554000.0,616713,554000,-62713,-10.2,FIRSAT
2022,55000.0,1368.0,100.0,,13.7,,4180.0,1775.0,1500.0,,5.0,,4.0,12784.0,Hyundai,Otomatik,Benzin,SUV,Önden Çekiş,Galeriden,1400000.0,1424430,1400000,-24430,-1.7,MAKUL
2024,6520.0,1598.0,136.0,,11.6,,4500.0,1865.0,1650.0,,5.0,,4.0,15556.0,Hyundai,Yarı Otomatik,Dizel,SUV,4WD (Sürekli),Galeriden,2995750.0,2967182,2995750,28567,1.0,MAKUL
2016,73000.0,1591.0,130.0,,11.5,,4394.0,1806.0,1615.0,,5.0,,4.0,15946.0,Hyundai,Otomatik,LPG & Benzin,SUV,Önden Çekiş,Galeriden,1499500.0,1514469,1499500,-14969,-1.0,MAKUL
2025,6001.0,1591.0,170.0,,8.5,,4655.0,1890.0,1605.0,,5.0,,4.0,23608.0,Hyundai,Otomatik,Elektrik,SUV,4WD (Sürekli),Galeriden,2295000.0,2318307,2295000,-23307,-1.0,MAKUL
2020,67977.0,998.0,120.0,,12.0,,4165.0,1800.0,1565.0,,5.0,,3.0,15482.0,Hyundai,Düz,Benzin,SUV,Önden Çekiş,Sahibinden,1500000.0,1493727,1500000,6272,0.4,MAKUL
2021,45350.0,1598.0,180.0,,8.8,,4500.0,1865.0,1650.0,,5.0,,4.0,16819.0,Hyundai,Yarı Otomatik,Benzin,SUV,Önden Çekiş,Sahibinden,1869000.0,1847144,1869000,21855,1.2,MAKUL
2024,11000.0,1368.0,100.0,,13.7,,4180.0,1775.0,1500.0,,5.0,,4.0,11984.0,Hyundai,Otomatik,Benzin,SUV,Önden Çekiş,Sahibinden,1425000.0,1429312,1425000,-4312,-0.3,MAKUL
2020,155000.0,1598.0,136.0,,11.8,,4480.0,1850.0,1660.0,,5.0,,4.0,17340.0,Hyundai,Yarı Otomatik,Dizel,SUV,4WD (Sürekli),Sahibinden,1745000.0,1759874,1745000,-14874,-0.8,MAKUL
2018,200000.0,1598.0,136.0,,11.8,,4480.0,1850.0,1660.0,,5.0,,4.0,17340.0,Hyundai,Yarı Otomatik,Dizel,SUV,4WD (Sürekli),Sahibinden,1800000.0,1726923,1800000,73076,4.2,MAKUL
2022,52000.0,1598.0,136.0,,11.6,,4500.0,1865.0,1650.0,,5.0,,4.0,15556.0,Hyundai,Yarı Otomatik,Dizel,SUV,4WD (Sürekli),Sahibinden,2650000.0,2534023,2650000,115976,4.6,MAKUL
2022,120000.0,1598.0,136.0,,11.6,,4500.0,1865.0,1650.0,,5.0,,4.0,15556.0,Hyundai,Yarı Otomatik,Dizel,SUV,4WD (Sürekli),Sahibinden,2250000.0,2217431,2250000,32568,1.5,MAKUL
2025,40000.0,998.0,100.0,,12.4,,4180.0,1775.0,1500.0,,5.0,,3.0,12704.0,Hyundai,Yarı Otomatik,Benzin,SUV,Önden Çekiş,Sahibinden,1545000.0,1522766,1545000,22233,1.5,MAKUL
2021,80650.0,1598.0,136.0,,11.4,,4500.0,1865.0,1650.0,,5.0,,4.0,16541.0,Hyundai,Yarı Otomatik,Dizel,SUV,Önden Çekiş,Sahibinden,1980000.0,1993635,1980000,-13635,-0.7,MAKUL
2012,127000.0,1591.0,135.0,,11.1,,4410.0,1820.0,1670.0,,5.0,,4.0,15191.0,Hyundai,Düz,LPG & Benzin,SUV,Önden Çekiş,Sahibinden,936000.0,958402,936000,-22402,-2.3,MAKUL
2019,161000.0,1598.0,136.0,,11.8,,4480.0,1850.0,1660.0,,5.0,,4.0,17340.0,Hyundai,Yarı Otomatik,Dizel,SUV,Önden Çekiş,Sahibinden,1650000.0,1647372,1650000,2627,0.2,MAKUL
2020,56500.0,1598.0,136.0,,11.8,,4480.0,1850.0,1660.0,,5.0,,4.0,17340.0,Hyundai,Yarı Otomatik,Dizel,SUV,4WD (Sürekli),Sahibinden,2100000.0,2122703,2100000,-22703,-1.1,MAKUL
2023,32000.0,1598.0,136.0,,11.4,,4500.0,1865.0,1650.0,,5.0,,4.0,18370.0,Hyundai,Yarı Otomatik,Dizel,SUV,Önden Çekiş,Sahibinden,2140000.0,2140600,2140000,-600,-0.0,MAKUL
2011,152000.0,1591.0,135.0,,11.1,,4410.0,1820.0,1670.0,,5.0,,4.0,15946.0,Hyundai,Otomatik,LPG & Benzin,SUV,4WD (Sürekli),Sahibinden,1000000.0,998578,1000000,1421,0.1,MAKUL
2022,69000.0,1591.0,130.0,,11.5,,4394.0,1806.0,1615.0,,5.0,,4.0,15946.0,Hyundai,Otomatik,Dizel,SUV,Önden Çekiş,Galeriden,2275000.0,2241843,2275000,33156,1.5,MAKUL
2022,60000.0,1591.0,130.0,,11.5,,4394.0,1806.0,1615.0,,5.0,,4.0,15946.0,Hyundai,Otomatik,Dizel,SUV,Önden Çekiş,Galeriden,2255000.0,2234366,2255000,20633,0.9,MAKUL
2018,191725.0,1591.0,130.0,,11.5,,4394.0,1806.0,1615.0,,5.0,,4.0,15946.0,Hyundai,Otomatik,Dizel,SUV,AWD (Elektronik),Yetkili Bayiden,1545000.0,1545532,1545000,-532,-0.0,MAKUL
2020,109000.0,1591.0,130.0,,11.5,,4394.0,1806.0,1615.0,,5.0,,4.0,15946.0,Hyundai,Otomatik,Dizel,SUV,AWD (Elektronik),Galeriden,1925000.0,1928896,1925000,-3896,-0.2,MAKUL
2005,252500.0,1991.0,112.0,,16.1,,4325.0,1830.0,1730.0,,5.0,,4.0,15946.0,Hyundai,Otomatik,Dizel,SUV,Önden Çekiş,Sahibinden,675000.0,670882,675000,4117,0.6,MAKUL
2022,34000.0,1368.0,100.0,,13.7,,4180.0,1775.0,1500.0,,5.0,,4.0,12006.0,Hyundai,Otomatik,Benzin,SUV,Önden Çekiş,Sahibinden,1385000.0,1252804,1385000,132195,10.6,PAHALI
2009,255000.0,2188.0,150.0,,12.9,,4675.0,1890.0,1795.0,,5.0,,4.0,15946.0,Hyundai,Otomatik,Dizel,SUV,4WD (Sürekli),Sahibinden,875000.0,880949,875000,-5949,-0.7,MAKUL
2023,13000.0,1368.0,100.0,,13.7,,4180.0,1775.0,1500.0,,5.0,,4.0,12006.0,Hyundai,Otomatik,Benzin,SUV,Önden Çekiş,Sahibinden,1450000.0,1449493,1450000,506,0.0,MAKUL
2015,113000.0,1591.0,132.0,,12.1,,4475.0,1850.0,1660.0,,5.0,,4.0,20481.0,Hyundai,Otomatik,Benzin,SUV,Önden Çekiş,Sahibinden,1440000.0,1449638,1440000,-9638,-0.7,MAKUL
2025,6001.0,998.0,100.0,,12.4,,4180.0,1775.0,1500.0,,5.0,,3.0,12704.0,Hyundai,Yarı Otomatik,Benzin,SUV,Önden Çekiş,Sahibinden,1700000.0,1691033,1700000,8966,0.5,MAKUL
2013,102000.0,1591.0,135.0,,11.1,,4410.0,1820.0,1670.0,,5.0,,4.0,15191.0,Hyundai,Düz,Benzin,SUV,Önden Çekiş,Sahibinden,1150000.0,1146445,1150000,3554,0.3,MAKUL
2016,116000.0,1591.0,132.0,,12.1,,4475.0,1850.0,1660.0,,5.0,,4.0,17784.0,Hyundai,Otomatik,Benzin,SUV,Önden Çekiş,Sahibinden,1425000.0,1456101,1425000,-31101,-2.1,MAKUL
2011,225000.0,1591.0,135.0,,11.1,,4410.0,1820.0,1670.0,,5.0,,4.0,11708.0,Hyundai,Düz,LPG & Benzin,SUV,Önden Çekiş,Sahibinden,730000.0,747100,730000,-17100,-2.3,MAKUL
2013,142000.0,1591.0,135.0,,11.1,,4410.0,1820.0,1670.0,,5.0,,4.0,15191.0,Hyundai,Düz,Benzin,SUV,Önden Çekiş,Sahibinden,1200000.0,1111030,1200000,88969,8.0,MAKUL
2023,51200.0,1368.0,100.0,,13.7,,4180.0,1775.0,1500.0,,5.0,,4.0,11984.0,Hyundai,Otomatik,Benzin,SUV,Önden Çekiş,Sahibinden,1300000.0,1301990,1300000,-1990,-0.2,MAKUL
2023,50000.0,1368.0,100.0,,13.7,,4180.0,1775.0,1500.0,,5.0,,4.0,12784.0,Hyundai,Otomatik,LPG & Benzin,SUV,Önden Çekiş,Galeriden,1425000.0,1437712,1425000,-12712,-0.9,MAKUL
2022,62000.0,1368.0,100.0,,13.7,,4180.0,1775.0,1500.0,,5.0,,4.0,12006.0,Hyundai,Otomatik,Benzin,SUV,Önden Çekiş,Yetkili Bayiden,1368000.0,1280174,1368000,87825,6.9,MAKUL
2022,56000.0,1598.0,180.0,,9.0,,4500.0,1865.0,1650.0,,5.0,,4.0,18370.0,Hyundai,Yarı Otomatik,Benzin,SUV,4WD (Sürekli),Galeriden,2465000.0,2454192,2465000,10807,0.4,MAKUL
2024,35000.0,1591.0,130.0,,11.5,,4394.0,1806.0,1615.0,,5.0,,4.0,15946.0,Hyundai,Otomatik,Benzin,SUV,Önden Çekiş,Galeriden,1470000.0,1507928,1470000,-37928,-2.5,MAKUL
2019,179000.0,1598.0,136.0,,9.8,,4165.0,1800.0,1565.0,,5.0,,4.0,16069.0,Hyundai,Yarı Otomatik,Dizel,SUV,Önden Çekiş,Galeriden,1115000.0,1135818,1115000,-20818,-1.8,MAKUL
2017,116000.0,1591.0,130.0,,11.5,,4394.0,1806.0,1615.0,,5.0,,4.0,15946.0,Hyundai,Otomatik,Benzin,SUV,Önden Çekiş,Galeriden,1539000.0,1516137,1539000,22862,1.5,MAKUL
2015,134000.0,1591.0,135.0,,11.1,,4410.0,1820.0,1670.0,,5.0,,4.0,14838.0,Hyundai,Otomatik,Benzin,SUV,Önden Çekiş,Galeriden,1135000.0,1191963,1135000,-56963,-4.8,MAKUL
2015,222000.0,1591.0,177.0,,9.1,,4475.0,1850.0,1660.0,,5.0,,4.0,20481.0,Hyundai,Yarı Otomatik,Benzin,SUV,4WD (Sürekli),Sahibinden,1400000.0,1422279,1400000,-22279,-1.6,MAKUL
2025,18000.0,1591.0,130.0,,11.5,,4394.0,1806.0,1615.0,,5.0,,4.0,15946.0,Hyundai,Otomatik,Dizel,SUV,Önden Çekiş,Galeriden,2795000.0,2772600,2795000,22399,0.8,MAKUL
2024,69000.0,1368.0,100.0,,13.7,,4180.0,1775.0,1500.0,,5.0,,4.0,11984.0,Hyundai,Otomatik,Benzin,SUV,Önden Çekiş,Galeriden,1275000.0,1287288,1275000,-12288,-1.0,MAKUL
2024,6100.0,1591.0,156.0,,8.8,,4355.0,1825.0,1580.0,,5.0,,4.0,15478.0,Hyundai,Otomatik,Elektrik,SUV,Önden Çekiş,Galeriden,1750000.0,1764831,1750000,-14831,-0.8,MAKUL
2015,189500.0,1591.0,130.0,,11.5,,4394.0,1806.0,1615.0,,5.0,,4.0,15946.0,Hyundai,Otomatik,LPG & Benzin,SUV,AWD (Elektronik),Galeriden,1470000.0,1473991,1470000,-3991,-0.3,MAKUL
2016,100000.0,1591.0,130.0,,11.5,,4394.0,1806.0,1615.0,,5.0,,4.0,15946.0,Hyundai,Otomatik,Benzin,SUV,Önden Çekiş,Galeriden,1329000.0,1507786,1329000,-178786,-11.9,FIRSAT
2021,100060.0,1598.0,136.0,,11.4,,4500.0,1865.0,1650.0,,5.0,,4.0,18370.0,Hyundai,Yarı Otomatik,Dizel,SUV,Önden Çekiş,Galeriden,1850000.0,1925675,1850000,-75675,-3.9,MAKUL
2016,133000.0,1591.0,130.0,,11.5,,4394.0,1806.0,1615.0,,5.0,,4.0,15946.0,Hyundai,Otomatik,LPG & Benzin,SUV,AWD (Elektronik),Galeriden,1675000.0,1673786,1675000,1213,0.1,MAKUL
2025,16000.0,1591.0,130.0,,11.5,,4394.0,1806.0,1615.0,,5.0,,4.0,15946.0,Hyundai,Otomatik,Benzin,SUV,AWD (Elektronik),Galeriden,2895000.0,2884257,2895000,10742,0.4,MAKUL
2025,8000.0,1598.0,136.0,,11.6,,4500.0,1865.0,1650.0,,5.0,,4.0,15556.0,Hyundai,Yarı Otomatik,Dizel,SUV,4WD (Sürekli),Galeriden,3149900.0,3127505,3149900,22394,0.7,MAKUL
2019,115000.0,1598.0,136.0,,11.8,,4480.0,1850.0,1660.0,,5.0,,4.0,18029.0,Hyundai,Yarı Otomatik,Dizel,SUV,Önden Çekiş,Galeriden,1627750.0,1652928,1627750,-25178,-1.5,MAKUL
2023,80099.0,1368.0,100.0,,13.7,,4180.0,1775.0,1500.0,,5.0,,4.0,11984.0,Hyundai,Otomatik,Benzin,SUV,Önden Çekiş,Galeriden,1299000.0,1280711,1299000,18288,1.4,MAKUL
2023,102000.0,1368.0,100.0,,13.7,,4180.0,1775.0,1500.0,,5.0,,4.0,11984.0,Hyundai,Otomatik,Benzin,SUV,Önden Çekiş,Galeriden,1157000.0,1194540,1157000,-37540,-3.1,MAKUL
2021,77256.0,1368.0,100.0,,13.7,,4180.0,1775.0,1500.0,,5.0,,4.0,12784.0,Hyundai,Otomatik,LPG & Benzin,SUV,Önden Çekiş,Galeriden,1309000.0,1361505,1309000,-52505,-3.9,MAKUL
2022,108000.0,1368.0,100.0,,13.7,,4180.0,1775.0,1500.0,,5.0,,4.0,11984.0,Hyundai,Otomatik,Benzin,SUV,Önden Çekiş,Galeriden,1085000.0,1117481,1085000,-32481,-2.9,MAKUL
2024,27000.0,998.0,100.0,,12.4,,4180.0,1775.0,1500.0,,5.0,,3.0,12704.0,Hyundai,Yarı Otomatik,Benzin,SUV,Önden Çekiş,Galeriden,1560000.0,1539833,1560000,20166,1.3,MAKUL
2024,37000.0,1598.0,136.0,,11.6,,4500.0,1865.0,1650.0,,5.0,,4.0,15556.0,Hyundai,Yarı Otomatik,Dizel,SUV,4WD (Sürekli),Galeriden,2850000.0,2776145,2850000,73854,2.7,MAKUL
2024,20000.0,1598.0,136.0,,11.6,,4500.0,1865.0,1650.0,,5.0,,4.0,15556.0,Hyundai,Yarı Otomatik,Dizel,SUV,4WD (Sürekli),Galeriden,2780000.0,2742327,2780000,37672,1.4,MAKUL
2018,215000.0,1598.0,136.0,,11.8,,4480.0,1850.0,1660.0,,5.0,,4.0,17340.0,Hyundai,Yarı Otomatik,Dizel,SUV,4WD (Sürekli),Galeriden,1492000.0,1525068,1492000,-33068,-2.2,MAKUL
2022,37865.0,1591.0,130.0,,11.5,,4394.0,1806.0,1615.0,,5.0,,4.0,15946.0,Hyundai,Otomatik,Dizel,SUV,Önden Çekiş,Galeriden,2295000.0,2266690,2295000,28309,1.2,MAKUL
2016,98000.0,1995.0,185.0,,9.5,,4475.0,1850.0,1660.0,,5.0,,4.0,17784.0,Hyundai,Otomatik,Dizel,SUV,4WD (Sürekli),Galeriden,2095000.0,2080562,2095000,14437,0.7,MAKUL
2025,6001.0,1591.0,130.0,,11.5,,4394.0,1806.0,1615.0,,5.0,,4.0,15946.0,Hyundai,Otomatik,Benzin,SUV,Önden Çekiş,Galeriden,2525000.0,1854852,2525000,670147,36.1,PAHALI
2024,20500.0,1368.0,100.0,,13.7,,4180.0,1775.0,1500.0,,5.0,,4.0,12006.0,Hyundai,Otomatik,Benzin,SUV,Önden Çekiş,Galeriden,1435000.0,1371940,1435000,63059,4.6,MAKUL
2024,20000.0,1591.0,156.0,,8.8,,4355.0,1825.0,1580.0,,5.0,,4.0,15478.0,Hyundai,Otomatik,Elektrik,SUV,Önden Çekiş,Galeriden,1610000.0,1632061,1610000,-22061,-1.4,MAKUL
2022,93800.0,998.0,120.0,,11.0,,4205.0,1800.0,1550.0,,5.0,,3.0,14658.0,Hyundai,Otomatik,Benzin,SUV,Önden Çekiş,Galeriden,1185000.0,1230127,1185000,-45127,-3.7,MAKUL
2016,100000.0,1591.0,130.0,,11.5,,4394.0,1806.0,1615.0,,5.0,,4.0,15946.0,Hyundai,Otomatik,Benzin,SUV,AWD (Elektronik),Galeriden,1724999.0,1682461,1724999,42537,2.5,MAKUL
2015,157000.0,1591.0,130.0,,11.5,,4394.0,1806.0,1615.0,,5.0,,4.0,15946.0,Hyundai,Otomatik,Benzin,SUV,AWD (Elektronik),Galeriden,1595000.0,1587233,1595000,7766,0.5,MAKUL
2019,82000.0,1591.0,130.0,,11.5,,4394.0,1806.0,1615.0,,5.0,,4.0,15946.0,Hyundai,Otomatik,Dizel,SUV,Önden Çekiş,Galeriden,1475000.0,1541670,1475000,-66670,-4.3,MAKUL
2019,50000.0,1598.0,136.0,,9.8,,4165.0,1800.0,1565.0,,5.0,,4.0,16069.0,Hyundai,Yarı Otomatik,Dizel,SUV,Önden Çekiş,Galeriden,1425000.0,1426662,1425000,-1662,-0.1,MAKUL
2024,15000.0,1598.0,136.0,,11.4,,4500.0,1865.0,1650.0,,5.0,,4.0,18370.0,Hyundai,Yarı Otomatik,Dizel,SUV,Önden Çekiş,Galeriden,2359000.0,2390976,2359000,-31976,-1.3,MAKUL
2014,96000.0,1591.0,135.0,,11.1,,4410.0,1820.0,1670.0,,5.0,,4.0,13470.0,Hyundai,Otomatik,Benzin,SUV,Önden Çekiş,Galeriden,1290000.0,1265207,1290000,24792,2.0,MAKUL
2024,48900.0,1591.0,130.0,,11.5,,4394.0,1806.0,1615.0,,5.0,,4.0,15946.0,Hyundai,Otomatik,Benzin,SUV,Önden Çekiş,Galeriden,1395000.0,1488711,1395000,-93711,-6.3,MAKUL
2021,79934.0,1591.0,130.0,,11.5,,4394.0,1806.0,1615.0,,5.0,,4.0,15946.0,Hyundai,Otomatik,Dizel,SUV,Önden Çekiş,Galeriden,2055000.0,2079834,2055000,-24834,-1.2,MAKUL
2019,97000.0,1591.0,130.0,,11.5,,4394.0,1806.0,1615.0,,5.0,,4.0,15946.0,Hyundai,Otomatik,Dizel,SUV,Önden Çekiş,Galeriden,1850000.0,1708803,1850000,141196,8.3,MAKUL
2017,62485.0,1591.0,130.0,,11.5,,4394.0,1806.0,1615.0,,5.0,,4.0,15946.0,Hyundai,Otomatik,Benzin,SUV,Önden Çekiş,Galeriden,1635000.0,1652306,1635000,-17306,-1.0,MAKUL
2023,32000.0,1368.0,100.0,,13.7,,4180.0,1775.0,1500.0,,5.0,,4.0,12784.0,Hyundai,Otomatik,Benzin,SUV,Önden Çekiş,Galeriden,1385000.0,1406124,1385000,-21124,-1.5,MAKUL
2023,60000.0,1368.0,100.0,,13.7,,4180.0,1775.0,1500.0,,5.0,,4.0,11984.0,Hyundai,Otomatik,Benzin,SUV,Önden Çekiş,Galeriden,1230000.0,1279973,1230000,-49973,-3.9,MAKUL
2023,10500.0,1368.0,100.0,,13.7,,4180.0,1775.0,1500.0,,5.0,,4.0,12006.0,Hyundai,Otomatik,Benzin,SUV,Önden Çekiş,Galeriden,1429000.0,1415825,1429000,13174,0.9,MAKUL
2022,61385.0,1591.0,130.0,,11.5,,4394.0,1806.0,1615.0,,5.0,,4.0,15946.0,Hyundai,Otomatik,Dizel,SUV,AWD (Elektronik),Yetkili Bayiden,2179900.0,2191868,2179900,-11968,-0.5,MAKUL
2019,58116.0,1591.0,130.0,,11.5,,4394.0,1806.0,1615.0,,5.0,,4.0,15946.0,Hyundai,Otomatik,Dizel,SUV,Önden Çekiş,Galeriden,1420000.0,1481788,1420000,-61788,-4.2,MAKUL
2013,74000.0,1591.0,135.0,,11.1,,4410.0,1820.0,1670.0,,5.0,,4.0,13470.0,Hyundai,Otomatik,Benzin,SUV,Önden Çekiş,Galeriden,1293000.0,1290097,1293000,2902,0.2,MAKUL
2015,188000.0,1591.0,130.0,,11.5,,4394.0,1806.0,1615.0,,5.0,,4.0,15946.0,Hyundai,Otomatik,Benzin,SUV,AWD (Elektronik),Galeriden,1495000.0,1481300,1495000,13699,0.9,MAKUL
2021,91000.0,1591.0,130.0,,11.5,,4394.0,1806.0,1615.0,,5.0,,4.0,15946.0,Hyundai,Otomatik,Dizel,SUV,AWD (Elektronik),Galeriden,2180000.0,2180956,2180000,-956,-0.0,MAKUL
2014,147955.0,1591.0,135.0,,11.1,,4410.0,1820.0,1670.0,,5.0,,4.0,13470.0,Hyundai,Otomatik,Benzin,SUV,Önden Çekiş,Yetkili Bayiden,1188750.0,1181992,1188750,6757,0.6,MAKUL
2025,23062.0,1598.0,136.0,,11.4,,4500.0,1865.0,1650.0,,5.0,,4.0,18370.0,Hyundai,Yarı Otomatik,Dizel,SUV,Önden Çekiş,Galeriden,2479000.0,2479268,2479000,-268,-0.0,MAKUL
2020,173000.0,1598.0,136.0,,11.8,,4480.0,1850.0,1660.0,,5.0,,4.0,17340.0,Hyundai,Yarı Otomatik,Dizel,SUV,4WD (Sürekli),Galeriden,1710000.0,1724432,1710000,-14432,-0.8,MAKUL
2023,72000.0,1598.0,136.0,,11.6,,4500.0,1865.0,1650.0,,5.0,,4.0,15556.0,Hyundai,Yarı Otomatik,Dizel,SUV,4WD (Sürekli),Galeriden,2285000.0,2320337,2285000,-35337,-1.5,MAKUL
2016,286000.0,1591.0,177.0,,9.2,,4475.0,1850.0,1660.0,,5.0,,4.0,20481.0,Hyundai,Düz,LPG & Benzin,SUV,Önden Çekiş,Galeriden,1199000.0,1202155,1199000,-3155,-0.3,MAKUL
2023,36000.0,1598.0,136.0,,11.6,,4500.0,1865.0,1650.0,,5.0,,4.0,15556.0,Hyundai,Yarı Otomatik,Dizel,SUV,4WD (Sürekli),Galeriden,2550000.0,2532601,2550000,17398,0.7,MAKUL
2020,209522.0,1591.0,130.0,,11.5,,4394.0,1806.0,1615.0,,5.0,,4.0,15946.0,Hyundai,Otomatik,Dizel,SUV,Önden Çekiş,Galeriden,1669000.0,1666921,1669000,2078,0.1,MAKUL
2017,116150.0,1591.0,130.0,,11.5,,4394.0,1806.0,1615.0,,5.0,,4.0,15946.0,Hyundai,Otomatik,Benzin,SUV,Önden Çekiş,Galeriden,1450000.0,1516137,1450000,-66137,-4.4,MAKUL
2020,105000.0,1591.0,130.0,,11.5,,4394.0,1806.0,1615.0,,5.0,,4.0,15946.0,Hyundai,Otomatik,Dizel,SUV,Önden Çekiş,Galeriden,1830000.0,1768241,1830000,61758,3.5,MAKUL
2020,127000.0,1591.0,130.0,,11.5,,4394.0,1806.0,1615.0,,5.0,,4.0,15946.0,Hyundai,Otomatik,Dizel,SUV,Önden Çekiş,Galeriden,1425000.0,1549978,1425000,-124978,-8.1,MAKUL
2021,105000.0,1591.0,130.0,,11.5,,4394.0,1806.0,1615.0,,5.0,,4.0,15946.0,Hyundai,Otomatik,Dizel,SUV,AWD (Elektronik),Galeriden,2225000.0,2213593,2225000,11406,0.5,MAKUL
2020,92000.0,1591.0,130.0,,11.5,,4394.0,1806.0,1615.0,,5.0,,4.0,15946.0,Hyundai,Otomatik,Dizel,SUV,Önden Çekiş,Galeriden,1275000.0,1632998,1275000,-357998,-21.9,FIRSAT
2005,355000.0,1991.0,112.0,,16.1,,4325.0,1830.0,1730.0,,5.0,,4.0,15946.0,Hyundai,Otomatik,Dizel,SUV,Önden Çekiş,Galeriden,415000.0,439368,415000,-24368,-5.5,MAKUL
2025,6001.0,1591.0,130.0,,11.5,,4394.0,1806.0,1615.0,,5.0,,4.0,15946.0,Hyundai,Otomatik,Benzin,SUV,Önden Çekiş,Galeriden,1575000.0,1854852,1575000,-279852,-15.1,FIRSAT
2017,151000.0,1591.0,177.0,,9.1,,4475.0,1850.0,1660.0,,5.0,,4.0,16927.0,Hyundai,Yarı Otomatik,Benzin,SUV,Önden Çekiş,Sahibinden,1560000.0,1552916,1560000,7083,0.5,MAKUL
2019,127000.0,1598.0,136.0,,11.8,,4480.0,1850.0,1660.0,,5.0,,4.0,17340.0,Hyundai,Yarı Otomatik,Dizel,SUV,Önden Çekiş,Sahibinden,1785000.0,1737204,1785000,47795,2.8,MAKUL
2015,130000.0,1591.0,135.0,,11.1,,4410.0,1820.0,1670.0,,5.0,,4.0,14838.0,Hyundai,Otomatik,Benzin,SUV,Önden Çekiş,Galeriden,1230000.0,1230737,1230000,-737,-0.1,MAKUL
2024,38000.0,1591.0,130.0,,11.5,,4394.0,1806.0,1615.0,,5.0,,4.0,15946.0,Hyundai,Otomatik,Dizel,SUV,Önden Çekiş,Galeriden,2575000.0,2517992,2575000,57007,2.3,MAKUL
2015,131000.0,1591.0,177.0,,9.1,,4475.0,1850.0,1660.0,,5.0,,4.0,20481.0,Hyundai,Yarı Otomatik,Benzin,SUV,4WD (Sürekli),Sahibinden,1595000.0,1597838,1595000,-2838,-0.2,MAKUL
2020,103000.0,1598.0,136.0,,9.8,,4165.0,1800.0,1565.0,,5.0,,4.0,15482.0,Hyundai,Yarı Otomatik,Dizel,SUV,Önden Çekiş,Sahibinden,1380000.0,1397235,1380000,-17235,-1.2,MAKUL
2017,126000.0,1591.0,130.0,,11.5,,4394.0,1806.0,1615.0,,5.0,,4.0,15946.0,Hyundai,Otomatik,LPG & Benzin,SUV,Önden Çekiş,Galeriden,1569750.0,1564347,1569750,5402,0.3,MAKUL
2024,25400.0,1591.0,130.0,,11.5,,4394.0,1806.0,1615.0,,5.0,,4.0,15946.0,Hyundai,Otomatik,Dizel,SUV,Önden Çekiş,Galeriden,2639000.0,2574288,2639000,64711,2.5,MAKUL
2018,198000.0,1598.0,136.0,,11.8,,4480.0,1850.0,1660.0,,5.0,,4.0,17340.0,Hyundai,Yarı Otomatik,Dizel,SUV,Önden Çekiş,Sahibinden,1550000.0,1560179,1550000,-10179,-0.7,MAKUL
2021,78000.0,1598.0,136.0,,9.9,,4205.0,1800.0,1550.0,,5.0,,4.0,14658.0,Hyundai,Yarı Otomatik,Hibrit,SUV,Önden Çekiş,Sahibinden,1595000.0,1596540,1595000,-1540,-0.1,MAKUL
2022,49000.0,1598.0,136.0,,11.6,,4500.0,1865.0,1650.0,,5.0,,4.0,15556.0,Hyundai,Yarı Otomatik,Dizel,SUV,4WD (Sürekli),Yetkili Bayiden,2349000.0,2388836,2349000,-39836,-1.7,MAKUL
2016,200000.0,1591.0,177.0,,9.1,,4475.0,1850.0,1660.0,,5.0,,4.0,20481.0,Hyundai,Yarı Otomatik,Benzin,SUV,4WD (Sürekli),Sahibinden,1450000.0,1545422,1450000,-95422,-6.2,MAKUL
2025,23552.0,1598.0,180.0,,8.8,,4500.0,1865.0,1650.0,,5.0,,4.0,16819.0,Hyundai,Yarı Otomatik,Benzin,SUV,Önden Çekiş,Galeriden,2090000.0,2099012,2090000,-9012,-0.4,MAKUL
2013,120000.0,1591.0,130.0,,11.5,,4394.0,1806.0,1615.0,,5.0,,4.0,15946.0,Hyundai,Düz,Benzin,SUV,Önden Çekiş,Galeriden,999900.0,1017840,999900,-17940,-1.8,MAKUL
2021,92000.0,1598.0,136.0,,11.4,,4500.0,1865.0,1650.0,,5.0,,4.0,18370.0,Hyundai,Yarı Otomatik,Dizel,SUV,Önden Çekiş,Sahibinden,1950000.0,1954479,1950000,-4479,-0.2,MAKUL
2020,78500.0,1598.0,136.0,,11.8,,4480.0,1850.0,1660.0,,5.0,,4.0,17340.0,Hyundai,Yarı Otomatik,Dizel,SUV,4WD (Sürekli),Sahibinden,1980000.0,2000589,1980000,-20589,-1.0,MAKUL
2016,190000.0,1591.0,177.0,,9.1,,4475.0,1850.0,1660.0,,5.0,,4.0,16927.0,Hyundai,Yarı Otomatik,LPG & Benzin,SUV,Önden Çekiş,Sahibinden,1375000.0,1424884,1375000,-49884,-3.5,MAKUL
2021,46000.0,1598.0,136.0,,11.4,,4500.0,1865.0,1650.0,,5.0,,4.0,16541.0,Hyundai,Yarı Otomatik,Dizel,SUV,Önden Çekiş,Sahibinden,2280000.0,2249936,2280000,30063,1.3,MAKUL
2012,111000.0,1591.0,135.0,,11.1,,4410.0,1820.0,1670.0,,5.0,,4.0,15191.0,Hyundai,Düz,Benzin,SUV,Önden Çekiş,Sahibinden,930000.0,1022538,930000,-92538,-9.0,MAKUL
2020,42500.0,1598.0,198.0,,7.7,,4205.0,1800.0,1565.0,,5.0,,4.0,14658.0,Hyundai,Yarı Otomatik,Benzin,SUV,4WD (Sürekli),Sahibinden,1350000.0,1368082,1350000,-18082,-1.3,MAKUL
2024,22000.0,1598.0,180.0,,8.8,,4500.0,1865.0,1650.0,,5.0,,4.0,16819.0,Hyundai,Yarı Otomatik,Benzin,SUV,Önden Çekiş,Sahibinden,2100000.0,2108577,2100000,-8577,-0.4,MAKUL
2022,83000.0,1598.0,180.0,,8.8,,4500.0,1865.0,1650.0,,5.0,,4.0,18370.0,Hyundai,Yarı Otomatik,Benzin,SUV,Önden Çekiş,Galeriden,2075000.0,2054974,2075000,20025,1.0,MAKUL
2021,57000.0,1591.0,130.0,,11.5,,4394.0,1806.0,1615.0,,5.0,,4.0,15946.0,Hyundai,Otomatik,Dizel,SUV,Önden Çekiş,Galeriden,2250000.0,2199298,2250000,50701,2.3,MAKUL
2019,77000.0,1598.0,136.0,,11.8,,4480.0,1850.0,1660.0,,5.0,,4.0,17340.0,Hyundai,Yarı Otomatik,Dizel,SUV,4WD (Sürekli),Sahibinden,2200000.0,2165690,2200000,34309,1.6,MAKUL
2024,15500.0,1598.0,198.0,,7.8,,4350.0,1825.0,1585.0,,5.0,,4.0,15478.0,Hyundai,Yarı Otomatik,Benzin,SUV,Önden Çekiş,Sahibinden,1945000.0,1964581,1945000,-19581,-1.0,MAKUL
2012,236000.0,1591.0,130.0,,11.5,,4394.0,1806.0,1615.0,,5.0,,4.0,15946.0,Hyundai,Otomatik,Dizel,SUV,AWD (Elektronik),Galeriden,1195000.0,991154,1195000,203845,20.6,PAHALI
2020,124750.0,1598.0,136.0,,11.8,,4480.0,1850.0,1660.0,,5.0,,4.0,17340.0,Hyundai,Yarı Otomatik,Dizel,SUV,4WD (Sürekli),Galeriden,1637750.0,1706653,1637750,-68903,-4.0,MAKUL
2025,6001.0,1591.0,130.0,,11.5,,4394.0,1806.0,1615.0,,5.0,,4.0,15946.0,Hyundai,Otomatik,Benzin,SUV,Önden Çekiş,Galeriden,2525000.0,1854852,2525000,670147,36.1,PAHALI
2020,83000.0,1591.0,177.0,,8.9,,4480.0,1850.0,1660.0,,5.0,,4.0,19205.0,Hyundai,Yarı Otomatik,LPG & Benzin,SUV,Önden Çekiş,Galeriden,1769000.0,1785603,1769000,-16603,-0.9,MAKUL
2017,130000.0,1591.0,130.0,,11.5,,4394.0,1806.0,1615.0,,5.0,,4.0,15946.0,Hyundai,Otomatik,Benzin,SUV,AWD (Elektronik),Galeriden,1595000.0,1628408,1595000,-33408,-2.1,MAKUL
2017,120930.0,1591.0,130.0,,11.5,,4394.0,1806.0,1615.0,,5.0,,4.0,15946.0,Hyundai,Otomatik,Benzin,SUV,Önden Çekiş,Galeriden,1465000.0,1518606,1465000,-53606,-3.5,MAKUL
2003,260000.0,1591.0,130.0,,11.5,,4394.0,1806.0,1615.0,,5.0,,4.0,15946.0,Hyundai,Otomatik,Dizel,SUV,AWD (Elektronik),Galeriden,595000.0,595698,595000,-698,-0.1,MAKUL
2022,115000.0,1368.0,100.0,,13.7,,4180.0,1775.0,1500.0,,5.0,,4.0,11984.0,Hyundai,Otomatik,Benzin,SUV,Önden Çekiş,Galeriden,1235000.0,1223855,1235000,11144,0.9,MAKUL
2025,15000.0,1591.0,170.0,,8.5,,4655.0,1890.0,1605.0,,5.0,,4.0,23608.0,Hyundai,Otomatik,Elektrik,SUV,4WD (Sürekli),Galeriden,2125000.0,2124463,2125000,536,0.0,MAKUL
2024,14950.0,1598.0,136.0,,11.6,,4500.0,1865.0,1650.0,,5.0,,4.0,15556.0,Hyundai,Yarı Otomatik,Dizel,SUV,4WD (Sürekli),Galeriden,2775000.0,2756970,2775000,18029,0.7,MAKUL
2019,90000.0,1598.0,136.0,,11.8,,4480.0,1850.0,1660.0,,5.0,,4.0,18029.0,Hyundai,Yarı Otomatik,Dizel,SUV,Önden Çekiş,Galeriden,1835000.0,1804768,1835000,30231,1.7,MAKUL
2023,66000.0,1368.0,100.0,,13.7,,4180.0,1775.0,1500.0,,5.0,,4.0,11984.0,Hyundai,Otomatik,Benzin,SUV,Önden Çekiş,Galeriden,1239000.0,1279238,1239000,-40238,-3.1,MAKUL
2001,284000.0,2902.0,150.0,,14.8,,4710.0,1860.0,1795.0,,5.0,,4.0,15946.0,Hyundai,Otomatik,Dizel,SUV,4WD (Sürekli),Galeriden,599750.0,600720,599750,-970,-0.2,MAKUL
2024,53200.0,1368.0,100.0,,13.7,,4180.0,1775.0,1500.0,,5.0,,4.0,11984.0,Hyundai,Otomatik,Benzin,SUV,Önden Çekiş,Galeriden,1259000.0,1284160,1259000,-25160,-2.0,MAKUL
2016,266000.0,1591.0,130.0,,11.5,,4394.0,1806.0,1615.0,,5.0,,4.0,15946.0,Hyundai,Otomatik,LPG & Benzin,SUV,AWD (Elektronik),Galeriden,1399000.0,1402936,1399000,-3936,-0.3,MAKUL
2021,104000.0,1591.0,130.0,,11.5,,4394.0,1806.0,1615.0,,5.0,,4.0,15946.0,Hyundai,Otomatik,Dizel,SUV,Önden Çekiş,Galeriden,1819000.0,1892483,1819000,-73483,-3.9,MAKUL
2024,16500.0,998.0,100.0,,12.4,,4180.0,1775.0,1500.0,,5.0,,3.0,12704.0,Hyundai,Yarı Otomatik,Benzin,SUV,Önden Çekiş,Galeriden,1550000.0,1397251,1550000,152748,10.9,PAHALI
2024,15200.0,1368.0,100.0,,13.7,,4180.0,1775.0,1500.0,,5.0,,4.0,12006.0,Hyundai,Otomatik,Benzin,SUV,Önden Çekiş,Galeriden,1490000.0,1421837,1490000,68162,4.8,MAKUL
2023,18000.0,1598.0,180.0,,8.8,,4500.0,1865.0,1650.0,,5.0,,4.0,16819.0,Hyundai,Yarı Otomatik,Benzin,SUV,Önden Çekiş,Sahibinden,1900000.0,1931824,1900000,-31824,-1.6,MAKUL
2024,25000.0,1598.0,136.0,,11.6,,4500.0,1865.0,1650.0,,5.0,,4.0,15556.0,Hyundai,Yarı Otomatik,Dizel,SUV,4WD (Sürekli),Galeriden,2869900.0,2816120,2869900,53779,1.9,MAKUL
2022,78000.0,1598.0,180.0,,8.8,,4500.0,1865.0,1650.0,,5.0,,4.0,16819.0,Hyundai,Yarı Otomatik,Benzin,SUV,Önden Çekiş,Galeriden,1799000.0,1794580,1799000,4419,0.2,MAKUL
2021,105000.0,1368.0,100.0,,13.7,,4180.0,1775.0,1500.0,,5.0,,4.0,12006.0,Hyundai,Otomatik,LPG & Benzin,SUV,Önden Çekiş,Sahibinden,1330000.0,1215548,1330000,114451,9.4,MAKUL
2020,153280.0,1598.0,136.0,,11.8,,4480.0,1850.0,1660.0,,5.0,,4.0,17340.0,Hyundai,Yarı Otomatik,Dizel,SUV,4WD (Sürekli),Sahibinden,1725000.0,1775794,1725000,-50794,-2.9,MAKUL
2022,59000.0,1598.0,180.0,,8.8,,4500.0,1865.0,1650.0,,5.0,,4.0,16819.0,Hyundai,Yarı Otomatik,Benzin,SUV,Önden Çekiş,Sahibinden,1789000.0,1804126,1789000,-15126,-0.8,MAKUL
2023,145000.0,1598.0,136.0,,11.6,,4500.0,1865.0,1650.0,,5.0,,4.0,15556.0,Hyundai,Yarı Otomatik,Dizel,SUV,4WD (Sürekli),Galeriden,2190000.0,2195175,2190000,-5175,-0.2,MAKUL
2018,63000.0,1591.0,177.0,,7.9,,4165.0,1800.0,1565.0,,5.0,,4.0,15946.0,Hyundai,Yarı Otomatik,Benzin,SUV,4WD (Sürekli),Sahibinden,1340000.0,1352935,1340000,-12935,-1.0,MAKUL
2013,97500.0,1591.0,135.0,,11.1,,4410.0,1820.0,1670.0,,5.0,,4.0,13470.0,Hyundai,Otomatik,Benzin,SUV,Önden Çekiş,Sahibinden,1195000.0,1201472,1195000,-6472,-0.5,MAKUL
2023,37000.0,1368.0,100.0,,13.7,,4180.0,1775.0,1500.0,,5.0,,4.0,12784.0,Hyundai,Otomatik,Benzin,SUV,Önden Çekiş,Sahibinden,1450000.0,1435607,1450000,14392,1.0,MAKUL
2014,175000.0,1591.0,135.0,,11.1,,4410.0,1820.0,1670.0,,5.0,,4.0,13470.0,Hyundai,Otomatik,Benzin,SUV,Önden Çekiş,Sahibinden,1075000.0,1136161,1075000,-61161,-5.4,MAKUL
2017,224000.0,1591.0,130.0,,11.5,,4394.0,1806.0,1615.0,,5.0,,4.0,15946.0,Hyundai,Otomatik,LPG & Benzin,SUV,4WD (Sürekli),Sahibinden,1450000.0,1452546,1450000,-2546,-0.2,MAKUL
2016,105000.0,1591.0,177.0,,9.2,,4475.0,1850.0,1660.0,,5.0,,4.0,20481.0,Hyundai,Düz,Benzin,SUV,Önden Çekiş,Sahibinden,1520000.0,1519397,1520000,602,0.0,MAKUL
2025,6001.0,1591.0,130.0,,11.5,,4394.0,1806.0,1615.0,,5.0,,4.0,15946.0,Hyundai,Yarı Otomatik,Benzin,SUV,Önden Çekiş,Sahibinden,1625000.0,1752625,1625000,-127625,-7.3,MAKUL
2013,185000.0,1591.0,135.0,,11.1,,4410.0,1820.0,1670.0,,5.0,,4.0,15191.0,Hyundai,Düz,LPG & Benzin,SUV,Önden Çekiş,Sahibinden,930000.0,965997,930000,-35997,-3.7,MAKUL
2022,120000.0,1598.0,136.0,,11.4,,4500.0,1865.0,1650.0,,5.0,,4.0,18370.0,Hyundai,Yarı Otomatik,Dizel,SUV,Önden Çekiş,Sahibinden,1750000.0,1772664,1750000,-22664,-1.3,MAKUL
2023,52500.0,1598.0,180.0,,9.0,,4500.0,1865.0,1650.0,,5.0,,4.0,18370.0,Hyundai,Yarı Otomatik,Benzin,SUV,4WD (Sürekli),Galeriden,2100000.0,2464058,2100000,-364058,-14.8,FIRSAT
2020,57650.0,1598.0,136.0,,9.8,,4165.0,1800.0,1565.0,,5.0,,4.0,16069.0,Hyundai,Yarı Otomatik,Dizel,SUV,Önden Çekiş,Sahibinden,1415000.0,1452816,1415000,-37816,-2.6,MAKUL
2020,25000.0,1598.0,136.0,,9.8,,4165.0,1800.0,1565.0,,5.0,,4.0,15482.0,Hyundai,Yarı Otomatik,Dizel,SUV,Önden Çekiş,Sahibinden,1600000.0,1598328,1600000,1671,0.1,MAKUL
2005,324000.0,1991.0,126.0,,11.5,,4500.0,1845.0,1730.0,,5.0,,4.0,15946.0,Hyundai,Otomatik,Dizel,SUV,4WD (Sürekli),Sahibinden,510000.0,513263,510000,-3263,-0.6,MAKUL
2023,47930.0,1591.0,130.0,,11.5,,4394.0,1806.0,1615.0,,5.0,,4.0,15946.0,Hyundai,Otomatik,Benzin,Crossover,Önden Çekiş,Galeriden,1330000.0,1336528,1330000,-6528,-0.5,MAKUL
2020,49000.0,1591.0,130.0,,11.5,,4394.0,1806.0,1615.0,,5.0,,4.0,15946.0,Hyundai,Otomatik,Dizel,SUV,AWD (Elektronik),Galeriden,2065000.0,2057633,2065000,7366,0.4,MAKUL
2020,108000.0,1591.0,130.0,,11.5,,4394.0,1806.0,1615.0,,5.0,,4.0,15946.0,Hyundai,Otomatik,Dizel,SUV,AWD (Elektronik),Galeriden,1859000.0,1926037,1859000,-67037,-3.5,MAKUL
2023,47930.0,1591.0,130.0,,11.5,,4394.0,1806.0,1615.0,,5.0,,4.0,15946.0,Hyundai,Otomatik,Benzin,Crossover,Önden Çekiş,Galeriden,1330000.0,1336528,1330000,-6528,-0.5,MAKUL
2020,49000.0,1591.0,130.0,,11.5,,4394.0,1806.0,1615.0,,5.0,,4.0,15946.0,Hyundai,Otomatik,Dizel,SUV,AWD (Elektronik),Galeriden,2065000.0,2057633,2065000,7366,0.4,MAKUL
2020,108000.0,1591.0,130.0,,11.5,,4394.0,1806.0,1615.0,,5.0,,4.0,15946.0,Hyundai,Otomatik,Dizel,SUV,AWD (Elektronik),Galeriden,1859000.0,1926037,1859000,-67037,-3.5,MAKUL
2023,35000.0,1598.0,136.0,,11.6,,4500.0,1865.0,1650.0,,5.0,,4.0,15556.0,Hyundai,Yarı Otomatik,Dizel,SUV,4WD (Sürekli),Galeriden,2515000.0,2513001,2515000,1998,0.1,MAKUL
2024,20500.0,1368.0,100.0,,13.7,,4180.0,1775.0,1500.0,,5.0,,4.0,12006.0,Hyundai,Otomatik,Benzin,SUV,Önden Çekiş,Galeriden,1435000.0,1371940,1435000,63059,4.6,MAKUL
2024,20000.0,1591.0,156.0,,8.8,,4355.0,1825.0,1580.0,,5.0,,4.0,15478.0,Hyundai,Otomatik,Elektrik,SUV,Önden Çekiş,Galeriden,1610000.0,1632061,1610000,-22061,-1.4,MAKUL
2022,93800.0,998.0,120.0,,11.0,,4205.0,1800.0,1550.0,,5.0,,3.0,14658.0,Hyundai,Otomatik,Benzin,SUV,Önden Çekiş,Galeriden,1215000.0,1230127,1215000,-15127,-1.2,MAKUL
2016,100000.0,1591.0,130.0,,11.5,,4394.0,1806.0,1615.0,,5.0,,4.0,15946.0,Hyundai,Otomatik,Benzin,SUV,AWD (Elektronik),Galeriden,1724999.0,1682461,1724999,42537,2.5,MAKUL
2015,157000.0,1591.0,130.0,,11.5,,4394.0,1806.0,1615.0,,5.0,,4.0,15946.0,Hyundai,Otomatik,Benzin,SUV,AWD (Elektronik),Galeriden,1595000.0,1587233,1595000,7766,0.5,MAKUL
2019,82000.0,1591.0,130.0,,11.5,,4394.0,1806.0,1615.0,,5.0,,4.0,15946.0,Hyundai,Otomatik,Dizel,SUV,Önden Çekiş,Galeriden,1475000.0,1541670,1475000,-66670,-4.3,MAKUL
2019,50000.0,1598.0,136.0,,9.8,,4165.0,1800.0,1565.0,,5.0,,4.0,16069.0,Hyundai,Yarı Otomatik,Dizel,SUV,Önden Çekiş,Galeriden,1425000.0,1426662,1425000,-1662,-0.1,MAKUL
2024,15000.0,1598.0,136.0,,11.4,,4500.0,1865.0,1650.0,,5.0,,4.0,18370.0,Hyundai,Yarı Otomatik,Dizel,SUV,Önden Çekiş,Galeriden,2359000.0,2390976,2359000,-31976,-1.3,MAKUL
2024,48900.0,1591.0,130.0,,11.5,,4394.0,1806.0,1615.0,,5.0,,4.0,15946.0,Hyundai,Otomatik,Benzin,SUV,Önden Çekiş,Galeriden,1395000.0,1488711,1395000,-93711,-6.3,MAKUL
2021,79934.0,1591.0,130.0,,11.5,,4394.0,1806.0,1615.0,,5.0,,4.0,15946.0,Hyundai,Otomatik,Dizel,SUV,Önden Çekiş,Galeriden,2055000.0,2079834,2055000,-24834,-1.2,MAKUL
2019,97000.0,1591.0,130.0,,11.5,,4394.0,1806.0,1615.0,,5.0,,4.0,15946.0,Hyundai,Otomatik,Dizel,SUV,Önden Çekiş,Galeriden,1850000.0,1708803,1850000,141196,8.3,MAKUL
2017,62485.0,1591.0,130.0,,11.5,,4394.0,1806.0,1615.0,,5.0,,4.0,15946.0,Hyundai,Otomatik,Benzin,SUV,Önden Çekiş,Galeriden,1635000.0,1652306,1635000,-17306,-1.0,MAKUL
2023,32000.0,1368.0,100.0,,13.7,,4180.0,1775.0,1500.0,,5.0,,4.0,12784.0,Hyundai,Otomatik,Benzin,SUV,Önden Çekiş,Galeriden,1385000.0,1406124,1385000,-21124,-1.5,MAKUL
2023,60000.0,1368.0,100.0,,13.7,,4180.0,1775.0,1500.0,,5.0,,4.0,11984.0,Hyundai,Otomatik,Benzin,SUV,Önden Çekiş,Galeriden,1230000.0,1279973,1230000,-49973,-3.9,MAKUL
2023,10500.0,1368.0,100.0,,13.7,,4180.0,1775.0,1500.0,,5.0,,4.0,12006.0,Hyundai,Otomatik,Benzin,SUV,Önden Çekiş,Galeriden,1429000.0,1415825,1429000,13174,0.9,MAKUL
2022,61385.0,1591.0,130.0,,11.5,,4394.0,1806.0,1615.0,,5.0,,4.0,15946.0,Hyundai,Otomatik,Dizel,SUV,AWD (Elektronik),Yetkili Bayiden,2179900.0,2191868,2179900,-11968,-0.5,MAKUL
2019,58116.0,1591.0,130.0,,11.5,,4394.0,1806.0,1615.0,,5.0,,4.0,15946.0,Hyundai,Otomatik,Dizel,SUV,Önden Çekiş,Galeriden,1420000.0,1481788,1420000,-61788,-4.2,MAKUL
2013,74000.0,1591.0,135.0,,11.1,,4410.0,1820.0,1670.0,,5.0,,4.0,13470.0,Hyundai,Otomatik,Benzin,SUV,Önden Çekiş,Galeriden,1293000.0,1290097,1293000,2902,0.2,MAKUL
2015,188000.0,1591.0,130.0,,11.5,,4394.0,1806.0,1615.0,,5.0,,4.0,15946.0,Hyundai,Otomatik,Benzin,SUV,AWD (Elektronik),Galeriden,1495000.0,1481300,1495000,13699,0.9,MAKUL
2021,91000.0,1591.0,130.0,,11.5,,4394.0,1806.0,1615.0,,5.0,,4.0,15946.0,Hyundai,Otomatik,Dizel,SUV,AWD (Elektronik),Galeriden,2180000.0,2180956,2180000,-956,-0.0,MAKUL
2014,147955.0,1591.0,135.0,,11.1,,4410.0,1820.0,1670.0,,5.0,,4.0,13470.0,Hyundai,Otomatik,Benzin,SUV,Önden Çekiş,Yetkili Bayiden,1188750.0,1181992,1188750,6757,0.6,MAKUL
2025,23062.0,1598.0,136.0,,11.4,,4500.0,1865.0,1650.0,,5.0,,4.0,18370.0,Hyundai,Yarı Otomatik,Dizel,SUV,Önden Çekiş,Galeriden,2479000.0,2479268,2479000,-268,-0.0,MAKUL
2020,173000.0,1598.0,136.0,,11.8,,4480.0,1850.0,1660.0,,5.0,,4.0,17340.0,Hyundai,Yarı Otomatik,Dizel,SUV,4WD (Sürekli),Galeriden,1710000.0,1724432,1710000,-14432,-0.8,MAKUL
2023,72000.0,1598.0,136.0,,11.6,,4500.0,1865.0,1650.0,,5.0,,4.0,15556.0,Hyundai,Yarı Otomatik,Dizel,SUV,4WD (Sürekli),Galeriden,2285000.0,2320337,2285000,-35337,-1.5,MAKUL
2016,286000.0,1591.0,177.0,,9.2,,4475.0,1850.0,1660.0,,5.0,,4.0,20481.0,Hyundai,Düz,LPG & Benzin,SUV,Önden Çekiş,Galeriden,1199000.0,1202155,1199000,-3155,-0.3,MAKUL
2018,130000.0,1598.0,136.0,,11.8,,4480.0,1850.0,1660.0,,5.0,,4.0,17340.0,Hyundai,Yarı Otomatik,Dizel,SUV,4WD (Sürekli),Galeriden,1735000.0,1831867,1735000,-96867,-5.3,MAKUL
2019,215000.0,1591.0,130.0,,11.5,,4394.0,1806.0,1615.0,,5.0,,4.0,15946.0,Hyundai,Otomatik,Dizel,SUV,Önden Çekiş,Galeriden,1230000.0,1298940,1230000,-68940,-5.3,MAKUL
2024,55000.0,1591.0,130.0,,11.5,,4394.0,1806.0,1615.0,,5.0,,4.0,15946.0,Hyundai,Otomatik,Benzin,SUV,Önden Çekiş,Galeriden,1438000.0,1495138,1438000,-57138,-3.8,MAKUL
2023,11000.0,1591.0,130.0,,11.5,,4394.0,1806.0,1615.0,,5.0,,4.0,15946.0,Hyundai,Otomatik,Benzin,SUV,AWD (Elektronik),Galeriden,2250000.0,2245078,2250000,4921,0.2,MAKUL
2023,20000.0,1598.0,136.0,,11.4,,4500.0,1865.0,1650.0,,5.0,,4.0,18370.0,Hyundai,Yarı Otomatik,Dizel,SUV,Önden Çekiş,Galeriden,2270000.0,2264344,2270000,5655,0.2,MAKUL
2024,22000.0,1368.0,100.0,,13.7,,4180.0,1775.0,1500.0,,5.0,,4.0,11984.0,Hyundai,Otomatik,Benzin,SUV,Önden Çekiş,Galeriden,1349000.0,1357400,1349000,-8400,-0.6,MAKUL
2021,67000.0,1591.0,130.0,,11.5,,4394.0,1806.0,1615.0,,5.0,,4.0,15946.0,Hyundai,Otomatik,Dizel,SUV,AWD (Elektronik),Galeriden,2199000.0,2188129,2199000,10870,0.5,MAKUL
2025,9600.0,1591.0,170.0,,8.5,,4655.0,1890.0,1605.0,,5.0,,4.0,23608.0,Hyundai,Otomatik,Elektrik,SUV,4WD (Sürekli),Galeriden,2070000.0,2076482,2070000,-6482,-0.3,MAKUL
2015,150000.0,1591.0,132.0,,12.1,,4475.0,1850.0,1660.0,,5.0,,4.0,17784.0,Hyundai,Otomatik,Benzin,SUV,Önden Çekiş,Galeriden,1449000.0,1444534,1449000,4465,0.3,MAKUL
2014,176000.0,1591.0,135.0,,11.1,,4410.0,1820.0,1670.0,,5.0,,4.0,13470.0,Hyundai,Otomatik,Benzin,SUV,Önden Çekiş,Galeriden,1055000.0,1108675,1055000,-53675,-4.8,MAKUL
2020,117000.0,1591.0,130.0,,11.5,,4394.0,1806.0,1615.0,,5.0,,4.0,15946.0,Hyundai,Otomatik,Dizel,SUV,Önden Çekiş,Galeriden,1790000.0,1749544,1790000,40455,2.3,MAKUL
2023,74000.0,1591.0,130.0,,11.5,,4394.0,1806.0,1615.0,,5.0,,4.0,15946.0,Hyundai,Otomatik,Benzin,SUV,Önden Çekiş,Galeriden,1935000.0,1926343,1935000,8656,0.4,MAKUL
2021,79000.0,1591.0,130.0,,11.5,,4394.0,1806.0,1615.0,,5.0,,4.0,15946.0,Hyundai,Otomatik,Dizel,SUV,AWD (Elektronik),Galeriden,2199000.0,2193189,2199000,5810,0.3,MAKUL
2019,115000.0,1591.0,130.0,,11.5,,4394.0,1806.0,1615.0,,5.0,,4.0,15946.0,Hyundai,Otomatik,Dizel,SUV,Önden Çekiş,Galeriden,1407000.0,1558096,1407000,-151096,-9.7,MAKUL
2024,19500.0,1368.0,100.0,,13.7,,4180.0,1775.0,1500.0,,5.0,,4.0,12006.0,Hyundai,Otomatik,Benzin,SUV,Önden Çekiş,Galeriden,1489500.0,1388153,1489500,101346,7.3,MAKUL
2023,13000.0,1368.0,100.0,,13.7,,4180.0,1775.0,1500.0,,5.0,,4.0,12006.0,Hyundai,Otomatik,Benzin,SUV,Önden Çekiş,Galeriden,1345000.0,1388470,1345000,-43470,-3.1,MAKUL
2006,288000.0,1991.0,112.0,,16.1,,4325.0,1830.0,1730.0,,5.0,,4.0,15946.0,Hyundai,Otomatik,Dizel,SUV,Önden Çekiş,Galeriden,625000.0,607239,625000,17761,2.9,MAKUL
2020,63000.0,1591.0,130.0,,11.5,,4394.0,1806.0,1615.0,,5.0,,4.0,15946.0,Hyundai,Otomatik,Dizel,SUV,Önden Çekiş,Galeriden,1465000.0,1632855,1465000,-167855,-10.3,FIRSAT
2023,42000.0,1591.0,130.0,,11.5,,4394.0,1806.0,1615.0,,5.0,,4.0,15946.0,Hyundai,Otomatik,Benzin,SUV,AWD (Elektronik),Galeriden,2090000.0,2121478,2090000,-31478,-1.5,MAKUL
2019,127000.0,1591.0,130.0,,11.5,,4394.0,1806.0,1615.0,,5.0,,4.0,15946.0,Hyundai,Otomatik,Dizel,SUV,Önden Çekiş,Galeriden,1385000.0,1534062,1385000,-149062,-9.7,MAKUL
2019,57500.0,1591.0,130.0,,11.5,,4394.0,1806.0,1615.0,,5.0,,4.0,15946.0,Hyundai,Otomatik,Dizel,SUV,Önden Çekiş,Galeriden,1485000.0,1511301,1485000,-26301,-1.7,MAKUL
2020,42000.0,1591.0,130.0,,11.5,,4394.0,1806.0,1615.0,,5.0,,4.0,15946.0,Hyundai,Otomatik,Dizel,SUV,Önden Çekiş,Galeriden,1420000.0,1579898,1420000,-159898,-10.1,FIRSAT
2021,89600.0,1591.0,130.0,,11.5,,4394.0,1806.0,1615.0,,5.0,,4.0,15946.0,Hyundai,Otomatik,Dizel,SUV,Önden Çekiş,Galeriden,1415000.0,1886024,1415000,-471024,-25.0,FIRSAT
2021,76830.0,998.0,120.0,,11.0,,4205.0,1800.0,1550.0,,5.0,,3.0,14658.0,Hyundai,Otomatik,Benzin,SUV,Önden Çekiş,Yetkili Bayiden,1338750.0,1344035,1338750,-5285,-0.4,MAKUL
2020,160000.0,1591.0,130.0,,11.5,,4394.0,1806.0,1615.0,,5.0,,4.0,15946.0,Hyundai,Otomatik,Dizel,SUV,Önden Çekiş,Galeriden,1229900.0,1486171,1229900,-256271,-17.2,FIRSAT
2023,15000.0,1591.0,130.0,,11.5,,4394.0,1806.0,1615.0,,5.0,,4.0,15946.0,Hyundai,Otomatik,Benzin,SUV,Önden Çekiş,Galeriden,2100000.0,1712742,2100000,387257,22.6,PAHALI
2016,117000.0,1591.0,130.0,,11.5,,4394.0,1806.0,1615.0,,5.0,,4.0,15946.0,Hyundai,Otomatik,LPG & Benzin,SUV,AWD (Elektronik),Galeriden,1765000.0,1733154,1765000,31845,1.8,MAKUL
2018,129000.0,1591.0,130.0,,11.5,,4394.0,1806.0,1615.0,,5.0,,4.0,15946.0,Hyundai,Otomatik,Benzin,SUV,AWD (Elektronik),Galeriden,1645000.0,1640751,1645000,4248,0.3,MAKUL
2024,31000.0,1591.0,130.0,,11.5,,4394.0,1806.0,1615.0,,5.0,,4.0,15946.0,Hyundai,Otomatik,Benzin,SUV,AWD (Elektronik),Galeriden,2800000.0,2782544,2800000,17455,0.6,MAKUL
2015,122000.0,1591.0,177.0,,9.2,,4475.0,1850.0,1660.0,,5.0,,4.0,20481.0,Hyundai,Düz,Benzin,SUV,Önden Çekiş,Galeriden,1429000.0,1434622,1429000,-5622,-0.4,MAKUL
2024,22000.0,1598.0,180.0,,8.8,,4500.0,1865.0,1650.0,,5.0,,4.0,16819.0,Hyundai,Yarı Otomatik,Benzin,SUV,Önden Çekiş,Sahibinden,1990000.0,2108577,1990000,-118577,-5.6,MAKUL
2022,83000.0,1598.0,180.0,,8.8,,4500.0,1865.0,1650.0,,5.0,,4.0,18370.0,Hyundai,Yarı Otomatik,Benzin,SUV,Önden Çekiş,Galeriden,2075000.0,2054974,2075000,20025,1.0,MAKUL
2019,77000.0,1598.0,136.0,,11.8,,4480.0,1850.0,1660.0,,5.0,,4.0,17340.0,Hyundai,Yarı Otomatik,Dizel,SUV,4WD (Sürekli),Sahibinden,2200000.0,2165690,2200000,34309,1.6,MAKUL
2024,15500.0,1598.0,198.0,,7.8,,4350.0,1825.0,1585.0,,5.0,,4.0,15478.0,Hyundai,Yarı Otomatik,Benzin,SUV,Önden Çekiş,Sahibinden,1945000.0,1964581,1945000,-19581,-1.0,MAKUL
2012,236000.0,1591.0,130.0,,11.5,,4394.0,1806.0,1615.0,,5.0,,4.0,15946.0,Hyundai,Otomatik,Dizel,SUV,AWD (Elektronik),Galeriden,1195000.0,991154,1195000,203845,20.6,PAHALI
2020,124750.0,1598.0,136.0,,11.8,,4480.0,1850.0,1660.0,,5.0,,4.0,17340.0,Hyundai,Yarı Otomatik,Dizel,SUV,4WD (Sürekli),Galeriden,1637750.0,1706653,1637750,-68903,-4.0,MAKUL
2021,122300.0,1368.0,100.0,,13.7,,4180.0,1775.0,1500.0,,5.0,,4.0,12006.0,Hyundai,Otomatik,Benzin,SUV,Önden Çekiş,Galeriden,1220000.0,1196672,1220000,23327,1.9,MAKUL
2023,93000.0,1598.0,180.0,,9.0,,4500.0,1865.0,1650.0,,5.0,,4.0,18370.0,Hyundai,Yarı Otomatik,Benzin,SUV,4WD (Sürekli),Galeriden,2299950.0,2287751,2299950,12198,0.5,MAKUL
2016,89000.0,1591.0,130.0,,11.5,,4394.0,1806.0,1615.0,,5.0,,4.0,15946.0,Hyundai,Otomatik,Benzin,SUV,AWD (Elektronik),Galeriden,1729000.0,1699447,1729000,29552,1.7,MAKUL
2013,125000.0,1591.0,135.0,,11.1,,4410.0,1820.0,1670.0,,5.0,,4.0,13470.0,Hyundai,Otomatik,Benzin,SUV,Önden Çekiş,Galeriden,1185000.0,1182010,1185000,2989,0.3,MAKUL
2014,90000.0,1591.0,135.0,,11.1,,4410.0,1820.0,1670.0,,5.0,,4.0,11708.0,Hyundai,Düz,Benzin,SUV,Önden Çekiş,Galeriden,965000.0,999366,965000,-34366,-3.4,MAKUL
2025,21000.0,1591.0,130.0,,11.5,,4394.0,1806.0,1615.0,,5.0,,4.0,15946.0,Hyundai,Otomatik,Benzin,SUV,Önden Çekiş,Galeriden,1449000.0,1791322,1449000,-342322,-19.1,FIRSAT
2017,124000.0,1591.0,130.0,,11.5,,4394.0,1806.0,1615.0,,5.0,,4.0,15946.0,Hyundai,Otomatik,Benzin,SUV,Önden Çekiş,Galeriden,1598000.0,1542265,1598000,55734,3.6,MAKUL
2018,155000.0,1591.0,130.0,,11.5,,4394.0,1806.0,1615.0,,5.0,,4.0,15946.0,Hyundai,Otomatik,Benzin,SUV,AWD (Elektronik),Galeriden,1315000.0,1270639,1315000,44360,3.5,MAKUL
2005,342000.0,1991.0,112.0,,16.1,,4325.0,1830.0,1730.0,,5.0,,4.0,15946.0,Hyundai,Otomatik,Dizel,SUV,Önden Çekiş,Galeriden,575000.0,569390,575000,5610,1.0,MAKUL
2012,191000.0,1591.0,130.0,,11.5,,4394.0,1806.0,1615.0,,5.0,,4.0,15946.0,Hyundai,Düz,LPG & Benzin,SUV,Önden Çekiş,Galeriden,980000.0,971642,980000,8357,0.9,MAKUL
2024,40000.0,1591.0,130.0,,11.5,,4394.0,1806.0,1615.0,,5.0,,4.0,15946.0,Hyundai,Otomatik,Benzin,SUV,Önden Çekiş,Galeriden,1465000.0,1533817,1465000,-68817,-4.5,MAKUL
2024,24000.0,1591.0,130.0,,11.5,,4394.0,1806.0,1615.0,,5.0,,4.0,15946.0,Hyundai,Otomatik,Benzin,SUV,AWD (Elektronik),Galeriden,2195000.0,2774780,2195000,-579780,-20.9,FIRSAT
2023,95500.0,1598.0,136.0,,11.6,,4500.0,1865.0,1650.0,,5.0,,4.0,15556.0,Hyundai,Yarı Otomatik,Dizel,SUV,4WD (Sürekli),Galeriden,2320000.0,2305070,2320000,14929,0.6,MAKUL
2024,9000.0,1591.0,130.0,,11.5,,4394.0,1806.0,1615.0,,5.0,,4.0,15946.0,Hyundai,Otomatik,Benzin,SUV,Önden Çekiş,Galeriden,1499000.0,1598509,1499000,-99509,-6.2,MAKUL
2012,270000.0,1591.0,130.0,,11.5,,4394.0,1806.0,1615.0,,5.0,,4.0,15946.0,Hyundai,Düz,LPG & Benzin,SUV,Önden Çekiş,Galeriden,769000.0,775664,769000,-6664,-0.9,MAKUL
2021,70000.0,1368.0,100.0,,13.7,,4180.0,1775.0,1500.0,,5.0,,4.0,12784.0,Hyundai,Otomatik,LPG & Benzin,SUV,Önden Çekiş,Galeriden,1360000.0,1369222,1360000,-9222,-0.7,MAKUL
2022,65000.0,1368.0,100.0,,13.7,,4180.0,1775.0,1500.0,,5.0,,4.0,11984.0,Hyundai,Otomatik,Benzin,SUV,Önden Çekiş,Galeriden,1310000.0,1313801,1310000,-3801,-0.3,MAKUL
2022,45000.0,1591.0,130.0,,11.5,,4394.0,1806.0,1615.0,,5.0,,4.0,15946.0,Hyundai,Otomatik,Dizel,SUV,Önden Çekiş,Galeriden,2170000.0,2190974,2170000,-20974,-1.0,MAKUL
2013,193993.0,1591.0,135.0,,11.1,,4410.0,1820.0,1670.0,,5.0,,4.0,13470.0,Hyundai,Otomatik,Benzin,SUV,Önden Çekiş,Galeriden,939900.0,967799,939900,-27899,-2.9,MAKUL
2015,69516.0,1591.0,177.0,,9.1,,4475.0,1850.0,1660.0,,5.0,,4.0,17784.0,Hyundai,Yarı Otomatik,Benzin,SUV,4WD (Sürekli),Yetkili Bayiden,1599000.0,1616831,1599000,-17831,-1.1,MAKUL
2025,29000.0,998.0,100.0,,12.4,,4180.0,1775.0,1500.0,,5.0,,3.0,12704.0,Hyundai,Yarı Otomatik,Benzin,SUV,Önden Çekiş,Galeriden,1349000.0,1375898,1349000,-26898,-2.0,MAKUL
2021,112000.0,1591.0,130.0,,11.5,,4394.0,1806.0,1615.0,,5.0,,4.0,15946.0,Hyundai,Otomatik,Dizel,SUV,Önden Çekiş,Galeriden,1915000.0,1941178,1915000,-26178,-1.3,MAKUL
2023,17000.0,1368.0,100.0,,13.7,,4180.0,1775.0,1500.0,,5.0,,4.0,12006.0,Hyundai,Otomatik,Benzin,SUV,Önden Çekiş,Galeriden,1495000.0,1419076,1495000,75923,5.4,MAKUL
2016,133000.0,1591.0,132.0,,12.1,,4475.0,1850.0,1660.0,,5.0,,4.0,17784.0,Hyundai,Otomatik,Benzin,SUV,Önden Çekiş,Sahibinden,1425000.0,1464325,1425000,-39325,-2.7,MAKUL
2021,105000.0,1368.0,100.0,,13.7,,4180.0,1775.0,1500.0,,5.0,,4.0,12006.0,Hyundai,Otomatik,LPG & Benzin,SUV,Önden Çekiş,Sahibinden,1330000.0,1215548,1330000,114451,9.4,MAKUL
2020,153280.0,1598.0,136.0,,11.8,,4480.0,1850.0,1660.0,,5.0,,4.0,17340.0,Hyundai,Yarı Otomatik,Dizel,SUV,4WD (Sürekli),Sahibinden,1725000.0,1775794,1725000,-50794,-2.9,MAKUL
2022,59000.0,1598.0,180.0,,8.8,,4500.0,1865.0,1650.0,,5.0,,4.0,16819.0,Hyundai,Yarı Otomatik,Benzin,SUV,Önden Çekiş,Sahibinden,1789000.0,1804126,1789000,-15126,-0.8,MAKUL
2023,145000.0,1598.0,136.0,,11.6,,4500.0,1865.0,1650.0,,5.0,,4.0,15556.0,Hyundai,Yarı Otomatik,Dizel,SUV,4WD (Sürekli),Galeriden,2190000.0,2195175,2190000,-5175,-0.2,MAKUL
2018,63000.0,1591.0,177.0,,7.9,,4165.0,1800.0,1565.0,,5.0,,4.0,15946.0,Hyundai,Yarı Otomatik,Benzin,SUV,4WD (Sürekli),Sahibinden,1340000.0,1352935,1340000,-12935,-1.0,MAKUL
2013,97500.0,1591.0,135.0,,11.1,,4410.0,1820.0,1670.0,,5.0,,4.0,13470.0,Hyundai,Otomatik,Benzin,SUV,Önden Çekiş,Sahibinden,1195000.0,1201472,1195000,-6472,-0.5,MAKUL
2023,37000.0,1368.0,100.0,,13.7,,4180.0,1775.0,1500.0,,5.0,,4.0,12784.0,Hyundai,Otomatik,Benzin,SUV,Önden Çekiş,Sahibinden,1450000.0,1435607,1450000,14392,1.0,MAKUL
2014,175000.0,1591.0,135.0,,11.1,,4410.0,1820.0,1670.0,,5.0,,4.0,13470.0,Hyundai,Otomatik,Benzin,SUV,Önden Çekiş,Sahibinden,1075000.0,1136161,1075000,-61161,-5.4,MAKUL
2017,224000.0,1591.0,130.0,,11.5,,4394.0,1806.0,1615.0,,5.0,,4.0,15946.0,Hyundai,Otomatik,LPG & Benzin,SUV,4WD (Sürekli),Sahibinden,1450000.0,1452546,1450000,-2546,-0.2,MAKUL
2016,105000.0,1591.0,177.0,,9.2,,4475.0,1850.0,1660.0,,5.0,,4.0,20481.0,Hyundai,Düz,Benzin,SUV,Önden Çekiş,Sahibinden,1520000.0,1519397,1520000,602,0.0,MAKUL
2025,6001.0,1591.0,130.0,,11.5,,4394.0,1806.0,1615.0,,5.0,,4.0,15946.0,Hyundai,Yarı Otomatik,Benzin,SUV,Önden Çekiş,Sahibinden,1625000.0,1752625,1625000,-127625,-7.3,MAKUL
2013,185000.0,1591.0,135.0,,11.1,,4410.0,1820.0,1670.0,,5.0,,4.0,15191.0,Hyundai,Düz,LPG & Benzin,SUV,Önden Çekiş,Sahibinden,930000.0,965997,930000,-35997,-3.7,MAKUL
2022,120000.0,1598.0,136.0,,11.4,,4500.0,1865.0,1650.0,,5.0,,4.0,18370.0,Hyundai,Yarı Otomatik,Dizel,SUV,Önden Çekiş,Sahibinden,1750000.0,1772664,1750000,-22664,-1.3,MAKUL
2020,57650.0,1598.0,136.0,,9.8,,4165.0,1800.0,1565.0,,5.0,,4.0,16069.0,Hyundai,Yarı Otomatik,Dizel,SUV,Önden Çekiş,Sahibinden,1415000.0,1452816,1415000,-37816,-2.6,MAKUL
2020,25000.0,1598.0,136.0,,9.8,,4165.0,1800.0,1565.0,,5.0,,4.0,15482.0,Hyundai,Yarı Otomatik,Dizel,SUV,Önden Çekiş,Sahibinden,1600000.0,1598328,1600000,1671,0.1,MAKUL
2005,324000.0,1991.0,126.0,,11.5,,4500.0,1845.0,1730.0,,5.0,,4.0,15946.0,Hyundai,Otomatik,Dizel,SUV,4WD (Sürekli),Sahibinden,510000.0,513263,510000,-3263,-0.6,MAKUL
2023,47930.0,1591.0,130.0,,11.5,,4394.0,1806.0,1615.0,,5.0,,4.0,15946.0,Hyundai,Otomatik,Benzin,Crossover,Önden Çekiş,Galeriden,1330000.0,1336528,1330000,-6528,-0.5,MAKUL
2020,49000.0,1591.0,130.0,,11.5,,4394.0,1806.0,1615.0,,5.0,,4.0,15946.0,Hyundai,Otomatik,Dizel,SUV,AWD (Elektronik),Galeriden,2065000.0,2057633,2065000,7366,0.4,MAKUL
2020,108000.0,1591.0,130.0,,11.5,,4394.0,1806.0,1615.0,,5.0,,4.0,15946.0,Hyundai,Otomatik,Dizel,SUV,AWD (Elektronik),Galeriden,1859000.0,1926037,1859000,-67037,-3.5,MAKUL
2023,35000.0,1598.0,136.0,,11.6,,4500.0,1865.0,1650.0,,5.0,,4.0,15556.0,Hyundai,Yarı Otomatik,Dizel,SUV,4WD (Sürekli),Galeriden,2515000.0,2513001,2515000,1998,0.1,MAKUL
2024,20500.0,1368.0,100.0,,13.7,,4180.0,1775.0,1500.0,,5.0,,4.0,12006.0,Hyundai,Otomatik,Benzin,SUV,Önden Çekiş,Galeriden,1435000.0,1371940,1435000,63059,4.6,MAKUL
2024,20000.0,1591.0,156.0,,8.8,,4355.0,1825.0,1580.0,,5.0,,4.0,15478.0,Hyundai,Otomatik,Elektrik,SUV,Önden Çekiş,Galeriden,1610000.0,1632061,1610000,-22061,-1.4,MAKUL
2022,93800.0,998.0,120.0,,11.0,,4205.0,1800.0,1550.0,,5.0,,3.0,14658.0,Hyundai,Otomatik,Benzin,SUV,Önden Çekiş,Galeriden,1215000.0,1230127,1215000,-15127,-1.2,MAKUL
2016,100000.0,1591.0,130.0,,11.5,,4394.0,1806.0,1615.0,,5.0,,4.0,15946.0,Hyundai,Otomatik,Benzin,SUV,AWD (Elektronik),Galeriden,1724999.0,1682461,1724999,42537,2.5,MAKUL
2015,157000.0,1591.0,130.0,,11.5,,4394.0,1806.0,1615.0,,5.0,,4.0,15946.0,Hyundai,Otomatik,Benzin,SUV,AWD (Elektronik),Galeriden,1595000.0,1587233,1595000,7766,0.5,MAKUL
2019,82000.0,1591.0,130.0,,11.5,,4394.0,1806.0,1615.0,,5.0,,4.0,15946.0,Hyundai,Otomatik,Dizel,SUV,Önden Çekiş,Galeriden,1475000.0,1541670,1475000,-66670,-4.3,MAKUL
2019,50000.0,1598.0,136.0,,9.8,,4165.0,1800.0,1565.0,,5.0,,4.0,16069.0,Hyundai,Yarı Otomatik,Dizel,SUV,Önden Çekiş,Galeriden,1425000.0,1426662,1425000,-1662,-0.1,MAKUL
2024,15000.0,1598.0,136.0,,11.4,,4500.0,1865.0,1650.0,,5.0,,4.0,18370.0,Hyundai,Yarı Otomatik,Dizel,SUV,Önden Çekiş,Galeriden,2359000.0,2390976,2359000,-31976,-1.3,MAKUL
2024,48900.0,1591.0,130.0,,11.5,,4394.0,1806.0,1615.0,,5.0,,4.0,15946.0,Hyundai,Otomatik,Benzin,SUV,Önden Çekiş,Galeriden,1395000.0,1488711,1395000,-93711,-6.3,MAKUL
2021,79934.0,1591.0,130.0,,11.5,,4394.0,1806.0,1615.0,,5.0,,4.0,15946.0,Hyundai,Otomatik,Dizel,SUV,Önden Çekiş,Galeriden,2055000.0,2079834,2055000,-24834,-1.2,MAKUL
2019,97000.0,1591.0,130.0,,11.5,,4394.0,1806.0,1615.0,,5.0,,4.0,15946.0,Hyundai,Otomatik,Dizel,SUV,Önden Çekiş,Galeriden,1850000.0,1708803,1850000,141196,8.3,MAKUL
2017,62485.0,1591.0,130.0,,11.5,,4394.0,1806.0,1615.0,,5.0,,4.0,15946.0,Hyundai,Otomatik,Benzin,SUV,Önden Çekiş,Galeriden,1635000.0,1652306,1635000,-17306,-1.0,MAKUL
2023,32000.0,1368.0,100.0,,13.7,,4180.0,1775.0,1500.0,,5.0,,4.0,12784.0,Hyundai,Otomatik,Benzin,SUV,Önden Çekiş,Galeriden,1385000.0,1406124,1385000,-21124,-1.5,MAKUL
2021,79934.0,1591.0,130.0,,11.5,,4394.0,1806.0,1615.0,,5.0,,4.0,15946.0,Hyundai,Otomatik,Dizel,SUV,Önden Çekiş,Galeriden,2055000.0,2079834,2055000,-24834,-1.2,MAKUL
2019,97000.0,1591.0,130.0,,11.5,,4394.0,1806.0,1615.0,,5.0,,4.0,15946.0,Hyundai,Otomatik,Dizel,SUV,Önden Çekiş,Galeriden,1850000.0,1708803,1850000,141196,8.3,MAKUL
2017,62485.0,1591.0,130.0,,11.5,,4394.0,1806.0,1615.0,,5.0,,4.0,15946.0,Hyundai,Otomatik,Benzin,SUV,Önden Çekiş,Galeriden,1635000.0,1652306,1635000,-17306,-1.0,MAKUL
2023,32000.0,1368.0,100.0,,13.7,,4180.0,1775.0,1500.0,,5.0,,4.0,12784.0,Hyundai,Otomatik,Benzin,SUV,Önden Çekiş,Galeriden,1385000.0,1406124,1385000,-21124,-1.5,MAKUL
2023,60000.0,1368.0,100.0,,13.7,,4180.0,1775.0,1500.0,,5.0,,4.0,11984.0,Hyundai,Otomatik,Benzin,SUV,Önden Çekiş,Galeriden,1230000.0,1279973,1230000,-49973,-3.9,MAKUL
2023,10500.0,1368.0,100.0,,13.7,,4180.0,1775.0,1500.0,,5.0,,4.0,12006.0,Hyundai,Otomatik,Benzin,SUV,Önden Çekiş,Galeriden,1429000.0,1415825,1429000,13174,0.9,MAKUL
2022,61385.0,1591.0,130.0,,11.5,,4394.0,1806.0,1615.0,,5.0,,4.0,15946.0,Hyundai,Otomatik,Dizel,SUV,AWD (Elektronik),Yetkili Bayiden,2179900.0,2191868,2179900,-11968,-0.5,MAKUL
2019,58116.0,1591.0,130.0,,11.5,,4394.0,1806.0,1615.0,,5.0,,4.0,15946.0,Hyundai,Otomatik,Dizel,SUV,Önden Çekiş,Galeriden,1420000.0,1481788,1420000,-61788,-4.2,MAKUL
2013,74000.0,1591.0,135.0,,11.1,,4410.0,1820.0,1670.0,,5.0,,4.0,13470.0,Hyundai,Otomatik,Benzin,SUV,Önden Çekiş,Galeriden,1293000.0,1290097,1293000,2902,0.2,MAKUL
2015,188000.0,1591.0,130.0,,11.5,,4394.0,1806.0,1615.0,,5.0,,4.0,15946.0,Hyundai,Otomatik,Benzin,SUV,AWD (Elektronik),Galeriden,1495000.0,1481300,1495000,13699,0.9,MAKUL
2021,91000.0,1591.0,130.0,,11.5,,4394.0,1806.0,1615.0,,5.0,,4.0,15946.0,Hyundai,Otomatik,Dizel,SUV,AWD (Elektronik),Galeriden,2180000.0,2180956,2180000,-956,-0.0,MAKUL
2014,147955.0,1591.0,135.0,,11.1,,4410.0,1820.0,1670.0,,5.0,,4.0,13470.0,Hyundai,Otomatik,Benzin,SUV,Önden Çekiş,Yetkili Bayiden,1188750.0,1181992,1188750,6757,0.6,MAKUL
2025,23062.0,1598.0,136.0,,11.4,,4500.0,1865.0,1650.0,,5.0,,4.0,18370.0,Hyundai,Yarı Otomatik,Dizel,SUV,Önden Çekiş,Galeriden,2479000.0,2479268,2479000,-268,-0.0,MAKUL
2020,173000.0,1598.0,136.0,,11.8,,4480.0,1850.0,1660.0,,5.0,,4.0,17340.0,Hyundai,Yarı Otomatik,Dizel,SUV,4WD (Sürekli),Galeriden,1710000.0,1724432,1710000,-14432,-0.8,MAKUL
2023,72000.0,1598.0,136.0,,11.6,,4500.0,1865.0,1650.0,,5.0,,4.0,15556.0,Hyundai,Yarı Otomatik,Dizel,SUV,4WD (Sürekli),Galeriden,2285000.0,2320337,2285000,-35337,-1.5,MAKUL
2016,286000.0,1591.0,177.0,,9.2,,4475.0,1850.0,1660.0,,5.0,,4.0,20481.0,Hyundai,Düz,LPG & Benzin,SUV,Önden Çekiş,Galeriden,1199000.0,1202155,1199000,-3155,-0.3,MAKUL
2023,36000.0,1598.0,136.0,,11.6,,4500.0,1865.0,1650.0,,5.0,,4.0,15556.0,Hyundai,Yarı Otomatik,Dizel,SUV,4WD (Sürekli),Galeriden,2550000.0,2532601,2550000,17398,0.7,MAKUL
2020,209522.0,1591.0,130.0,,11.5,,4394.0,1806.0,1615.0,,5.0,,4.0,15946.0,Hyundai,Otomatik,Dizel,SUV,Önden Çekiş,Galeriden,1669000.0,1666921,1669000,2078,0.1,MAKUL
2017,116150.0,1591.0,130.0,,11.5,,4394.0,1806.0,1615.0,,5.0,,4.0,15946.0,Hyundai,Otomatik,Benzin,SUV,Önden Çekiş,Galeriden,1450000.0,1516137,1450000,-66137,-4.4,MAKUL
2020,105000.0,1591.0,130.0,,11.5,,4394.0,1806.0,1615.0,,5.0,,4.0,15946.0,Hyundai,Otomatik,Dizel,SUV,Önden Çekiş,Galeriden,1830000.0,1768241,1830000,61758,3.5,MAKUL
2020,127000.0,1591.0,130.0,,11.5,,4394.0,1806.0,1615.0,,5.0,,4.0,15946.0,Hyundai,Otomatik,Dizel,SUV,Önden Çekiş,Galeriden,1425000.0,1549978,1425000,-124978,-8.1,MAKUL
2021,105000.0,1591.0,130.0,,11.5,,4394.0,1806.0,1615.0,,5.0,,4.0,15946.0,Hyundai,Otomatik,Dizel,SUV,AWD (Elektronik),Galeriden,2225000.0,2213593,2225000,11406,0.5,MAKUL
2020,92000.0,1591.0,130.0,,11.5,,4394.0,1806.0,1615.0,,5.0,,4.0,15946.0,Hyundai,Otomatik,Dizel,SUV,Önden Çekiş,Galeriden,1275000.0,1632998,1275000,-357998,-21.9,FIRSAT
2005,355000.0,1991.0,112.0,,16.1,,4325.0,1830.0,1730.0,,5.0,,4.0,15946.0,Hyundai,Otomatik,Dizel,SUV,Önden Çekiş,Galeriden,415000.0,439368,415000,-24368,-5.5,MAKUL
2017,151000.0,1591.0,177.0,,9.1,,4475.0,1850.0,1660.0,,5.0,,4.0,16927.0,Hyundai,Yarı Otomatik,Benzin,SUV,Önden Çekiş,Sahibinden,1560000.0,1552916,1560000,7083,0.5,MAKUL
2019,127000.0,1598.0,136.0,,11.8,,4480.0,1850.0,1660.0,,5.0,,4.0,17340.0,Hyundai,Yarı Otomatik,Dizel,SUV,Önden Çekiş,Sahibinden,1785000.0,1737204,1785000,47795,2.8,MAKUL
2015,130000.0,1591.0,135.0,,11.1,,4410.0,1820.0,1670.0,,5.0,,4.0,14838.0,Hyundai,Otomatik,Benzin,SUV,Önden Çekiş,Galeriden,1230000.0,1230737,1230000,-737,-0.1,MAKUL
2024,38000.0,1591.0,130.0,,11.5,,4394.0,1806.0,1615.0,,5.0,,4.0,15946.0,Hyundai,Otomatik,Dizel,SUV,Önden Çekiş,Galeriden,2575000.0,2517992,2575000,57007,2.3,MAKUL
2015,131000.0,1591.0,177.0,,9.1,,4475.0,1850.0,1660.0,,5.0,,4.0,20481.0,Hyundai,Yarı Otomatik,Benzin,SUV,4WD (Sürekli),Sahibinden,1595000.0,1597838,1595000,-2838,-0.2,MAKUL
2020,103000.0,1598.0,136.0,,9.8,,4165.0,1800.0,1565.0,,5.0,,4.0,15482.0,Hyundai,Yarı Otomatik,Dizel,SUV,Önden Çekiş,Sahibinden,1380000.0,1397235,1380000,-17235,-1.2,MAKUL
2017,126000.0,1591.0,130.0,,11.5,,4394.0,1806.0,1615.0,,5.0,,4.0,15946.0,Hyundai,Otomatik,LPG & Benzin,SUV,Önden Çekiş,Galeriden,1569750.0,1564347,1569750,5402,0.3,MAKUL
2024,9000.0,1591.0,130.0,,11.5,,4394.0,1806.0,1615.0,,5.0,,4.0,15946.0,Hyundai,Otomatik,Benzin,SUV,Önden Çekiş,Galeriden,1499000.0,1598509,1499000,-99509,-6.2,MAKUL
2021,70000.0,1368.0,100.0,,13.7,,4180.0,1775.0,1500.0,,5.0,,4.0,12784.0,Hyundai,Otomatik,LPG & Benzin,SUV,Önden Çekiş,Galeriden,1360000.0,1369222,1360000,-9222,-0.7,MAKUL
2022,65000.0,1368.0,100.0,,13.7,,4180.0,1775.0,1500.0,,5.0,,4.0,11984.0,Hyundai,Otomatik,Benzin,SUV,Önden Çekiş,Galeriden,1310000.0,1313801,1310000,-3801,-0.3,MAKUL
2022,45000.0,1591.0,130.0,,11.5,,4394.0,1806.0,1615.0,,5.0,,4.0,15946.0,Hyundai,Otomatik,Dizel,SUV,Önden Çekiş,Galeriden,2170000.0,2190974,2170000,-20974,-1.0,MAKUL
2013,193993.0,1591.0,135.0,,11.1,,4410.0,1820.0,1670.0,,5.0,,4.0,13470.0,Hyundai,Otomatik,Benzin,SUV,Önden Çekiş,Galeriden,939900.0,967799,939900,-27899,-2.9,MAKUL
2015,69516.0,1591.0,177.0,,9.1,,4475.0,1850.0,1660.0,,5.0,,4.0,17784.0,Hyundai,Yarı Otomatik,Benzin,SUV,4WD (Sürekli),Yetkili Bayiden,1599000.0,1616831,1599000,-17831,-1.1,MAKUL
2025,29000.0,998.0,100.0,,12.4,,4180.0,1775.0,1500.0,,5.0,,3.0,12704.0,Hyundai,Yarı Otomatik,Benzin,SUV,Önden Çekiş,Galeriden,1349000.0,1375898,1349000,-26898,-2.0,MAKUL
2021,112000.0,1591.0,130.0,,11.5,,4394.0,1806.0,1615.0,,5.0,,4.0,15946.0,Hyundai,Otomatik,Dizel,SUV,Önden Çekiş,Galeriden,1915000.0,1941178,1915000,-26178,-1.3,MAKUL
2023,17000.0,1368.0,100.0,,13.7,,4180.0,1775.0,1500.0,,5.0,,4.0,12006.0,Hyundai,Otomatik,Benzin,SUV,Önden Çekiş,Galeriden,1495000.0,1419076,1495000,75923,5.4,MAKUL
2016,133000.0,1591.0,132.0,,12.1,,4475.0,1850.0,1660.0,,5.0,,4.0,17784.0,Hyundai,Otomatik,Benzin,SUV,Önden Çekiş,Sahibinden,1425000.0,1464325,1425000,-39325,-2.7,MAKUL
2021,51500.0,1598.0,136.0,,11.4,,4500.0,1865.0,1650.0,,5.0,,4.0,18370.0,Hyundai,Yarı Otomatik,Dizel,SUV,Önden Çekiş,Sahibinden,2110000.0,2109773,2110000,226,0.0,MAKUL
2024,35500.0,1368.0,100.0,,13.7,,4180.0,1775.0,1500.0,,5.0,,4.0,12006.0,Hyundai,Otomatik,LPG & Benzin,SUV,Önden Çekiş,Sahibinden,1460000.0,1377224,1460000,82776,6.0,MAKUL
2022,28500.0,1598.0,136.0,,11.4,,4500.0,1865.0,1650.0,,5.0,,4.0,16541.0,Hyundai,Yarı Otomatik,Dizel,SUV,Önden Çekiş,Sahibinden,2525000.0,2207035,2525000,317964,14.4,PAHALI
2007,368000.0,1991.0,112.0,,16.1,,4325.0,1830.0,1730.0,,5.0,,4.0,15946.0,Hyundai,Otomatik,Dizel,SUV,Önden Çekiş,Sahibinden,575000.0,573839,575000,1160,0.2,MAKUL
2022,47000.0,1598.0,180.0,,8.8,,4500.0,1865.0,1650.0,,5.0,,4.0,18370.0,Hyundai,Yarı Otomatik,Benzin,SUV,Önden Çekiş,Sahibinden,2015000.0,2036950,2015000,-21950,-1.1,MAKUL
2013,180000.0,1591.0,135.0,,11.1,,4410.0,1820.0,1670.0,,5.0,,4.0,13470.0,Hyundai,Otomatik,LPG & Benzin,SUV,Önden Çekiş,Galeriden,1165000.0,1160969,1165000,4030,0.3,MAKUL
2018,148000.0,998.0,120.0,,12.0,,4165.0,1800.0,1565.0,,5.0,,3.0,15482.0,Hyundai,Düz,Benzin,SUV,Önden Çekiş,Sahibinden,960000.0,1149207,960000,-189207,-16.5,FIRSAT
2023,67039.0,1368.0,100.0,,13.7,,4180.0,1775.0,1500.0,,5.0,,4.0,11984.0,Hyundai,Otomatik,Benzin,SUV,Önden Çekiş,Galeriden,1289000.0,1283310,1289000,5689,0.4,MAKUL
2022,56000.0,1368.0,100.0,,13.7,,4180.0,1775.0,1500.0,,5.0,,4.0,12006.0,Hyundai,Otomatik,Benzin,SUV,Önden Çekiş,Sahibinden,1380000.0,1266596,1380000,113403,9.0,MAKUL
2015,147000.0,1591.0,135.0,,11.1,,4410.0,1820.0,1670.0,,5.0,,4.0,13470.0,Hyundai,Otomatik,LPG & Benzin,SUV,Önden Çekiş,Sahibinden,1250000.0,1191658,1250000,58341,4.9,MAKUL
2025,13000.0,998.0,100.0,,12.4,,4180.0,1775.0,1500.0,,5.0,,3.0,12704.0,Hyundai,Yarı Otomatik,Benzin,SUV,Önden Çekiş,Sahibinden,1485000.0,1485216,1485000,-216,-0.0,MAKUL
2025,18900.0,998.0,100.0,,12.4,,4180.0,1775.0,1500.0,,5.0,,3.0,12704.0,Hyundai,Yarı Otomatik,Benzin,SUV,Önden Çekiş,Yetkili Bayiden,1549000.0,1531827,1549000,17172,1.1,MAKUL
2002,165000.0,1991.0,112.0,,14.9,,4500.0,1845.0,1730.0,,5.0,,4.0,15946.0,Hyundai,Düz,Dizel,SUV,4WD (Sürekli),Sahibinden,480000.0,491850,480000,-11850,-2.4,MAKUL
2003,400000.0,2656.0,173.0,,11.6,,4500.0,1845.0,1730.0,,5.0,,6.0,15946.0,Hyundai,Otomatik,LPG & Benzin,SUV,4WD (Sürekli),Sahibinden,520000.0,518749,520000,1250,0.2,MAKUL
2019,57587.0,1598.0,136.0,,9.8,,4165.0,1800.0,1565.0,,5.0,,4.0,16069.0,Hyundai,Yarı Otomatik,Dizel,SUV,Önden Çekiş,Galeriden,1475000.0,1465387,1475000,9612,0.7,MAKUL
2016,59000.0,1591.0,132.0,,12.1,,4475.0,1850.0,1660.0,,5.0,,4.0,17784.0,Hyundai,Otomatik,Benzin,SUV,Önden Çekiş,Sahibinden,1650000.0,1653780,1650000,-3780,-0.2,MAKUL
2008,284000.0,1991.0,150.0,,16.1,,4325.0,1830.0,1730.0,,5.0,,4.0,15946.0,Hyundai,Otomatik,Dizel,SUV,4WD (Sürekli),Sahibinden,600000.0,608256,600000,-8256,-1.4,MAKUL
2024,17000.0,998.0,100.0,,12.4,,4180.0,1775.0,1500.0,,5.0,,3.0,12704.0,Hyundai,Yarı Otomatik,Benzin,SUV,Önden Çekiş,Sahibinden,1455000.0,1462598,1455000,-7598,-0.5,MAKUL
2021,135000.0,1598.0,136.0,,11.6,,4500.0,1865.0,1650.0,,5.0,,4.0,15556.0,Hyundai,Yarı Otomatik,Dizel,SUV,4WD (Sürekli),Sahibinden,2095000.0,2106671,2095000,-11671,-0.6,MAKUL
2020,38700.0,1598.0,136.0,,11.8,,4480.0,1850.0,1660.0,,5.0,,4.0,17340.0,Hyundai,Yarı Otomatik,Dizel,SUV,4WD (Sürekli),Sahibinden,1999000.0,2013998,1999000,-14998,-0.7,MAKUL
2024,9600.0,1591.0,130.0,,11.5,,4394.0,1806.0,1615.0,,5.0,,4.0,15946.0,Hyundai,Otomatik,Benzin,SUV,Önden Çekiş,Sahibinden,2470000.0,2349078,2470000,120921,5.1,MAKUL
2021,50500.0,1591.0,130.0,,11.5,,4394.0,1806.0,1615.0,,5.0,,4.0,15946.0,Hyundai,Otomatik,Benzin,SUV,Önden Çekiş,Galeriden,1330000.0,1423213,1330000,-93213,-6.5,MAKUL
2025,14500.0,1591.0,170.0,,8.5,,4655.0,1890.0,1605.0,,5.0,,4.0,23608.0,Hyundai,Otomatik,Elektrik,SUV,4WD (Sürekli),Sahibinden,2050000.0,2047902,2050000,2097,0.1,MAKUL
2022,30000.0,1598.0,180.0,,8.8,,4500.0,1865.0,1650.0,,5.0,,4.0,16819.0,Hyundai,Yarı Otomatik,Benzin,SUV,Önden Çekiş,Sahibinden,2050000.0,2021293,2050000,28706,1.4,MAKUL
2021,57000.0,1368.0,100.0,,13.7,,4180.0,1775.0,1500.0,,5.0,,4.0,12006.0,Hyundai,Otomatik,Benzin,SUV,Önden Çekiş,Sahibinden,1355000.0,1278217,1355000,76782,6.0,MAKUL
2021,105000.0,1598.0,136.0,,11.4,,4500.0,1865.0,1650.0,,5.0,,4.0,18370.0,Hyundai,Yarı Otomatik,Dizel,SUV,Önden Çekiş,Sahibinden,1880000.0,1893931,1880000,-13931,-0.7,MAKUL
2018,159000.0,1598.0,136.0,,11.8,,4480.0,1850.0,1660.0,,5.0,,4.0,17340.0,Hyundai,Yarı Otomatik,Dizel,SUV,Önden Çekiş,Galeriden,1695000.0,1678215,1695000,16784,1.0,MAKUL
2013,132000.0,1591.0,135.0,,11.1,,4410.0,1820.0,1670.0,,5.0,,4.0,13470.0,Hyundai,Düz,Benzin,SUV,Önden Çekiş,Sahibinden,1118000.0,1101802,1118000,16197,1.5,MAKUL
2017,53000.0,1591.0,130.0,,11.5,,4394.0,1806.0,1615.0,,5.0,,4.0,15946.0,Hyundai,Otomatik,Benzin,SUV,AWD (Elektronik),Galeriden,1820000.0,1792785,1820000,27214,1.5,MAKUL
2024,7753.0,1591.0,130.0,,11.5,,4394.0,1806.0,1615.0,,5.0,,4.0,15946.0,Hyundai,Otomatik,Benzin,SUV,AWD (Elektronik),Galeriden,2849000.0,2833297,2849000,15702,0.6,MAKUL
2018,179000.0,1591.0,130.0,,11.5,,4394.0,1806.0,1615.0,,5.0,,4.0,15946.0,Hyundai,Otomatik,Benzin,SUV,AWD (Elektronik),Galeriden,1200000.0,1234882,1200000,-34882,-2.8,MAKUL
2025,29052.0,1598.0,180.0,,8.8,,4500.0,1865.0,1650.0,,5.0,,4.0,16819.0,Hyundai,Yarı Otomatik,Benzin,SUV,Önden Çekiş,Galeriden,2039000.0,2046295,2039000,-7295,-0.4,MAKUL
2020,127000.0,1598.0,136.0,,9.8,,4165.0,1800.0,1565.0,,5.0,,4.0,15482.0,Hyundai,Yarı Otomatik,Dizel,SUV,Önden Çekiş,Galeriden,1330000.0,1342313,1330000,-12313,-0.9,MAKUL
2021,77900.0,1591.0,130.0,,11.5,,4394.0,1806.0,1615.0,,5.0,,4.0,15946.0,Hyundai,Otomatik,Dizel,SUV,AWD (Elektronik),Galeriden,2230000.0,2188995,2230000,41004,1.9,MAKUL
2021,107000.0,1368.0,100.0,,13.7,,4180.0,1775.0,1500.0,,5.0,,4.0,12006.0,Hyundai,Otomatik,Benzin,SUV,Önden Çekiş,Sahibinden,1295000.0,1179062,1295000,115937,9.8,MAKUL
2017,193000.0,1591.0,132.0,,12.1,,4475.0,1850.0,1660.0,,5.0,,4.0,17784.0,Hyundai,Otomatik,LPG & Benzin,SUV,Önden Çekiş,Sahibinden,1525000.0,1497209,1525000,27790,1.9,MAKUL
2024,10800.0,1598.0,136.0,,11.4,,4500.0,1865.0,1650.0,,5.0,,4.0,16541.0,Hyundai,Yarı Otomatik,Dizel,SUV,Önden Çekiş,Sahibinden,2975000.0,2904330,2975000,70669,2.4,MAKUL
2023,34500.0,1598.0,136.0,,11.4,,4500.0,1865.0,1650.0,,5.0,,4.0,18370.0,Hyundai,Yarı Otomatik,Dizel,SUV,Önden Çekiş,Sahibinden,2550000.0,2129424,2550000,420575,19.8,PAHALI
2022,84500.0,1598.0,136.0,,11.6,,4500.0,1865.0,1650.0,,5.0,,4.0,15556.0,Hyundai,Yarı Otomatik,Dizel,SUV,4WD (Sürekli),Sahibinden,2215000.0,2231876,2215000,-16876,-0.8,MAKUL
2014,130323.0,1591.0,135.0,,11.1,,4410.0,1820.0,1670.0,,5.0,,4.0,13470.0,Hyundai,Otomatik,Benzin,SUV,Önden Çekiş,Sahibinden,1510000.0,1263869,1510000,246130,19.5,PAHALI
2012,110000.0,1591.0,135.0,,11.1,,4410.0,1820.0,1670.0,,5.0,,4.0,15191.0,Hyundai,Düz,Benzin,SUV,Önden Çekiş,Sahibinden,998000.0,1040182,998000,-42182,-4.1,MAKUL
2021,97000.0,1591.0,130.0,,11.5,,4394.0,1806.0,1615.0,,5.0,,4.0,15946.0,Hyundai,Otomatik,Dizel,SUV,Önden Çekiş,Sahibinden,2115000.0,2070473,2115000,44526,2.2,MAKUL
2021,6001.0,1598.0,180.0,,8.8,,4500.0,1865.0,1650.0,,5.0,,4.0,16819.0,Hyundai,Yarı Otomatik,Benzin,SUV,Önden Çekiş,Sahibinden,1980000.0,1987329,1980000,-7329,-0.4,MAKUL
2020,58000.0,1598.0,136.0,,11.8,,4480.0,1850.0,1660.0,,5.0,,4.0,17340.0,Hyundai,Yarı Otomatik,Dizel,SUV,4WD (Sürekli),Sahibinden,2250000.0,2121991,2250000,128008,6.0,MAKUL
2017,96000.0,1591.0,132.0,,11.5,,4475.0,1850.0,1660.0,,5.0,,4.0,16927.0,Hyundai,Düz,Benzin,SUV,Önden Çekiş,Sahibinden,1400000.0,1404234,1400000,-4234,-0.3,MAKUL
2024,9100.0,1591.0,130.0,,11.5,,4394.0,1806.0,1615.0,,5.0,,4.0,15946.0,Hyundai,Otomatik,Dizel,SUV,AWD (Elektronik),Sahibinden,2930000.0,2893581,2930000,36418,1.3,MAKUL
2023,26000.0,1598.0,180.0,,8.8,,4500.0,1865.0,1650.0,,5.0,,4.0,18370.0,Hyundai,Yarı Otomatik,Benzin,SUV,Önden Çekiş,Sahibinden,2225000.0,2194988,2225000,30011,1.4,MAKUL
2012,187000.0,1591.0,135.0,,11.1,,4410.0,1820.0,1670.0,,5.0,,4.0,15191.0,Hyundai,Düz,LPG & Benzin,SUV,Önden Çekiş,Sahibinden,810000.0,871624,810000,-61624,-7.1,MAKUL
2016,192000.0,1591.0,177.0,,9.1,,4475.0,1850.0,1660.0,,5.0,,4.0,20481.0,Hyundai,Yarı Otomatik,LPG & Benzin,SUV,4WD (Sürekli),Sahibinden,1420000.0,1443550,1420000,-23550,-1.6,MAKUL
2012,143000.0,1591.0,135.0,,11.1,,4410.0,1820.0,1670.0,,5.0,,4.0,15191.0,Hyundai,Düz,LPG & Benzin,SUV,Önden Çekiş,Sahibinden,1080000.0,1046375,1080000,33624,3.2,MAKUL
2011,203000.0,1995.0,184.0,,10.1,,4410.0,1820.0,1670.0,,5.0,,4.0,11708.0,Hyundai,Otomatik,Dizel,SUV,4WD (Sürekli),Sahibinden,1070000.0,1047891,1070000,22108,2.1,MAKUL
2023,16000.0,1368.0,100.0,,13.7,,4180.0,1775.0,1500.0,,5.0,,4.0,12784.0,Hyundai,Otomatik,Benzin,SUV,Önden Çekiş,Sahibinden,1487500.0,1484941,1487500,2558,0.2,MAKUL
2009,221000.0,1991.0,150.0,,16.1,,4325.0,1830.0,1730.0,,5.0,,4.0,15946.0,Hyundai,Otomatik,Dizel,SUV,4WD (Sürekli),Galeriden,709000.0,696411,709000,12588,1.8,MAKUL
2023,27000.0,1598.0,136.0,,11.6,,4500.0,1865.0,1650.0,,5.0,,4.0,15556.0,Hyundai,Yarı Otomatik,Dizel,SUV,4WD (Sürekli),Sahibinden,3050000.0,2703144,3050000,346855,12.8,PAHALI
2022,73000.0,1591.0,130.0,,11.5,,4394.0,1806.0,1615.0,,5.0,,4.0,15946.0,Hyundai,Otomatik,Dizel,SUV,AWD (Elektronik),Galeriden,2380000.0,2341262,2380000,38737,1.7,MAKUL
2025,9950.0,1591.0,170.0,,8.5,,4655.0,1890.0,1605.0,,5.0,,4.0,23608.0,Hyundai,Otomatik,Elektrik,SUV,4WD (Sürekli),Galeriden,2169000.0,2167398,2169000,1601,0.1,MAKUL
2017,103000.0,1591.0,130.0,,11.5,,4394.0,1806.0,1615.0,,5.0,,4.0,15946.0,Hyundai,Otomatik,Benzin,SUV,AWD (Elektronik),Galeriden,1515000.0,1594062,1515000,-79062,-5.0,MAKUL
2016,160100.0,1591.0,130.0,,11.5,,4394.0,1806.0,1615.0,,5.0,,4.0,15946.0,Hyundai,Otomatik,Benzin,SUV,AWD (Elektronik),Galeriden,1610000.0,1585134,1610000,24865,1.6,MAKUL
2022,80000.0,1368.0,100.0,,13.7,,4180.0,1775.0,1500.0,,5.0,,4.0,11984.0,Hyundai,Otomatik,Benzin,SUV,Önden Çekiş,Galeriden,1169000.0,1223199,1169000,-54199,-4.4,MAKUL
2018,107000.0,1591.0,130.0,,11.5,,4394.0,1806.0,1615.0,,5.0,,4.0,15946.0,Hyundai,Otomatik,Dizel,SUV,AWD (Elektronik),Galeriden,1788000.0,1811570,1788000,-23570,-1.3,MAKUL
2024,50100.0,1368.0,100.0,,13.7,,4180.0,1775.0,1500.0,,5.0,,4.0,12784.0,Hyundai,Otomatik,Benzin,SUV,Önden Çekiş,Galeriden,1469750.0,1432658,1469750,37091,2.6,MAKUL
2021,90000.0,998.0,120.0,,11.0,,4205.0,1800.0,1550.0,,5.0,,3.0,14658.0,Hyundai,Otomatik,Benzin,SUV,Önden Çekiş,Galeriden,1360000.0,1351865,1360000,8134,0.6,MAKUL
2024,8045.0,998.0,100.0,,12.4,,4180.0,1775.0,1500.0,,5.0,,3.0,12704.0,Hyundai,Yarı Otomatik,Benzin,SUV,Önden Çekiş,Galeriden,1465000.0,1483114,1465000,-18114,-1.2,MAKUL
2017,194000.0,1591.0,130.0,,11.5,,4394.0,1806.0,1615.0,,5.0,,4.0,15946.0,Hyundai,Otomatik,LPG & Benzin,SUV,AWD (Elektronik),Galeriden,1495000.0,1490159,1495000,4840,0.3,MAKUL
2022,72000.0,1591.0,130.0,,11.5,,4394.0,1806.0,1615.0,,5.0,,4.0,15946.0,Hyundai,Otomatik,Dizel,SUV,AWD (Elektronik),Galeriden,2205000.0,2332549,2205000,-127549,-5.5,MAKUL
2013,148000.0,1591.0,130.0,,11.5,,4394.0,1806.0,1615.0,,5.0,,4.0,15946.0,Hyundai,Düz,Benzin,SUV,Önden Çekiş,Galeriden,990000.0,1008909,990000,-18909,-1.9,MAKUL
2023,85200.0,1368.0,100.0,,13.7,,4180.0,1775.0,1500.0,,5.0,,4.0,11984.0,Hyundai,Otomatik,Benzin,SUV,Önden Çekiş,Galeriden,1240000.0,1246388,1240000,-6388,-0.5,MAKUL
2023,28700.0,1368.0,100.0,,13.7,,4180.0,1775.0,1500.0,,5.0,,4.0,12784.0,Hyundai,Otomatik,LPG & Benzin,SUV,Önden Çekiş,Galeriden,1385000.0,1409615,1385000,-24615,-1.7,MAKUL
2018,185700.0,1598.0,136.0,,11.8,,4480.0,1850.0,1660.0,,5.0,,4.0,17340.0,Hyundai,Yarı Otomatik,Dizel,SUV,Önden Çekiş,Sahibinden,1645000.0,1606675,1645000,38324,2.4,MAKUL
2020,101000.0,1598.0,136.0,,11.8,,4480.0,1850.0,1660.0,,5.0,,4.0,17340.0,Hyundai,Yarı Otomatik,Dizel,SUV,4WD (Sürekli),Sahibinden,1949000.0,1962751,1949000,-13751,-0.7,MAKUL
2024,24000.0,1598.0,136.0,,11.4,,4500.0,1865.0,1650.0,,5.0,,4.0,18370.0,Hyundai,Yarı Otomatik,Dizel,SUV,Önden Çekiş,Sahibinden,2250000.0,2282336,2250000,-32336,-1.4,MAKUL
2018,140000.0,1591.0,132.0,,12.1,,4475.0,1850.0,1660.0,,5.0,,4.0,17784.0,Hyundai,Otomatik,Benzin,SUV,Önden Çekiş,Sahibinden,1600000.0,1602583,1600000,-2583,-0.2,MAKUL
2019,141000.0,1598.0,136.0,,11.8,,4480.0,1850.0,1660.0,,5.0,,4.0,18029.0,Hyundai,Yarı Otomatik,Dizel,SUV,Önden Çekiş,Sahibinden,1665000.0,1667904,1665000,-2904,-0.2,MAKUL
2016,142500.0,1591.0,177.0,,9.1,,4475.0,1850.0,1660.0,,5.0,,4.0,20481.0,Hyundai,Yarı Otomatik,Benzin,SUV,4WD (Sürekli),Sahibinden,1610000.0,1615132,1610000,-5132,-0.3,MAKUL
2020,63000.0,1598.0,136.0,,11.8,,4480.0,1850.0,1660.0,,5.0,,4.0,17340.0,Hyundai,Yarı Otomatik,Dizel,SUV,4WD (Sürekli),Sahibinden,2050000.0,2097863,2050000,-47863,-2.3,MAKUL
2012,187750.0,1591.0,130.0,,11.5,,4394.0,1806.0,1615.0,,5.0,,4.0,15946.0,Hyundai,Düz,Benzin,SUV,Önden Çekiş,Sahibinden,935000.0,945894,935000,-10894,-1.2,MAKUL
2022,90000.0,1591.0,130.0,,11.5,,4394.0,1806.0,1615.0,,5.0,,4.0,15946.0,Hyundai,Otomatik,Dizel,SUV,Önden Çekiş,Galeriden,2050000.0,2089995,2050000,-39995,-1.9,MAKUL
2023,25000.0,1598.0,180.0,,8.8,,4500.0,1865.0,1650.0,,5.0,,4.0,18370.0,Hyundai,Yarı Otomatik,Benzin,SUV,Önden Çekiş,Sahibinden,2140000.0,2144048,2140000,-4048,-0.2,MAKUL
2023,54032.0,1368.0,100.0,,13.7,,4180.0,1775.0,1500.0,,5.0,,4.0,12784.0,Hyundai,Otomatik,Benzin,SUV,Önden Çekiş,Sahibinden,1465000.0,1445480,1465000,19519,1.4,MAKUL
2020,33800.0,1591.0,130.0,,11.5,,4394.0,1806.0,1615.0,,5.0,,4.0,15946.0,Hyundai,Otomatik,Benzin,Coupe,Arkadan İtiş,Sahibinden,1900000.0,1889511,1900000,10488,0.6,MAKUL
2023,26000.0,1598.0,180.0,,9.0,,4500.0,1865.0,1650.0,,5.0,,4.0,18370.0,Hyundai,Yarı Otomatik,Benzin,SUV,4WD (Sürekli),Sahibinden,2100000.0,2204825,2100000,-104825,-4.8,MAKUL
2023,46000.0,1598.0,136.0,,11.4,,4500.0,1865.0,1650.0,,5.0,,4.0,18370.0,Hyundai,Yarı Otomatik,Dizel,SUV,Önden Çekiş,Galeriden,1950950.0,2008062,1950950,-57112,-2.8,MAKUL
2025,14000.0,1591.0,130.0,,11.5,,4394.0,1806.0,1615.0,,5.0,,4.0,15946.0,Hyundai,Otomatik,Benzin,SUV,Önden Çekiş,Sahibinden,2470000.0,2362243,2470000,107756,4.6,MAKUL
2025,6001.0,1598.0,160.0,,9.8,,4510.0,1865.0,1650.0,,5.0,,4.0,16819.0,Hyundai,Yarı Otomatik,Benzin,SUV,4WD (Sürekli),Sahibinden,2990000.0,2982432,2990000,7567,0.3,MAKUL
2021,60000.0,1368.0,100.0,,12.6,,4180.0,1775.0,1500.0,,5.0,,4.0,11984.0,Hyundai,Düz,Benzin,SUV,Önden Çekiş,Sahibinden,1227000.0,1220069,1227000,6930,0.6,MAKUL
2022,72000.0,1368.0,100.0,,12.6,,4180.0,1775.0,1500.0,,5.0,,4.0,11984.0,Hyundai,Düz,Benzin,SUV,Önden Çekiş,Sahibinden,1050000.0,1060507,1050000,-10507,-1.0,MAKUL
2020,129000.0,1591.0,177.0,,7.9,,4165.0,1800.0,1565.0,,5.0,,4.0,15482.0,Hyundai,Yarı Otomatik,Benzin,SUV,4WD (Sürekli),Sahibinden,1435000.0,1439797,1435000,-4797,-0.3,MAKUL
2020,62000.0,1598.0,136.0,,9.8,,4165.0,1800.0,1565.0,,5.0,,4.0,16069.0,Hyundai,Yarı Otomatik,Dizel,SUV,Önden Çekiş,Sahibinden,1333000.0,1396375,1333000,-63375,-4.5,MAKUL
2020,162000.0,1598.0,136.0,,9.9,,4205.0,1800.0,1550.0,,5.0,,4.0,14658.0,Hyundai,Yarı Otomatik,Dizel,SUV,Önden Çekiş,Galeriden,1180000.0,1204714,1180000,-24714,-2.1,MAKUL
2023,26000.0,1591.0,130.0,,11.5,,4394.0,1806.0,1615.0,,5.0,,4.0,15946.0,Hyundai,Otomatik,Benzin,SUV,AWD (Elektronik),Galeriden,2175000.0,2186809,2175000,-11809,-0.5,MAKUL
2022,14600.0,1368.0,100.0,,13.7,,4180.0,1775.0,1500.0,,5.0,,4.0,12784.0,Hyundai,Otomatik,Benzin,SUV,Önden Çekiş,Galeriden,1480000.0,1461049,1480000,18950,1.3,MAKUL
2012,277000.0,1591.0,130.0,,11.5,,4394.0,1806.0,1615.0,,5.0,,4.0,15946.0,Hyundai,Düz,LPG & Benzin,SUV,Önden Çekiş,Galeriden,699999.0,727661,699999,-27662,-3.8,MAKUL
2024,40000.0,1368.0,100.0,,13.7,,4180.0,1775.0,1500.0,,5.0,,4.0,12006.0,Hyundai,Otomatik,Benzin,SUV,Önden Çekiş,Galeriden,1130000.0,1279276,1130000,-149276,-11.7,FIRSAT
2025,7000.0,998.0,100.0,,12.4,,4180.0,1775.0,1500.0,,5.0,,3.0,12704.0,Hyundai,Yarı Otomatik,Benzin,SUV,Önden Çekiş,Galeriden,1615000.0,1605891,1615000,9108,0.6,MAKUL
2018,155000.0,1591.0,130.0,,11.5,,4394.0,1806.0,1615.0,,5.0,,4.0,15946.0,Hyundai,Otomatik,Benzin,SUV,AWD (Elektronik),Galeriden,1195000.0,1270639,1195000,-75639,-6.0,MAKUL
2025,6001.0,1598.0,136.0,,11.4,,4500.0,1865.0,1650.0,,5.0,,4.0,18370.0,Hyundai,Yarı Otomatik,Dizel,SUV,Önden Çekiş,Galeriden,2595000.0,2631839,2595000,-36839,-1.4,MAKUL
2023,61000.0,1368.0,100.0,,13.7,,4180.0,1775.0,1500.0,,5.0,,4.0,11984.0,Hyundai,Otomatik,Benzin,SUV,Önden Çekiş,Galeriden,1350000.0,1298862,1350000,51137,3.9,MAKUL
2020,100000.0,1591.0,177.0,,8.9,,4480.0,1850.0,1660.0,,5.0,,4.0,19205.0,Hyundai,Yarı Otomatik,Benzin,SUV,Önden Çekiş,Galeriden,1745000.0,1769782,1745000,-24782,-1.4,MAKUL
2022,49000.0,1591.0,130.0,,11.5,,4394.0,1806.0,1615.0,,5.0,,4.0,15946.0,Hyundai,Otomatik,Dizel,SUV,AWD (Elektronik),Galeriden,2320000.0,2301770,2320000,18229,0.8,MAKUL
2019,139000.0,1591.0,130.0,,11.5,,4394.0,1806.0,1615.0,,5.0,,4.0,15946.0,Hyundai,Otomatik,Dizel,SUV,Önden Çekiş,Galeriden,1729000.0,1626676,1729000,102323,6.3,MAKUL
2017,96000.0,1591.0,130.0,,11.5,,4394.0,1806.0,1615.0,,5.0,,4.0,15946.0,Hyundai,Otomatik,LPG & Benzin,SUV,Önden Çekiş,Galeriden,1450000.0,1489189,1450000,-39189,-2.6,MAKUL
2014,84000.0,1591.0,130.0,,11.5,,4394.0,1806.0,1615.0,,5.0,,4.0,15946.0,Hyundai,Düz,LPG & Benzin,SUV,Önden Çekiş,Galeriden,1150000.0,1153918,1150000,-3918,-0.3,MAKUL
2019,165000.0,1591.0,130.0,,11.5,,4394.0,1806.0,1615.0,,5.0,,4.0,15946.0,Hyundai,Otomatik,Dizel,SUV,Önden Çekiş,Galeriden,1335000.0,1549282,1335000,-214282,-13.8,FIRSAT
2024,43487.0,1591.0,130.0,,11.5,,4394.0,1806.0,1615.0,,5.0,,4.0,15946.0,Hyundai,Otomatik,Benzin,SUV,Önden Çekiş,Galeriden,1825000.0,1664868,1825000,160131,9.6,MAKUL
2021,74786.0,1591.0,130.0,,11.5,,4394.0,1806.0,1615.0,,5.0,,4.0,15946.0,Hyundai,Otomatik,Dizel,SUV,AWD (Elektronik),Galeriden,2050000.0,2103427,2050000,-53427,-2.5,MAKUL
2017,151000.0,1591.0,177.0,,9.1,,4475.0,1850.0,1660.0,,5.0,,4.0,20481.0,Hyundai,Yarı Otomatik,LPG & Benzin,SUV,4WD (Sürekli),Sahibinden,1680000.0,1575474,1680000,104525,6.6,MAKUL
2023,36000.0,1598.0,180.0,,8.8,,4500.0,1865.0,1650.0,,5.0,,4.0,18370.0,Hyundai,Yarı Otomatik,Benzin,SUV,Önden Çekiş,Yetkili Bayiden,2099000.0,2157611,2099000,-58611,-2.7,MAKUL
2025,6100.0,1591.0,130.0,,11.5,,4394.0,1806.0,1615.0,,5.0,,4.0,15946.0,Hyundai,Otomatik,Benzin,SUV,Önden Çekiş,Galeriden,1665000.0,1763143,1665000,-98143,-5.6,MAKUL
2023,20000.0,1368.0,100.0,,13.7,,4180.0,1775.0,1500.0,,5.0,,4.0,12006.0,Hyundai,Otomatik,Benzin,SUV,Önden Çekiş,Sahibinden,1300000.0,1367859,1300000,-67859,-5.0,MAKUL
2021,49000.0,1598.0,136.0,,11.4,,4500.0,1865.0,1650.0,,5.0,,4.0,16541.0,Hyundai,Yarı Otomatik,Dizel,SUV,Önden Çekiş,Sahibinden,2250000.0,2229165,2250000,20834,0.9,MAKUL
2017,170000.0,1591.0,132.0,,12.1,,4475.0,1850.0,1660.0,,5.0,,4.0,17784.0,Hyundai,Otomatik,LPG & Benzin,SUV,Önden Çekiş,Sahibinden,1185000.0,1249209,1185000,-64209,-5.1,MAKUL
2020,67000.0,1598.0,136.0,,11.8,,4480.0,1850.0,1660.0,,5.0,,4.0,17340.0,Hyundai,Yarı Otomatik,Dizel,SUV,4WD (Sürekli),Sahibinden,1899999.0,1990310,1899999,-90311,-4.5,MAKUL
2022,62000.0,1368.0,100.0,,13.7,,4180.0,1775.0,1500.0,,5.0,,4.0,12006.0,Hyundai,Otomatik,Benzin,SUV,Önden Çekiş,Sahibinden,1349000.0,1278124,1349000,70875,5.5,MAKUL
2016,156500.0,1591.0,132.0,,11.5,,4475.0,1850.0,1660.0,,5.0,,4.0,16927.0,Hyundai,Düz,LPG & Benzin,SUV,Önden Çekiş,Sahibinden,1195000.0,1207838,1195000,-12838,-1.1,MAKUL
2012,143000.0,1995.0,184.0,,10.1,,4410.0,1820.0,1670.0,,5.0,,4.0,11708.0,Hyundai,Otomatik,Dizel,SUV,4WD (Sürekli),Sahibinden,799999.0,837515,799999,-37516,-4.5,MAKUL
2021,48500.0,1368.0,100.0,,13.7,,4180.0,1775.0,1500.0,,5.0,,4.0,12006.0,Hyundai,Otomatik,Benzin,SUV,Önden Çekiş,Sahibinden,1365000.0,1266554,1365000,98445,7.8,MAKUL
2011,158000.0,1591.0,135.0,,11.1,,4410.0,1820.0,1670.0,,5.0,,4.0,11708.0,Hyundai,Düz,LPG & Benzin,SUV,Önden Çekiş,Sahibinden,980000.0,980358,980000,-358,-0.0,MAKUL
2010,305603.0,1995.0,184.0,,10.1,,4410.0,1820.0,1670.0,,5.0,,4.0,11708.0,Hyundai,Otomatik,Dizel,SUV,4WD (Sürekli),Sahibinden,785000.0,799385,785000,-14385,-1.8,MAKUL
2024,49420.0,998.0,100.0,,11.7,,4180.0,1775.0,1500.0,,5.0,,3.0,12784.0,Hyundai,Yarı Otomatik,Benzin,SUV,Önden Çekiş,Galeriden,1429900.0,1454349,1429900,-24449,-1.7,MAKUL
2013,175500.0,1591.0,135.0,,11.1,,4410.0,1820.0,1670.0,,5.0,,4.0,15191.0,Hyundai,Düz,Benzin,SUV,Önden Çekiş,Sahibinden,995000.0,1024263,995000,-29263,-2.9,MAKUL
2017,41000.0,1591.0,130.0,,11.5,,4394.0,1806.0,1615.0,,5.0,,4.0,15946.0,Hyundai,Otomatik,Benzin,SUV,Önden Çekiş,Galeriden,1769000.0,1743779,1769000,25220,1.4,MAKUL
2016,375000.0,1995.0,185.0,,9.5,,4475.0,1850.0,1660.0,,5.0,,4.0,17784.0,Hyundai,Otomatik,Dizel,SUV,4WD (Sürekli),Galeriden,1065000.0,1072605,1065000,-7605,-0.7,MAKUL
2016,185000.0,1591.0,130.0,,11.5,,4394.0,1806.0,1615.0,,5.0,,4.0,15946.0,Hyundai,Otomatik,Benzin,SUV,Önden Çekiş,Galeriden,1275000.0,1313009,1275000,-38009,-2.9,MAKUL
2023,89000.0,1598.0,136.0,,11.6,,4500.0,1865.0,1650.0,,5.0,,4.0,15556.0,Hyundai,Yarı Otomatik,Dizel,SUV,4WD (Sürekli),Galeriden,2395000.0,2367271,2395000,27728,1.2,MAKUL
2012,233000.0,1591.0,130.0,,11.5,,4394.0,1806.0,1615.0,,5.0,,4.0,15946.0,Hyundai,Düz,LPG & Benzin,SUV,Önden Çekiş,Galeriden,800000.0,837713,800000,-37713,-4.5,MAKUL
2024,25000.0,1197.0,79.0,,13.7,,4180.0,1775.0,1500.0,,5.0,,4.0,13300.0,Hyundai,Düz,Benzin,SUV,Önden Çekiş,Galeriden,1199000.0,1211195,1199000,-12195,-1.0,MAKUL
2022,86000.0,1368.0,100.0,,12.6,,4180.0,1775.0,1500.0,,5.0,,4.0,11984.0,Hyundai,Düz,Benzin,SUV,Önden Çekiş,Sahibinden,1100000.0,1103700,1100000,-3700,-0.3,MAKUL
2013,123000.0,1591.0,135.0,,11.1,,4410.0,1820.0,1670.0,,5.0,,4.0,13470.0,Hyundai,Otomatik,LPG & Benzin,Crossover,Önden Çekiş,Sahibinden,1225000.0,1210245,1225000,14754,1.2,MAKUL
2022,46000.0,1368.0,100.0,,13.7,,4180.0,1775.0,1500.0,,5.0,,4.0,11984.0,Hyundai,Otomatik,Benzin,SUV,Önden Çekiş,Sahibinden,1100000.0,1259458,1100000,-159458,-12.7,FIRSAT
2022,60500.0,1598.0,180.0,,9.0,,4500.0,1865.0,1650.0,,5.0,,4.0,18370.0,Hyundai,Yarı Otomatik,Benzin,SUV,4WD (Sürekli),Sahibinden,2350000.0,2374944,2350000,-24944,-1.1,MAKUL
2020,56000.0,1598.0,136.0,,11.8,,4480.0,1850.0,1660.0,,5.0,,4.0,17340.0,Hyundai,Yarı Otomatik,Dizel,SUV,4WD (Sürekli),Sahibinden,2200000.0,2136722,2200000,63277,3.0,MAKUL
2014,134000.0,1591.0,135.0,,11.1,,4410.0,1820.0,1670.0,,5.0,,4.0,13470.0,Hyundai,Otomatik,Benzin,SUV,Önden Çekiş,Sahibinden,1095000.0,1183825,1095000,-88825,-7.5,MAKUL
2005,236500.0,1991.0,126.0,,11.5,,4500.0,1845.0,1730.0,,5.0,,4.0,15946.0,Hyundai,Otomatik,Dizel,SUV,4WD (Sürekli),Sahibinden,575000.0,579535,575000,-4535,-0.8,MAKUL
2022,52800.0,1368.0,100.0,,13.7,,4180.0,1775.0,1500.0,,5.0,,4.0,11984.0,Hyundai,Otomatik,Benzin,SUV,Önden Çekiş,Sahibinden,1250000.0,1265915,1250000,-15915,-1.3,MAKUL
2005,255000.0,1591.0,130.0,,11.5,,4394.0,1806.0,1615.0,,5.0,,4.0,15946.0,Hyundai,Otomatik,Dizel,SUV,Önden Çekiş,Sahibinden,680000.0,676419,680000,3580,0.5,MAKUL
2022,53000.0,1598.0,136.0,,11.4,,4500.0,1865.0,1650.0,,5.0,,4.0,18370.0,Hyundai,Yarı Otomatik,Dizel,SUV,Önden Çekiş,Sahibinden,1950000.0,2036493,1950000,-86493,-4.2,MAKUL
2022,47000.0,1368.0,100.0,,13.7,,4180.0,1775.0,1500.0,,5.0,,4.0,11984.0,Hyundai,Otomatik,Benzin,SUV,Önden Çekiş,Sahibinden,1230000.0,1247371,1230000,-17371,-1.4,MAKUL
2021,116000.0,1598.0,136.0,,11.4,,4500.0,1865.0,1650.0,,5.0,,4.0,18370.0,Hyundai,Yarı Otomatik,Dizel,SUV,Önden Çekiş,Sahibinden,1885000.0,1884486,1885000,513,0.0,MAKUL
2020,58500.0,1598.0,136.0,,11.8,,4480.0,1850.0,1660.0,,5.0,,4.0,19205.0,Hyundai,Yarı Otomatik,Dizel,SUV,Önden Çekiş,Sahibinden,2150000.0,2034294,2150000,115705,5.7,MAKUL
2015,37600.0,1591.0,177.0,,9.2,,4475.0,1850.0,1660.0,,5.0,,4.0,20481.0,Hyundai,Düz,Benzin,SUV,Önden Çekiş,Sahibinden,1675000.0,1666644,1675000,8355,0.5,MAKUL
2021,65000.0,1598.0,136.0,,11.4,,4500.0,1865.0,1650.0,,5.0,,4.0,16541.0,Hyundai,Yarı Otomatik,Dizel,SUV,Önden Çekiş,Sahibinden,1950000.0,2046034,1950000,-96034,-4.7,MAKUL
2013,220000.0,1591.0,135.0,,11.1,,4410.0,1820.0,1670.0,,5.0,,4.0,15191.0,Hyundai,Düz,LPG & Benzin,SUV,Önden Çekiş,Sahibinden,950000.0,950823,950000,-823,-0.1,MAKUL
2015,145000.0,1591.0,177.0,,9.2,,4475.0,1850.0,1660.0,,5.0,,4.0,20481.0,Hyundai,Düz,Benzin,SUV,Önden Çekiş,Sahibinden,1330000.0,1344828,1330000,-14828,-1.1,MAKUL
2012,240000.0,1591.0,135.0,,11.1,,4410.0,1820.0,1670.0,,5.0,,4.0,15191.0,Hyundai,Düz,LPG & Benzin,SUV,Önden Çekiş,Sahibinden,855000.0,857800,855000,-2800,-0.3,MAKUL
2012,249000.0,1591.0,135.0,,11.1,,4410.0,1820.0,1670.0,,5.0,,4.0,15191.0,Hyundai,Düz,Benzin,SUV,Önden Çekiş,Sahibinden,950000.0,821399,950000,128600,15.7,PAHALI
2024,25500.0,1591.0,130.0,,11.5,,4394.0,1806.0,1615.0,,5.0,,4.0,15946.0,Hyundai,Otomatik,Dizel,SUV,AWD (Elektronik),Sahibinden,2800000.0,2786835,2800000,13164,0.5,MAKUL
2022,50000.0,1598.0,136.0,,11.4,,4500.0,1865.0,1650.0,,5.0,,4.0,18370.0,Hyundai,Yarı Otomatik,Dizel,SUV,Önden Çekiş,Galeriden,2040000.0,2047447,2040000,-7447,-0.4,MAKUL
2020,65000.0,1591.0,130.0,,11.5,,4394.0,1806.0,1615.0,,5.0,,4.0,15946.0,Hyundai,Otomatik,Dizel,SUV,AWD (Elektronik),Galeriden,2150000.0,2108045,2150000,41954,2.0,MAKUL
2023,9160.0,1368.0,100.0,,13.7,,4180.0,1775.0,1500.0,,5.0,,4.0,12784.0,Hyundai,Otomatik,Benzin,SUV,Önden Çekiş,Sahibinden,1650000.0,1606154,1650000,43845,2.7,MAKUL
2021,63000.0,1368.0,100.0,,13.7,,4180.0,1775.0,1500.0,,5.0,,4.0,12784.0,Hyundai,Otomatik,Benzin,SUV,Önden Çekiş,Sahibinden,1355000.0,1367544,1355000,-12544,-0.9,MAKUL
2012,197000.0,1591.0,135.0,,11.1,,4410.0,1820.0,1670.0,,5.0,,4.0,15191.0,Hyundai,Düz,LPG & Benzin,SUV,Önden Çekiş,Sahibinden,955000.0,881117,955000,73882,8.4,MAKUL
2021,106500.0,1368.0,100.0,,13.7,,4180.0,1775.0,1500.0,,5.0,,4.0,12006.0,Hyundai,Otomatik,LPG & Benzin,SUV,Önden Çekiş,Sahibinden,1235000.0,1187392,1235000,47607,4.0,MAKUL
2019,179000.0,1598.0,136.0,,9.8,,4165.0,1800.0,1565.0,,5.0,,4.0,16069.0,Hyundai,Yarı Otomatik,Dizel,SUV,Önden Çekiş,Sahibinden,1210000.0,1221263,1210000,-11263,-0.9,MAKUL
2014,206000.0,1591.0,135.0,,11.1,,4410.0,1820.0,1670.0,,5.0,,4.0,13470.0,Hyundai,Otomatik,Benzin,SUV,Önden Çekiş,Galeriden,1190000.0,1095973,1190000,94026,8.6,MAKUL
2015,180000.0,1591.0,177.0,,9.1,,4475.0,1850.0,1660.0,,5.0,,4.0,20481.0,Hyundai,Yarı Otomatik,Benzin,SUV,4WD (Sürekli),Sahibinden,1435000.0,1567392,1435000,-132392,-8.4,MAKUL
2005,353000.0,1991.0,126.0,,11.5,,4500.0,1845.0,1710.0,,5.0,,4.0,15946.0,Hyundai,Otomatik,Dizel,SUV,4WD (Sürekli),Sahibinden,470000.0,476255,470000,-6255,-1.3,MAKUL
2025,6001.0,1591.0,156.0,,8.8,,4355.0,1825.0,1580.0,,5.0,,4.0,15478.0,Hyundai,Otomatik,Elektrik,SUV,Önden Çekiş,Yetkili Bayiden,1560000.0,1591762,1560000,-31762,-2.0,MAKUL
2024,56000.0,1368.0,100.0,,13.7,,4180.0,1775.0,1500.0,,5.0,,4.0,11984.0,Hyundai,Otomatik,Benzin,SUV,Önden Çekiş,Galeriden,1289500.0,1307566,1289500,-18066,-1.4,MAKUL
2025,14500.0,1598.0,136.0,,11.6,,4500.0,1865.0,1650.0,,5.0,,4.0,15556.0,Hyundai,Yarı Otomatik,Dizel,SUV,4WD (Sürekli),Yetkili Bayiden,2979500.0,2961591,2979500,17908,0.6,MAKUL
2019,121000.0,1591.0,130.0,,11.5,,4394.0,1806.0,1615.0,,5.0,,4.0,15946.0,Hyundai,Otomatik,Dizel,SUV,Önden Çekiş,Galeriden,1500000.0,1601733,1500000,-101733,-6.4,MAKUL
2021,69800.0,1591.0,130.0,,11.5,,4394.0,1806.0,1615.0,,5.0,,4.0,15946.0,Hyundai,Otomatik,Dizel,SUV,Önden Çekiş,Galeriden,2165000.0,2125332,2165000,39667,1.9,MAKUL
2019,134700.0,1598.0,136.0,,11.8,,4480.0,1850.0,1660.0,,5.0,,4.0,18029.0,Hyundai,Yarı Otomatik,Dizel,SUV,Önden Çekiş,Sahibinden,1665000.0,1657147,1665000,7852,0.5,MAKUL
2025,10077.0,998.0,100.0,,12.4,,4180.0,1775.0,1500.0,,5.0,,3.0,12704.0,Hyundai,Yarı Otomatik,Benzin,SUV,Önden Çekiş,Sahibinden,1550000.0,1552015,1550000,-2015,-0.1,MAKUL
2009,268000.0,1991.0,150.0,,13.8,,4325.0,1830.0,1730.0,,5.0,,4.0,15946.0,Hyundai,Düz,Dizel,SUV,4WD (Sürekli),Sahibinden,665000.0,671468,665000,-6468,-1.0,MAKUL
2016,154650.0,1591.0,177.0,,9.1,,4475.0,1850.0,1660.0,,5.0,,4.0,20481.0,Hyundai,Yarı Otomatik,Benzin,SUV,4WD (Sürekli),Sahibinden,1680000.0,1661553,1680000,18446,1.1,MAKUL
2012,206000.0,1591.0,135.0,,11.1,,4410.0,1820.0,1670.0,,5.0,,4.0,15191.0,Hyundai,Düz,Benzin,SUV,Önden Çekiş,Sahibinden,875000.0,892420,875000,-17420,-2.0,MAKUL
2025,7200.0,998.0,100.0,,12.4,,4180.0,1775.0,1500.0,,5.0,,3.0,12704.0,Hyundai,Yarı Otomatik,Benzin,SUV,Önden Çekiş,Sahibinden,1549000.0,1557299,1549000,-8299,-0.5,MAKUL
2023,41200.0,1368.0,100.0,,13.7,,4180.0,1775.0,1500.0,,5.0,,4.0,12006.0,Hyundai,Otomatik,Benzin,SUV,Önden Çekiş,Sahibinden,1385000.0,1293353,1385000,91646,7.1,MAKUL
2021,21000.0,998.0,100.0,,11.7,,4180.0,1775.0,1500.0,,5.0,,3.0,12784.0,Hyundai,Yarı Otomatik,Benzin,SUV,Önden Çekiş,Sahibinden,1420000.0,1421983,1420000,-1983,-0.1,MAKUL
2017,84000.0,1591.0,177.0,,9.1,,4475.0,1850.0,1660.0,,5.0,,4.0,16927.0,Hyundai,Yarı Otomatik,Benzin,SUV,Önden Çekiş,Sahibinden,1700000.0,1689944,1700000,10055,0.6,MAKUL
2009,336020.0,1991.0,150.0,,16.1,,4325.0,1830.0,1730.0,,5.0,,4.0,15946.0,Hyundai,Otomatik,Dizel,SUV,4WD (Sürekli),Sahibinden,670000.0,681931,670000,-11931,-1.7,MAKUL
2014,120000.0,1591.0,135.0,,11.1,,4410.0,1820.0,1670.0,,5.0,,4.0,13470.0,Hyundai,Otomatik,LPG & Benzin,SUV,Önden Çekiş,Sahibinden,1260000.0,1176507,1260000,83492,7.1,MAKUL
2025,9400.0,1591.0,130.0,,11.5,,4394.0,1806.0,1615.0,,5.0,,4.0,15946.0,Hyundai,Otomatik,Elektrik,SUV,Arkadan İtiş,Sahibinden,2130000.0,2153197,2130000,-23197,-1.1,MAKUL
2012,103700.0,1591.0,135.0,,11.1,,4410.0,1820.0,1670.0,,5.0,,4.0,15191.0,Hyundai,Düz,LPG & Benzin,SUV,Önden Çekiş,Sahibinden,1000000.0,1042155,1000000,-42155,-4.0,MAKUL
2020,26000.0,1598.0,136.0,,9.8,,4165.0,1800.0,1565.0,,5.0,,4.0,15482.0,Hyundai,Yarı Otomatik,Dizel,SUV,Önden Çekiş,Sahibinden,1559000.0,1563133,1559000,-4133,-0.3,MAKUL
2023,44000.0,1598.0,136.0,,11.4,,4500.0,1865.0,1650.0,,5.0,,4.0,18370.0,Hyundai,Yarı Otomatik,Dizel,SUV,Önden Çekiş,Galeriden,2150000.0,2103419,2150000,46580,2.2,MAKUL
2020,55000.0,1591.0,130.0,,11.5,,4394.0,1806.0,1615.0,,5.0,,4.0,15946.0,Hyundai,Otomatik,Dizel,SUV,Önden Çekiş,Galeriden,1925000.0,1616654,1925000,308345,19.1,PAHALI
2021,106500.0,1368.0,100.0,,13.7,,4180.0,1775.0,1500.0,,5.0,,4.0,12006.0,Hyundai,Otomatik,LPG & Benzin,SUV,Önden Çekiş,Sahibinden,1234000.0,1187392,1234000,46607,3.9,MAKUL
2023,41500.0,1368.0,100.0,,13.7,,4180.0,1775.0,1500.0,,5.0,,4.0,12784.0,Hyundai,Otomatik,Benzin,SUV,Önden Çekiş,Sahibinden,1440000.0,1437229,1440000,2770,0.2,MAKUL
2024,17200.0,1598.0,136.0,,11.6,,4500.0,1865.0,1650.0,,5.0,,4.0,15556.0,Hyundai,Yarı Otomatik,Dizel,SUV,4WD (Sürekli),Sahibinden,2649000.0,2683989,2649000,-34989,-1.3,MAKUL
2022,91000.0,1598.0,136.0,,11.6,,4500.0,1865.0,1650.0,,5.0,,4.0,15556.0,Hyundai,Yarı Otomatik,Dizel,SUV,4WD (Sürekli),Sahibinden,2290000.0,2282439,2290000,7560,0.3,MAKUL
2019,98000.0,1598.0,136.0,,11.8,,4480.0,1850.0,1660.0,,5.0,,4.0,17340.0,Hyundai,Yarı Otomatik,Dizel,SUV,Önden Çekiş,Sahibinden,1740000.0,1763408,1740000,-23408,-1.3,MAKUL
2015,133000.0,1591.0,177.0,,9.2,,4475.0,1850.0,1660.0,,5.0,,4.0,20481.0,Hyundai,Düz,Benzin,SUV,Önden Çekiş,Sahibinden,1400000.0,1411455,1400000,-11455,-0.8,MAKUL
2015,80000.0,1591.0,177.0,,9.1,,4475.0,1850.0,1660.0,,5.0,,4.0,20481.0,Hyundai,Yarı Otomatik,Benzin,SUV,4WD (Sürekli),Sahibinden,1595000.0,1614405,1595000,-19405,-1.2,MAKUL
2014,92000.0,1591.0,135.0,,11.1,,4410.0,1820.0,1670.0,,5.0,,4.0,13470.0,Hyundai,Otomatik,Benzin,SUV,Önden Çekiş,Sahibinden,1230000.0,1239947,1230000,-9947,-0.8,MAKUL
2013,281000.0,1591.0,130.0,,11.5,,4394.0,1806.0,1615.0,,5.0,,4.0,15946.0,Hyundai,Düz,LPG & Benzin,SUV,Önden Çekiş,Sahibinden,828750.0,855503,828750,-26753,-3.1,MAKUL
2020,153000.0,1591.0,130.0,,11.5,,4394.0,1806.0,1615.0,,5.0,,4.0,15946.0,Hyundai,Otomatik,Dizel,SUV,AWD (Elektronik),Galeriden,1865000.0,1859476,1865000,5523,0.3,MAKUL
2023,53000.0,1591.0,130.0,,11.5,,4394.0,1806.0,1615.0,,5.0,,4.0,15946.0,Hyundai,Otomatik,Benzin,SUV,Önden Çekiş,Galeriden,1880000.0,1889362,1880000,-9362,-0.5,MAKUL
2017,139000.0,1591.0,130.0,,11.5,,4394.0,1806.0,1615.0,,5.0,,4.0,15946.0,Hyundai,Otomatik,Benzin,SUV,AWD (Elektronik),Galeriden,1649750.0,1626144,1649750,23605,1.5,MAKUL
2005,365000.0,1991.0,113.0,,11.5,,4325.0,1795.0,1680.0,,5.0,,4.0,15946.0,Hyundai,Otomatik,Dizel,Crossover,Önden Çekiş,Sahibinden,565000.0,564060,565000,940,0.2,MAKUL
2021,91400.0,1598.0,136.0,,11.4,,4500.0,1865.0,1650.0,,5.0,,4.0,16541.0,Hyundai,Yarı Otomatik,Dizel,SUV,Önden Çekiş,Sahibinden,2050000.0,2030285,2050000,19714,1.0,MAKUL
2022,97000.0,1598.0,136.0,,11.4,,4500.0,1865.0,1650.0,,5.0,,4.0,18370.0,Hyundai,Yarı Otomatik,Dizel,SUV,Önden Çekiş,Sahibinden,1910000.0,1923172,1910000,-13172,-0.7,MAKUL
2013,146680.0,1591.0,135.0,,11.1,,4410.0,1820.0,1670.0,,5.0,,4.0,15191.0,Hyundai,Düz,Benzin,SUV,Önden Çekiş,Sahibinden,985000.0,1100526,985000,-115526,-10.5,FIRSAT
2025,37000.0,998.0,100.0,,12.4,,4180.0,1775.0,1500.0,,5.0,,3.0,12704.0,Hyundai,Yarı Otomatik,Benzin,SUV,Önden Çekiş,Sahibinden,1545000.0,1526891,1545000,18108,1.2,MAKUL
2024,14900.0,1598.0,136.0,,11.6,,4500.0,1865.0,1650.0,,5.0,,4.0,15556.0,Hyundai,Yarı Otomatik,Dizel,SUV,4WD (Sürekli),Sahibinden,2800000.0,2784463,2800000,15536,0.6,MAKUL
2013,259000.0,1591.0,135.0,,11.1,,4410.0,1820.0,1670.0,,5.0,,4.0,13470.0,Hyundai,Otomatik,LPG & Benzin,SUV,Önden Çekiş,Sahibinden,970000.0,965008,970000,4991,0.5,MAKUL
2020,119000.0,1598.0,136.0,,11.8,,4480.0,1850.0,1660.0,,5.0,,4.0,19205.0,Hyundai,Yarı Otomatik,Dizel,SUV,Önden Çekiş,Sahibinden,1600000.0,1660028,1600000,-60028,-3.6,MAKUL
2020,150000.0,1598.0,136.0,,11.8,,4480.0,1850.0,1660.0,,5.0,,4.0,17340.0,Hyundai,Yarı Otomatik,Dizel,SUV,4WD (Sürekli),Sahibinden,1850000.0,1848930,1850000,1069,0.1,MAKUL
2025,6001.0,998.0,100.0,,12.4,,4180.0,1775.0,1500.0,,5.0,,3.0,12704.0,Hyundai,Yarı Otomatik,Benzin,SUV,Önden Çekiş,Sahibinden,1650000.0,1691033,1650000,-41033,-2.4,MAKUL
2011,160000.0,1995.0,184.0,,10.1,,4410.0,1820.0,1670.0,,5.0,,4.0,11708.0,Hyundai,Otomatik,Dizel,SUV,4WD (Sürekli),Galeriden,1070000.0,1056716,1070000,13283,1.3,MAKUL
2025,28100.0,1591.0,130.0,,11.5,,4394.0,1806.0,1615.0,,5.0,,4.0,15946.0,Hyundai,Otomatik,Benzin,SUV,Önden Çekiş,Galeriden,1550000.0,1590826,1550000,-40826,-2.6,MAKUL
2020,164000.0,1591.0,130.0,,11.5,,4394.0,1806.0,1615.0,,5.0,,4.0,15946.0,Hyundai,Otomatik,Dizel,SUV,AWD (Elektronik),Galeriden,1700000.0,1726495,1700000,-26495,-1.5,MAKUL
2020,47000.0,1598.0,136.0,,9.8,,4165.0,1800.0,1565.0,,5.0,,4.0,16069.0,Hyundai,Yarı Otomatik,Dizel,SUV,Önden Çekiş,Sahibinden,1580000.0,1563761,1580000,16238,1.0,MAKUL
2013,168000.0,1591.0,135.0,,11.1,,4410.0,1820.0,1670.0,,5.0,,4.0,15191.0,Hyundai,Düz,LPG & Benzin,SUV,Önden Çekiş,Sahibinden,1060000.0,1045845,1060000,14154,1.4,MAKUL
2012,156000.0,1591.0,135.0,,11.1,,4410.0,1820.0,1670.0,,5.0,,4.0,15191.0,Hyundai,Düz,Benzin,SUV,Önden Çekiş,Sahibinden,850000.0,920368,850000,-70368,-7.6,MAKUL
2025,9000.0,1591.0,130.0,,11.5,,4394.0,1806.0,1615.0,,5.0,,4.0,15946.0,Hyundai,Otomatik,Benzin,SUV,Önden Çekiş,Sahibinden,2420000.0,2353822,2420000,66177,2.8,MAKUL
2020,110000.0,1598.0,136.0,,11.8,,4480.0,1850.0,1660.0,,5.0,,4.0,17340.0,Hyundai,Yarı Otomatik,Dizel,SUV,Önden Çekiş,Sahibinden,1750000.0,1777576,1750000,-27576,-1.6,MAKUL
2013,170000.0,1591.0,135.0,,11.1,,4410.0,1820.0,1670.0,,5.0,,4.0,13470.0,Hyundai,Düz,Benzin,SUV,Önden Çekiş,Sahibinden,1180000.0,1115752,1180000,64247,5.8,MAKUL
2020,76000.0,1598.0,136.0,,11.8,,4480.0,1850.0,1660.0,,5.0,,4.0,19205.0,Hyundai,Yarı Otomatik,Dizel,SUV,Önden Çekiş,Sahibinden,1705000.0,1765100,1705000,-60100,-3.4,MAKUL
2021,45000.0,1368.0,100.0,,12.6,,4180.0,1775.0,1500.0,,5.0,,4.0,11984.0,Hyundai,Düz,Benzin,SUV,Önden Çekiş,Sahibinden,1045000.0,1056337,1045000,-11337,-1.1,MAKUL
2018,188000.0,1591.0,177.0,,9.1,,4475.0,1850.0,1660.0,,5.0,,4.0,20481.0,Hyundai,Yarı Otomatik,Benzin,SUV,4WD (Sürekli),Sahibinden,1445000.0,1464621,1445000,-19621,-1.3,MAKUL
2017,135000.0,1591.0,132.0,,11.5,,4475.0,1850.0,1660.0,,5.0,,4.0,16927.0,Hyundai,Düz,Benzin,SUV,Önden Çekiş,Sahibinden,1320000.0,1323599,1320000,-3599,-0.3,MAKUL
2015,168500.0,1591.0,177.0,,9.2,,4475.0,1850.0,1660.0,,5.0,,4.0,20481.0,Hyundai,Düz,LPG & Benzin,SUV,Önden Çekiş,Sahibinden,1390000.0,1385617,1390000,4382,0.3,MAKUL
2013,173000.0,1591.0,135.0,,11.1,,4410.0,1820.0,1670.0,,5.0,,4.0,13470.0,Hyundai,Otomatik,Benzin,SUV,Önden Çekiş,Sahibinden,1035000.0,1057944,1035000,-22944,-2.2,MAKUL
2009,190000.0,1991.0,112.0,,13.8,,4325.0,1830.0,1730.0,,5.0,,4.0,15946.0,Hyundai,Düz,Dizel,SUV,Önden Çekiş,Sahibinden,815000.0,817552,815000,-2552,-0.3,MAKUL
2011,232000.0,1591.0,135.0,,11.1,,4410.0,1820.0,1670.0,,5.0,,4.0,15191.0,Hyundai,Düz,LPG & Benzin,SUV,Önden Çekiş,Sahibinden,865000.0,847848,865000,17151,2.0,MAKUL
2022,22500.0,998.0,100.0,,11.7,,4180.0,1775.0,1500.0,,5.0,,3.0,12784.0,Hyundai,Yarı Otomatik,Benzin,SUV,Önden Çekiş,Sahibinden,1385000.0,1405188,1385000,-20188,-1.4,MAKUL
2015,118000.0,1591.0,132.0,,12.1,,4475.0,1850.0,1660.0,,5.0,,4.0,17784.0,Hyundai,Otomatik,Benzin,SUV,Önden Çekiş,Galeriden,1475000.0,1459579,1475000,15420,1.1,MAKUL
2015,57500.0,1591.0,177.0,,9.2,,4475.0,1850.0,1660.0,,5.0,,4.0,20481.0,Hyundai,Düz,Benzin,SUV,Önden Çekiş,Galeriden,1599999.0,1590299,1599999,9699,0.6,MAKUL
2020,88000.0,1598.0,136.0,,11.8,,4480.0,1850.0,1660.0,,5.0,,4.0,19205.0,Hyundai,Yarı Otomatik,Dizel,SUV,4WD (Sürekli),Sahibinden,2120000.0,2109193,2120000,10806,0.5,MAKUL
2023,27000.0,1598.0,136.0,,11.6,,4500.0,1865.0,1650.0,,5.0,,4.0,15556.0,Hyundai,Yarı Otomatik,Dizel,SUV,4WD (Sürekli),Sahibinden,2560000.0,2703144,2560000,-143144,-5.3,MAKUL
2022,88128.0,998.0,120.0,,11.0,,4205.0,1800.0,1550.0,,5.0,,3.0,14658.0,Hyundai,Otomatik,Benzin,SUV,Önden Çekiş,Sahibinden,1330000.0,1384732,1330000,-54732,-4.0,MAKUL
2016,99800.0,1591.0,177.0,,9.1,,4475.0,1850.0,1660.0,,5.0,,4.0,16927.0,Hyundai,Yarı Otomatik,LPG & Benzin,SUV,Önden Çekiş,Sahibinden,1470000.0,1556747,1470000,-86747,-5.6,MAKUL
2024,12500.0,1598.0,136.0,,11.4,,4500.0,1865.0,1650.0,,5.0,,4.0,18370.0,Hyundai,Yarı Otomatik,Dizel,SUV,Önden Çekiş,Sahibinden,2390000.0,2412804,2390000,-22804,-0.9,MAKUL
2022,79000.0,1591.0,130.0,,11.5,,4394.0,1806.0,1615.0,,5.0,,4.0,15946.0,Hyundai,Otomatik,Dizel,SUV,Arkadan İtiş,Sahibinden,2250000.0,2242148,2250000,7851,0.4,MAKUL
2022,42500.0,1598.0,136.0,,11.4,,4500.0,1865.0,1650.0,,5.0,,4.0,16541.0,Hyundai,Yarı Otomatik,Dizel,SUV,Önden Çekiş,Sahibinden,2300000.0,2273733,2300000,26266,1.2,MAKUL
2011,169074.0,1591.0,135.0,,11.1,,4410.0,1820.0,1670.0,,5.0,,4.0,15191.0,Hyundai,Düz,Benzin,SUV,Önden Çekiş,Sahibinden,950000.0,933051,950000,16948,1.8,MAKUL
2015,96000.0,1591.0,135.0,,11.1,,4410.0,1820.0,1670.0,,5.0,,4.0,13470.0,Hyundai,Düz,Benzin,SUV,Önden Çekiş,Sahibinden,1270000.0,1258206,1270000,11793,0.9,MAKUL
2006,227000.0,1991.0,126.0,,11.5,,4500.0,1845.0,1710.0,,5.0,,4.0,15946.0,Hyundai,Otomatik,Dizel,SUV,4WD (Sürekli),Sahibinden,600000.0,618065,600000,-18065,-2.9,MAKUL
2020,74000.0,1598.0,136.0,,11.8,,4480.0,1850.0,1660.0,,5.0,,4.0,17340.0,Hyundai,Yarı Otomatik,Dizel,SUV,Önden Çekiş,Sahibinden,1720000.0,1773233,1720000,-53233,-3.0,MAKUL
2019,125000.0,1598.0,136.0,,11.8,,4480.0,1850.0,1660.0,,5.0,,4.0,17340.0,Hyundai,Yarı Otomatik,Dizel,SUV,4WD (Sürekli),Sahibinden,1930000.0,1922900,1930000,7099,0.4,MAKUL
2020,20000.0,1598.0,136.0,,9.8,,4165.0,1800.0,1565.0,,5.0,,4.0,16069.0,Hyundai,Yarı Otomatik,Dizel,SUV,Önden Çekiş,Sahibinden,1685000.0,1709266,1685000,-24266,-1.4,MAKUL
2020,39000.0,1598.0,136.0,,11.8,,4480.0,1850.0,1660.0,,5.0,,4.0,17340.0,Hyundai,Yarı Otomatik,Dizel,SUV,4WD (Sürekli),Sahibinden,1992000.0,2013238,1992000,-21238,-1.1,MAKUL
2024,17000.0,1598.0,136.0,,11.4,,4500.0,1865.0,1650.0,,5.0,,4.0,16541.0,Hyundai,Yarı Otomatik,Dizel,SUV,Önden Çekiş,Sahibinden,2699000.0,2693274,2699000,5725,0.2,MAKUL
2025,6004.0,998.0,100.0,,12.4,,4180.0,1775.0,1500.0,,5.0,,3.0,12704.0,Hyundai,Yarı Otomatik,Benzin,SUV,Önden Çekiş,Sahibinden,1720000.0,1691033,1720000,28966,1.7,MAKUL
2020,93000.0,1598.0,136.0,,11.8,,4480.0,1850.0,1660.0,,5.0,,4.0,17340.0,Hyundai,Yarı Otomatik,Dizel,SUV,Önden Çekiş,Sahibinden,1850000.0,1817520,1850000,32479,1.8,MAKUL
2013,152555.0,1591.0,135.0,,11.1,,4410.0,1820.0,1670.0,,5.0,,4.0,15191.0,Hyundai,Düz,LPG & Benzin,SUV,Önden Çekiş,Galeriden,985000.0,1001253,985000,-16253,-1.6,MAKUL
2008,270000.0,1991.0,112.0,,16.1,,4325.0,1830.0,1730.0,,5.0,,4.0,15946.0,Hyundai,Otomatik,Dizel,SUV,Önden Çekiş,Sahibinden,640000.0,642731,640000,-2731,-0.4,MAKUL
2022,43000.0,1591.0,130.0,,11.5,,4394.0,1806.0,1615.0,,5.0,,4.0,15946.0,Hyundai,Otomatik,Elektrik,SUV,AWD (Elektronik),Galeriden,2460000.0,2421161,2460000,38838,1.6,MAKUL
2024,19500.0,1368.0,100.0,,13.7,,4180.0,1775.0,1500.0,,5.0,,4.0,12006.0,Hyundai,Otomatik,Benzin,SUV,Önden Çekiş,Galeriden,1489500.0,1388153,1489500,101346,7.3,MAKUL
2015,140000.0,1591.0,135.0,,11.1,,4410.0,1820.0,1670.0,,5.0,,4.0,14838.0,Hyundai,Düz,Benzin,SUV,Önden Çekiş,Sahibinden,1275000.0,1216019,1275000,58980,4.9,MAKUL
2020,57000.0,1598.0,136.0,,9.8,,4165.0,1800.0,1565.0,,5.0,,4.0,16069.0,Hyundai,Yarı Otomatik,Dizel,SUV,Önden Çekiş,Sahibinden,1480000.0,1472849,1480000,7150,0.5,MAKUL
2021,70000.0,1598.0,136.0,,11.4,,4500.0,1865.0,1650.0,,5.0,,4.0,18370.0,Hyundai,Yarı Otomatik,Dizel,SUV,Önden Çekiş,Sahibinden,1950000.0,1971040,1950000,-21040,-1.1,MAKUL
2022,35000.0,1598.0,180.0,,8.8,,4500.0,1865.0,1650.0,,5.0,,4.0,16819.0,Hyundai,Yarı Otomatik,Benzin,SUV,Önden Çekiş,Sahibinden,1920000.0,1924386,1920000,-4386,-0.2,MAKUL
2021,36000.0,998.0,120.0,,11.0,,4205.0,1800.0,1550.0,,5.0,,3.0,14658.0,Hyundai,Otomatik,Benzin,SUV,Önden Çekiş,Sahibinden,1390000.0,1402069,1390000,-12069,-0.9,MAKUL
2014,145000.0,1591.0,135.0,,11.1,,4410.0,1820.0,1670.0,,5.0,,4.0,11708.0,Hyundai,Düz,Benzin,SUV,Önden Çekiş,Sahibinden,965000.0,1019998,965000,-54998,-5.4,MAKUL
2017,130000.0,1591.0,177.0,,9.1,,4475.0,1850.0,1660.0,,5.0,,4.0,16927.0,Hyundai,Yarı Otomatik,Benzin,SUV,Önden Çekiş,Sahibinden,1620000.0,1639330,1620000,-19330,-1.2,MAKUL
2021,67500.0,1598.0,136.0,,11.4,,4500.0,1865.0,1650.0,,5.0,,4.0,16541.0,Hyundai,Yarı Otomatik,Dizel,SUV,Önden Çekiş,Sahibinden,2180000.0,2122872,2180000,57127,2.7,MAKUL
2023,32000.0,1598.0,136.0,,11.6,,4500.0,1865.0,1650.0,,5.0,,4.0,15556.0,Hyundai,Yarı Otomatik,Dizel,SUV,4WD (Sürekli),Sahibinden,2600000.0,2671246,2600000,-71246,-2.7,MAKUL
2005,259000.0,1991.0,113.0,,11.5,,4325.0,1795.0,1680.0,,5.0,,4.0,15946.0,Hyundai,Otomatik,Dizel,SUV,Önden Çekiş,Sahibinden,555000.0,571041,555000,-16041,-2.8,MAKUL
2020,85000.0,1598.0,136.0,,11.8,,4480.0,1850.0,1660.0,,5.0,,4.0,17340.0,Hyundai,Yarı Otomatik,Dizel,SUV,Önden Çekiş,Sahibinden,1445000.0,1665308,1445000,-220308,-13.2,FIRSAT
2024,16600.0,998.0,100.0,,12.4,,4180.0,1775.0,1500.0,,5.0,,3.0,12704.0,Hyundai,Yarı Otomatik,Benzin,SUV,Önden Çekiş,Galeriden,1520000.0,1396914,1520000,123085,8.8,MAKUL
2024,39000.0,1598.0,136.0,,11.6,,4500.0,1865.0,1650.0,,5.0,,4.0,15556.0,Hyundai,Yarı Otomatik,Dizel,SUV,4WD (Sürekli),Galeriden,2749000.0,2717014,2749000,31985,1.2,MAKUL
2016,130000.0,1591.0,130.0,,11.5,,4394.0,1806.0,1615.0,,5.0,,4.0,15946.0,Hyundai,Otomatik,Benzin,SUV,AWD (Elektronik),Galeriden,1635000.0,1634847,1635000,152,0.0,MAKUL
2006,351000.0,1991.0,113.0,,17.0,,4500.0,1845.0,1710.0,,5.0,,4.0,15946.0,Hyundai,Otomatik,Dizel,SUV,4WD (Sürekli),Sahibinden,450000.0,525237,450000,-75237,-14.3,FIRSAT
2023,19500.0,1598.0,180.0,,8.8,,4500.0,1865.0,1650.0,,5.0,,4.0,18370.0,Hyundai,Yarı Otomatik,Benzin,SUV,Önden Çekiş,Sahibinden,2315000.0,2188133,2315000,126866,5.8,MAKUL
2020,33000.0,1591.0,130.0,,11.5,,4394.0,1806.0,1615.0,,5.0,,4.0,15946.0,Hyundai,Otomatik,Dizel,SUV,Önden Çekiş,Sahibinden,1550000.0,1658360,1550000,-108360,-6.5,MAKUL
2006,312000.0,1991.0,112.0,,16.1,,4325.0,1830.0,1730.0,,5.0,,4.0,15946.0,Hyundai,Otomatik,Dizel,SUV,Önden Çekiş,Sahibinden,550000.0,526750,550000,23249,4.4,MAKUL
2022,74500.0,1368.0,100.0,,13.7,,4180.0,1775.0,1500.0,,5.0,,4.0,11984.0,Hyundai,Otomatik,Benzin,SUV,Önden Çekiş,Sahibinden,1270000.0,1250640,1270000,19359,1.5,MAKUL
2016,103000.0,1591.0,177.0,,9.1,,4475.0,1850.0,1660.0,,5.0,,4.0,20481.0,Hyundai,Yarı Otomatik,LPG & Benzin,SUV,4WD (Sürekli),Sahibinden,1370000.0,1418896,1370000,-48896,-3.4,MAKUL
2014,155000.0,1591.0,135.0,,11.1,,4410.0,1820.0,1670.0,,5.0,,4.0,13470.0,Hyundai,Düz,LPG & Benzin,SUV,Önden Çekiş,Sahibinden,1070000.0,1075475,1070000,-5475,-0.5,MAKUL
2013,170000.0,1591.0,135.0,,11.1,,4410.0,1820.0,1670.0,,5.0,,4.0,13470.0,Hyundai,Düz,LPG & Benzin,SUV,Önden Çekiş,Sahibinden,1040000.0,1048788,1040000,-8788,-0.8,MAKUL
2018,91500.0,1598.0,136.0,,11.8,,4480.0,1850.0,1660.0,,5.0,,4.0,17340.0,Hyundai,Yarı Otomatik,Dizel,SUV,4WD (Sürekli),Sahibinden,1820000.0,1833048,1820000,-13048,-0.7,MAKUL
2020,61000.0,1598.0,136.0,,11.8,,4480.0,1850.0,1660.0,,5.0,,4.0,17340.0,Hyundai,Yarı Otomatik,Dizel,SUV,Önden Çekiş,Sahibinden,2000000.0,1989563,2000000,10436,0.5,MAKUL
2024,26000.0,1598.0,180.0,,8.8,,4500.0,1865.0,1650.0,,5.0,,4.0,16819.0,Hyundai,Yarı Otomatik,Benzin,SUV,Önden Çekiş,Sahibinden,2150000.0,2083020,2150000,66979,3.2,MAKUL
2023,18100.0,1598.0,180.0,,8.8,,4500.0,1865.0,1650.0,,5.0,,4.0,18370.0,Hyundai,Yarı Otomatik,Benzin,SUV,Önden Çekiş,Sahibinden,2100000.0,2189610,2100000,-89610,-4.1,MAKUL
2023,13500.0,1598.0,180.0,,8.8,,4500.0,1865.0,1650.0,,5.0,,4.0,18370.0,Hyundai,Yarı Otomatik,Benzin,SUV,Önden Çekiş,Sahibinden,2250000.0,2224398,2250000,25601,1.2,MAKUL
2023,13500.0,1598.0,180.0,,8.8,,4500.0,1865.0,1650.0,,5.0,,4.0,18370.0,Hyundai,Yarı Otomatik,Benzin,SUV,Önden Çekiş,Sahibinden,2250000.0,2224398,2250000,25601,1.2,MAKUL
2013,138000.0,1591.0,130.0,,11.5,,4394.0,1806.0,1615.0,,5.0,,4.0,15946.0,Hyundai,Düz,LPG & Benzin,SUV,Önden Çekiş,Sahibinden,960000.0,978725,960000,-18725,-1.9,MAKUL
2022,120000.0,1598.0,136.0,,11.4,,4500.0,1865.0,1650.0,,5.0,,4.0,18370.0,Hyundai,Yarı Otomatik,Dizel,SUV,Önden Çekiş,Sahibinden,1780000.0,1772664,1780000,7335,0.4,MAKUL
2023,14000.0,1591.0,130.0,,11.5,,4394.0,1806.0,1615.0,,5.0,,4.0,15946.0,Hyundai,Otomatik,Benzin,SUV,Önden Çekiş,Sahibinden,1395000.0,1490388,1395000,-95388,-6.4,MAKUL
2020,65000.0,1598.0,136.0,,9.8,,4165.0,1800.0,1565.0,,5.0,,4.0,16069.0,Hyundai,Yarı Otomatik,Dizel,SUV,Önden Çekiş,Sahibinden,1570000.0,1522536,1570000,47463,3.1,MAKUL
2023,9000.0,1598.0,136.0,,11.6,,4500.0,1865.0,1650.0,,5.0,,4.0,15556.0,Hyundai,Yarı Otomatik,Dizel,SUV,4WD (Sürekli),Sahibinden,2925000.0,2897428,2925000,27571,1.0,MAKUL
2024,17400.0,1598.0,180.0,,8.8,,4500.0,1865.0,1650.0,,5.0,,4.0,16819.0,Hyundai,Yarı Otomatik,Benzin,SUV,Önden Çekiş,Sahibinden,2125000.0,2127192,2125000,-2192,-0.1,MAKUL
2023,21000.0,1598.0,136.0,,11.6,,4500.0,1865.0,1650.0,,5.0,,4.0,15556.0,Hyundai,Yarı Otomatik,Dizel,SUV,4WD (Sürekli),Sahibinden,2639000.0,2641874,2639000,-2874,-0.1,MAKUL
2024,47000.0,1591.0,130.0,,11.5,,4394.0,1806.0,1615.0,,5.0,,4.0,15946.0,Hyundai,Otomatik,Benzin,SUV,Önden Çekiş,Galeriden,1378000.0,1495268,1378000,-117268,-7.8,MAKUL
2023,82000.0,1368.0,100.0,,13.7,,4180.0,1775.0,1500.0,,5.0,,4.0,11984.0,Hyundai,Otomatik,Benzin,SUV,Önden Çekiş,Galeriden,1185950.0,1254399,1185950,-68449,-5.5,MAKUL
2024,40000.0,1598.0,136.0,,11.6,,4500.0,1865.0,1650.0,,5.0,,4.0,15556.0,Hyundai,Yarı Otomatik,Dizel,SUV,4WD (Sürekli),Galeriden,2550000.0,2570268,2550000,-20268,-0.8,MAKUL
2023,35000.0,1598.0,136.0,,11.6,,4500.0,1865.0,1650.0,,5.0,,4.0,15556.0,Hyundai,Yarı Otomatik,Dizel,SUV,4WD (Sürekli),Galeriden,2495000.0,2513001,2495000,-18001,-0.7,MAKUL
2019,164000.0,1591.0,130.0,,11.5,,4394.0,1806.0,1615.0,,5.0,,4.0,15946.0,Hyundai,Otomatik,Dizel,SUV,Önden Çekiş,Galeriden,1750000.0,1570414,1750000,179585,11.4,PAHALI
2015,101000.0,1591.0,135.0,,11.1,,4410.0,1820.0,1670.0,,5.0,,4.0,14838.0,Hyundai,Otomatik,Benzin,SUV,Önden Çekiş,Galeriden,1198000.0,1237892,1198000,-39892,-3.2,MAKUL
2012,98500.0,1591.0,130.0,,11.5,,4394.0,1806.0,1615.0,,5.0,,4.0,15946.0,Hyundai,Düz,Benzin,SUV,Önden Çekiş,Galeriden,1150000.0,1121382,1150000,28617,2.6,MAKUL
2022,129187.0,1598.0,136.0,,11.4,,4500.0,1865.0,1650.0,,5.0,,4.0,18370.0,Hyundai,Yarı Otomatik,Dizel,SUV,Önden Çekiş,Galeriden,1895000.0,1895122,1895000,-122,-0.0,MAKUL
2023,37000.0,1368.0,100.0,,13.7,,4180.0,1775.0,1500.0,,5.0,,4.0,12006.0,Hyundai,Otomatik,LPG & Benzin,SUV,Önden Çekiş,Galeriden,1470000.0,1409278,1470000,60721,4.3,MAKUL
2015,56000.0,1591.0,135.0,,11.1,,4410.0,1820.0,1670.0,,5.0,,4.0,13470.0,Hyundai,Otomatik,LPG & Benzin,SUV,Önden Çekiş,Galeriden,1395000.0,1400367,1395000,-5367,-0.4,MAKUL
2021,6100.0,1368.0,100.0,,13.7,,4180.0,1775.0,1500.0,,5.0,,4.0,12006.0,Hyundai,Otomatik,Benzin,SUV,Önden Çekiş,Galeriden,1450000.0,1403470,1450000,46529,3.3,MAKUL
2021,20000.0,1368.0,100.0,,13.7,,4180.0,1775.0,1500.0,,5.0,,4.0,12006.0,Hyundai,Otomatik,Benzin,SUV,Önden Çekiş,Galeriden,1345000.0,1347670,1345000,-2670,-0.2,MAKUL
2016,155000.0,1591.0,130.0,,11.5,,4394.0,1806.0,1615.0,,5.0,,4.0,15946.0,Hyundai,Otomatik,LPG & Benzin,SUV,AWD (Elektronik),Galeriden,1630000.0,1618332,1630000,11667,0.7,MAKUL
2024,21000.0,1598.0,180.0,,8.8,,4500.0,1865.0,1650.0,,5.0,,4.0,16819.0,Hyundai,Yarı Otomatik,Benzin,SUV,Önden Çekiş,Galeriden,2065000.0,2076196,2065000,-11196,-0.5,MAKUL
2024,23500.0,1368.0,100.0,,13.7,,4180.0,1775.0,1500.0,,5.0,,4.0,12784.0,Hyundai,Otomatik,Benzin,SUV,Önden Çekiş,Galeriden,1485000.0,1472398,1485000,12601,0.9,MAKUL
2020,136381.0,1591.0,130.0,,11.5,,4394.0,1806.0,1615.0,,5.0,,4.0,15946.0,Hyundai,Otomatik,Dizel,SUV,Önden Çekiş,Yetkili Bayiden,1739500.0,1738443,1739500,1056,0.1,MAKUL
2019,128000.0,1591.0,130.0,,11.5,,4394.0,1806.0,1615.0,,5.0,,4.0,15946.0,Hyundai,Otomatik,Dizel,SUV,Önden Çekiş,Galeriden,1525000.0,1535877,1525000,-10877,-0.7,MAKUL
2012,166000.0,1591.0,130.0,,11.5,,4394.0,1806.0,1615.0,,5.0,,4.0,15946.0,Hyundai,Düz,LPG & Benzin,SUV,Önden Çekiş,Galeriden,985000.0,986166,985000,-1166,-0.1,MAKUL
2025,6400.0,1598.0,180.0,,8.8,,4500.0,1865.0,1650.0,,5.0,,4.0,16819.0,Hyundai,Yarı Otomatik,Benzin,SUV,Önden Çekiş,Galeriden,2170000.0,2159551,2170000,10448,0.5,MAKUL
2022,170000.0,1368.0,100.0,,13.7,,4180.0,1775.0,1500.0,,5.0,,4.0,11984.0,Hyundai,Otomatik,Benzin,SUV,Önden Çekiş,Galeriden,1075000.0,1086536,1075000,-11536,-1.1,MAKUL
2024,35199.0,1591.0,130.0,,11.5,,4394.0,1806.0,1615.0,,5.0,,4.0,15946.0,Hyundai,Otomatik,Dizel,SUV,Önden Çekiş,Galeriden,2465000.0,2461967,2465000,3032,0.1,MAKUL
2003,403000.0,1991.0,112.0,,14.9,,4500.0,1845.0,1730.0,,5.0,,4.0,15946.0,Hyundai,Düz,Dizel,SUV,4WD (Sürekli),Galeriden,435000.0,437275,435000,-2275,-0.5,MAKUL
2005,355000.0,1975.0,141.0,,11.5,,4325.0,1795.0,1680.0,,5.0,,4.0,15946.0,Hyundai,Düz,LPG & Benzin,SUV,4WD (Sürekli),Galeriden,515000.0,513892,515000,1107,0.2,MAKUL
2019,94000.0,1591.0,130.0,,11.5,,4394.0,1806.0,1615.0,,5.0,,4.0,15946.0,Hyundai,Otomatik,Dizel,SUV,AWD (Elektronik),Galeriden,1825000.0,1847232,1825000,-22232,-1.2,MAKUL
2024,34000.0,1598.0,136.0,,11.6,,4500.0,1865.0,1650.0,,5.0,,4.0,15556.0,Hyundai,Yarı Otomatik,Dizel,SUV,4WD (Sürekli),Galeriden,2700000.0,2699070,2700000,929,0.0,MAKUL
2023,73000.0,1598.0,136.0,,11.4,,4500.0,1865.0,1650.0,,5.0,,4.0,16541.0,Hyundai,Yarı Otomatik,Dizel,SUV,Önden Çekiş,Galeriden,2320000.0,2298223,2320000,21776,0.9,MAKUL
2025,6001.0,1598.0,136.0,,11.4,,4500.0,1865.0,1650.0,,5.0,,4.0,18370.0,Hyundai,Yarı Otomatik,Dizel,SUV,Önden Çekiş,Galeriden,2725000.0,2631839,2725000,93160,3.5,MAKUL
2023,43000.0,1368.0,100.0,,13.7,,4180.0,1775.0,1500.0,,5.0,,4.0,12006.0,Hyundai,Otomatik,Benzin,SUV,Önden Çekiş,Galeriden,1379999.0,1453079,1379999,-73080,-5.0,MAKUL
2013,145000.0,1591.0,135.0,,11.1,,4410.0,1820.0,1670.0,,5.0,,4.0,13470.0,Hyundai,Düz,Benzin,SUV,Önden Çekiş,Sahibinden,1050000.0,1078996,1050000,-28996,-2.7,MAKUL
2023,43000.0,1598.0,180.0,,8.8,,4500.0,1865.0,1650.0,,5.0,,4.0,18370.0,Hyundai,Yarı Otomatik,Benzin,SUV,Önden Çekiş,Galeriden,2110000.0,2104197,2110000,5802,0.3,MAKUL
2012,172000.0,1591.0,135.0,,11.1,,4410.0,1820.0,1670.0,,5.0,,4.0,15191.0,Hyundai,Düz,Benzin,SUV,Önden Çekiş,Sahibinden,935000.0,915774,935000,19225,2.1,MAKUL
2023,47000.0,1591.0,136.0,,9.9,,4205.0,1800.0,1570.0,,5.0,,4.0,14658.0,Hyundai,Otomatik,Elektrik,SUV,Önden Çekiş,Galeriden,1435000.0,1446009,1435000,-11009,-0.8,MAKUL
2021,74786.0,1591.0,130.0,,11.5,,4394.0,1806.0,1615.0,,5.0,,4.0,15946.0,Hyundai,Otomatik,Dizel,SUV,AWD (Elektronik),Galeriden,2050000.0,2103427,2050000,-53427,-2.5,MAKUL
2022,117000.0,1591.0,130.0,,11.5,,4394.0,1806.0,1615.0,,5.0,,4.0,15946.0,Hyundai,Otomatik,Dizel,SUV,AWD (Elektronik),Galeriden,2075000.0,2089303,2075000,-14303,-0.7,MAKUL
2021,88000.0,1591.0,130.0,,11.5,,4394.0,1806.0,1615.0,,5.0,,4.0,15946.0,Hyundai,Otomatik,Dizel,SUV,Önden Çekiş,Galeriden,2050000.0,2024091,2050000,25908,1.3,MAKUL
2022,76467.0,1598.0,180.0,,8.8,,4500.0,1865.0,1650.0,,5.0,,4.0,18370.0,Hyundai,Yarı Otomatik,Benzin,SUV,Önden Çekiş,Yetkili Bayiden,1929000.0,1936702,1929000,-7702,-0.4,MAKUL
2020,82000.0,1591.0,130.0,,11.5,,4394.0,1806.0,1615.0,,5.0,,4.0,15946.0,Hyundai,Otomatik,Dizel,SUV,Önden Çekiş,Galeriden,1525000.0,1671966,1525000,-146966,-8.8,MAKUL
2020,87500.0,1591.0,130.0,,11.5,,4394.0,1806.0,1615.0,,5.0,,4.0,15946.0,Hyundai,Otomatik,Dizel,SUV,Önden Çekiş,Galeriden,1245000.0,1640826,1245000,-395826,-24.1,FIRSAT
2024,53000.0,1368.0,100.0,,13.7,,4180.0,1775.0,1500.0,,5.0,,4.0,12006.0,Hyundai,Otomatik,Benzin,SUV,Önden Çekiş,Galeriden,1499000.0,1286999,1499000,212000,16.5,PAHALI
2024,34000.0,1368.0,100.0,,13.7,,4180.0,1775.0,1500.0,,5.0,,4.0,11984.0,Hyundai,Otomatik,Benzin,SUV,Önden Çekiş,Galeriden,1310000.0,1317902,1310000,-7902,-0.6,MAKUL
2025,6001.0,1591.0,130.0,,11.5,,4394.0,1806.0,1615.0,,5.0,,4.0,15946.0,Hyundai,Otomatik,Benzin,SUV,Önden Çekiş,Galeriden,2420000.0,1854852,2420000,565147,30.5,PAHALI
2020,128000.0,1598.0,136.0,,11.8,,4480.0,1850.0,1660.0,,5.0,,4.0,19205.0,Hyundai,Yarı Otomatik,Dizel,SUV,Önden Çekiş,Galeriden,1648000.0,1666072,1648000,-18072,-1.1,MAKUL
2021,77100.0,998.0,120.0,,11.0,,4205.0,1800.0,1550.0,,5.0,,3.0,14658.0,Hyundai,Otomatik,Benzin,SUV,Önden Çekiş,Galeriden,1329000.0,1347012,1329000,-18012,-1.3,MAKUL
2022,106000.0,1598.0,136.0,,11.4,,4500.0,1865.0,1650.0,,5.0,,4.0,18370.0,Hyundai,Yarı Otomatik,Dizel,SUV,Önden Çekiş,Galeriden,1965000.0,1963450,1965000,1549,0.1,MAKUL
2023,64999.0,1368.0,100.0,,13.7,,4180.0,1775.0,1500.0,,5.0,,4.0,11984.0,Hyundai,Otomatik,Benzin,SUV,Önden Çekiş,Galeriden,1225000.0,1308334,1225000,-83334,-6.4,MAKUL
2023,68000.0,1598.0,136.0,,11.6,,4500.0,1865.0,1650.0,,5.0,,4.0,15556.0,Hyundai,Yarı Otomatik,Dizel,SUV,4WD (Sürekli),Galeriden,2455000.0,2426585,2455000,28414,1.2,MAKUL
2022,30000.0,1368.0,100.0,,13.7,,4180.0,1775.0,1500.0,,5.0,,4.0,12006.0,Hyundai,Otomatik,Benzin,SUV,Önden Çekiş,Galeriden,1380000.0,1317222,1380000,62777,4.8,MAKUL
2010,239000.0,1995.0,184.0,,10.1,,4410.0,1820.0,1670.0,,5.0,,4.0,11708.0,Hyundai,Otomatik,Dizel,SUV,4WD (Sürekli),Sahibinden,915000.0,813694,915000,101305,12.5,PAHALI
2013,270000.0,1591.0,135.0,,11.1,,4410.0,1820.0,1670.0,,5.0,,4.0,13470.0,Hyundai,Otomatik,LPG & Benzin,SUV,Önden Çekiş,Sahibinden,959000.0,958432,959000,567,0.1,MAKUL
2013,233400.0,1591.0,135.0,,11.1,,4410.0,1820.0,1670.0,,5.0,,4.0,13470.0,Hyundai,Otomatik,LPG & Benzin,SUV,Önden Çekiş,Sahibinden,1007000.0,1018506,1007000,-11506,-1.1,MAKUL
2025,6001.0,998.0,100.0,,12.4,,4180.0,1775.0,1500.0,,5.0,,3.0,12704.0,Hyundai,Yarı Otomatik,Benzin,SUV,Önden Çekiş,Sahibinden,1630000.0,1691033,1630000,-61033,-3.6,MAKUL
2023,102000.0,1598.0,136.0,,11.6,,4500.0,1865.0,1650.0,,5.0,,4.0,15556.0,Hyundai,Yarı Otomatik,Dizel,SUV,4WD (Sürekli),Sahibinden,2285000.0,2288022,2285000,-3022,-0.1,MAKUL
2020,56000.0,1598.0,136.0,,11.8,,4480.0,1850.0,1660.0,,5.0,,4.0,17340.0,Hyundai,Yarı Otomatik,Dizel,SUV,Önden Çekiş,Sahibinden,2100000.0,2055004,2100000,44995,2.2,MAKUL
2021,74000.0,1598.0,136.0,,11.4,,4500.0,1865.0,1650.0,,5.0,,4.0,18370.0,Hyundai,Yarı Otomatik,Dizel,SUV,Önden Çekiş,Sahibinden,1950000.0,1970438,1950000,-20438,-1.0,MAKUL
2023,43000.0,1598.0,136.0,,11.4,,4500.0,1865.0,1650.0,,5.0,,4.0,18370.0,Hyundai,Yarı Otomatik,Dizel,SUV,Önden Çekiş,Sahibinden,2089000.0,2099296,2089000,-10296,-0.5,MAKUL
2021,39000.0,1598.0,136.0,,11.4,,4500.0,1865.0,1650.0,,5.0,,4.0,18370.0,Hyundai,Yarı Otomatik,Dizel,SUV,Önden Çekiş,Sahibinden,2200000.0,2181033,2200000,18966,0.9,MAKUL
2024,26300.0,1598.0,136.0,,11.4,,4500.0,1865.0,1650.0,,5.0,,4.0,18370.0,Hyundai,Yarı Otomatik,Dizel,SUV,Önden Çekiş,Sahibinden,2265000.0,2283229,2265000,-18229,-0.8,MAKUL
2022,45000.0,1598.0,180.0,,8.8,,4500.0,1865.0,1650.0,,5.0,,4.0,18370.0,Hyundai,Yarı Otomatik,Benzin,SUV,Önden Çekiş,Sahibinden,2075000.0,2065713,2075000,9286,0.4,MAKUL
2025,6002.0,998.0,100.0,,12.4,,4180.0,1775.0,1500.0,,5.0,,3.0,12704.0,Hyundai,Yarı Otomatik,Benzin,SUV,Önden Çekiş,Sahibinden,1550000.0,1691033,1550000,-141033,-8.3,MAKUL
2016,263000.0,1591.0,177.0,,9.1,,4475.0,1850.0,1660.0,,5.0,,4.0,16927.0,Hyundai,Yarı Otomatik,Benzin,SUV,Önden Çekiş,Sahibinden,1300000.0,1360772,1300000,-60772,-4.5,MAKUL
2022,76000.0,1368.0,100.0,,13.7,,4180.0,1775.0,1500.0,,5.0,,4.0,12784.0,Hyundai,Otomatik,Benzin,SUV,Önden Çekiş,Sahibinden,1395000.0,1344942,1395000,50057,3.7,MAKUL
2022,51000.0,1598.0,180.0,,9.0,,4500.0,1865.0,1650.0,,5.0,,4.0,18370.0,Hyundai,Yarı Otomatik,Benzin,SUV,4WD (Sürekli),Sahibinden,2415000.0,2502692,2415000,-87692,-3.5,MAKUL
2017,76280.0,1591.0,132.0,,12.1,,4475.0,1850.0,1660.0,,5.0,,4.0,17784.0,Hyundai,Otomatik,Benzin,SUV,Önden Çekiş,Sahibinden,1715000.0,1679397,1715000,35602,2.1,MAKUL
2006,51000.0,1591.0,130.0,,11.5,,4394.0,1806.0,1615.0,,5.0,,4.0,15946.0,Hyundai,Düz,Dizel,Pick-Up,Arkadan İtiş,Sahibinden,550000.0,585291,550000,-35291,-6.0,MAKUL
2020,146000.0,1591.0,177.0,,7.9,,4165.0,1800.0,1565.0,,5.0,,4.0,15482.0,Hyundai,Yarı Otomatik,Benzin,SUV,4WD (Sürekli),Sahibinden,1315000.0,1310720,1315000,4279,0.3,MAKUL
2017,145000.0,1591.0,132.0,,12.1,,4475.0,1850.0,1660.0,,5.0,,4.0,17784.0,Hyundai,Otomatik,Benzin,SUV,Önden Çekiş,Sahibinden,1375000.0,1514947,1375000,-139947,-9.2,MAKUL
2019,155000.0,1598.0,136.0,,9.8,,4165.0,1800.0,1565.0,,5.0,,4.0,16069.0,Hyundai,Yarı Otomatik,Dizel,SUV,Önden Çekiş,Sahibinden,1200000.0,1220100,1200000,-20100,-1.6,MAKUL
2022,82000.0,1368.0,100.0,,13.7,,4180.0,1775.0,1500.0,,5.0,,4.0,11984.0,Hyundai,Otomatik,Benzin,SUV,Önden Çekiş,Galeriden,1250000.0,1245263,1250000,4736,0.4,MAKUL
2025,6001.0,998.0,100.0,,12.4,,4180.0,1775.0,1500.0,,5.0,,3.0,12704.0,Hyundai,Yarı Otomatik,Benzin,SUV,Önden Çekiş,Sahibinden,1580000.0,1691033,1580000,-111033,-6.6,MAKUL
2021,93000.0,1368.0,100.0,,13.7,,4180.0,1775.0,1500.0,,5.0,,4.0,12006.0,Hyundai,Otomatik,Benzin,SUV,Önden Çekiş,Galeriden,1299750.0,1239852,1299750,59897,4.8,MAKUL
2020,65000.0,998.0,120.0,,11.0,,4205.0,1800.0,1550.0,,5.0,,3.0,14658.0,Hyundai,Otomatik,Benzin,SUV,Önden Çekiş,Galeriden,1332000.0,1341523,1332000,-9523,-0.7,MAKUL
2013,247000.0,1995.0,184.0,,10.9,,4690.0,1880.0,1685.0,,7.0,,4.0,15946.0,Hyundai,Otomatik,Dizel,SUV,4WD (Sürekli),Galeriden,1150000.0,1096729,1150000,53270,4.9,MAKUL
2023,46000.0,1368.0,100.0,,13.7,,4180.0,1775.0,1500.0,,5.0,,4.0,12006.0,Hyundai,Otomatik,Benzin,SUV,Önden Çekiş,Galeriden,1385000.0,1456666,1385000,-71666,-4.9,MAKUL
2022,129000.0,1368.0,100.0,,13.7,,4180.0,1775.0,1500.0,,5.0,,4.0,11984.0,Hyundai,Otomatik,Benzin,SUV,Önden Çekiş,Galeriden,1099000.0,1121646,1099000,-22646,-2.0,MAKUL
2024,44000.0,1591.0,130.0,,11.5,,4394.0,1806.0,1615.0,,5.0,,4.0,15946.0,Hyundai,Otomatik,Benzin,SUV,Önden Çekiş,Galeriden,1425000.0,1610917,1425000,-185917,-11.5,FIRSAT
2020,87000.0,1598.0,136.0,,11.8,,4480.0,1850.0,1660.0,,5.0,,4.0,19205.0,Hyundai,Yarı Otomatik,Dizel,SUV,Önden Çekiş,Sahibinden,1499999.0,1820852,1499999,-320853,-17.6,FIRSAT
2024,21000.0,1591.0,130.0,,11.5,,4394.0,1806.0,1615.0,,5.0,,4.0,15946.0,Hyundai,Otomatik,Dizel,SUV,Önden Çekiş,Galeriden,2730000.0,2647498,2730000,82501,3.1,MAKUL
2022,49000.0,998.0,100.0,,11.7,,4180.0,1775.0,1500.0,,5.0,,3.0,12784.0,Hyundai,Yarı Otomatik,Benzin,SUV,Önden Çekiş,Sahibinden,1370000.0,1393394,1370000,-23394,-1.7,MAKUL
2015,79900.0,1591.0,177.0,,9.1,,4475.0,1850.0,1660.0,,5.0,,4.0,17784.0,Hyundai,Yarı Otomatik,Benzin,SUV,4WD (Sürekli),Sahibinden,1575000.0,1593574,1575000,-18574,-1.2,MAKUL
2025,7300.0,1591.0,130.0,,11.5,,4394.0,1806.0,1615.0,,5.0,,4.0,15946.0,Hyundai,Otomatik,Benzin,SUV,Önden Çekiş,Sahibinden,1475000.0,2313576,1475000,-838576,-36.2,FIRSAT
2019,171000.0,1598.0,136.0,,11.8,,4480.0,1850.0,1660.0,,5.0,,4.0,18029.0,Hyundai,Yarı Otomatik,Dizel,SUV,Önden Çekiş,Sahibinden,1675000.0,1664765,1675000,10234,0.6,MAKUL
2022,97000.0,1598.0,136.0,,11.4,,4500.0,1865.0,1650.0,,5.0,,4.0,18370.0,Hyundai,Yarı Otomatik,Dizel,SUV,Önden Çekiş,Galeriden,2038000.0,2017024,2038000,20975,1.0,MAKUL
2024,28000.0,1598.0,136.0,,11.4,,4500.0,1865.0,1650.0,,5.0,,4.0,18370.0,Hyundai,Yarı Otomatik,Dizel,SUV,Önden Çekiş,Sahibinden,2240000.0,2262927,2240000,-22927,-1.0,MAKUL
2013,222000.0,1591.0,135.0,,11.1,,4410.0,1820.0,1670.0,,5.0,,4.0,15191.0,Hyundai,Düz,LPG & Benzin,SUV,Önden Çekiş,Sahibinden,965000.0,943855,965000,21144,2.2,MAKUL
2013,120000.0,1591.0,135.0,,11.1,,4410.0,1820.0,1670.0,,5.0,,4.0,13470.0,Hyundai,Düz,Benzin,SUV,Önden Çekiş,Sahibinden,1150000.0,1117221,1150000,32778,2.9,MAKUL
2020,152000.0,1598.0,136.0,,9.9,,4205.0,1800.0,1550.0,,5.0,,4.0,14658.0,Hyundai,Yarı Otomatik,Dizel,SUV,Önden Çekiş,Galeriden,1295000.0,1305180,1295000,-10180,-0.8,MAKUL
2011,206000.0,1591.0,135.0,,11.1,,4410.0,1820.0,1670.0,,5.0,,4.0,15191.0,Hyundai,Düz,LPG & Benzin,SUV,Önden Çekiş,Sahibinden,870000.0,868749,870000,1250,0.1,MAKUL
2025,6500.0,998.0,100.0,,12.4,,4180.0,1775.0,1500.0,,5.0,,3.0,12704.0,Hyundai,Yarı Otomatik,Benzin,SUV,Önden Çekiş,Galeriden,1599900.0,1600273,1599900,-373,-0.0,MAKUL
2014,153000.0,1591.0,135.0,,11.1,,4410.0,1820.0,1670.0,,5.0,,4.0,13470.0,Hyundai,Otomatik,LPG & Benzin,SUV,Önden Çekiş,Galeriden,1060000.0,1115803,1060000,-55803,-5.0,MAKUL
2023,20000.0,1368.0,100.0,,13.7,,4180.0,1775.0,1500.0,,5.0,,4.0,12006.0,Hyundai,Otomatik,Benzin,SUV,Önden Çekiş,Galeriden,1445000.0,1384806,1445000,60193,4.3,MAKUL
2020,13000.0,1591.0,177.0,,8.9,,4480.0,1850.0,1660.0,,5.0,,4.0,19205.0,Hyundai,Yarı Otomatik,Benzin,SUV,Önden Çekiş,Galeriden,2015000.0,2018396,2015000,-3396,-0.2,MAKUL
2019,256000.0,1598.0,136.0,,11.8,,4480.0,1850.0,1660.0,,5.0,,4.0,18029.0,Hyundai,Yarı Otomatik,Dizel,SUV,Önden Çekiş,Galeriden,1475000.0,1485334,1475000,-10334,-0.7,MAKUL
2013,150000.0,1591.0,135.0,,11.1,,4410.0,1820.0,1670.0,,5.0,,4.0,11708.0,Hyundai,Düz,Benzin,SUV,Önden Çekiş,Sahibinden,1200000.0,1121995,1200000,78004,7.0,MAKUL
2022,58000.0,1598.0,136.0,,11.4,,4500.0,1865.0,1650.0,,5.0,,4.0,16541.0,Hyundai,Yarı Otomatik,Dizel,SUV,Önden Çekiş,Sahibinden,2350000.0,2311920,2350000,38079,1.6,MAKUL
2014,211933.0,1591.0,135.0,,11.1,,4410.0,1820.0,1670.0,,5.0,,4.0,13470.0,Hyundai,Düz,LPG & Benzin,SUV,Önden Çekiş,Sahibinden,989000.0,995911,989000,-6911,-0.7,MAKUL
2023,74000.0,1368.0,100.0,,13.7,,4180.0,1775.0,1500.0,,5.0,,4.0,11984.0,Hyundai,Otomatik,Benzin,SUV,Önden Çekiş,Sahibinden,1230000.0,1242064,1230000,-12064,-1.0,MAKUL
2021,45350.0,1598.0,180.0,,8.8,,4500.0,1865.0,1650.0,,5.0,,4.0,16819.0,Hyundai,Yarı Otomatik,Benzin,SUV,Önden Çekiş,Sahibinden,1845000.0,1847144,1845000,-2144,-0.1,MAKUL
2020,124300.0,1598.0,136.0,,11.8,,4480.0,1850.0,1660.0,,5.0,,4.0,17340.0,Hyundai,Yarı Otomatik,Dizel,SUV,Önden Çekiş,Sahibinden,1780000.0,1789220,1780000,-9220,-0.5,MAKUL
2023,28500.0,1368.0,100.0,,13.7,,4180.0,1775.0,1500.0,,5.0,,4.0,12006.0,Hyundai,Otomatik,Benzin,SUV,Önden Çekiş,Sahibinden,1315000.0,1264626,1315000,50373,4.0,MAKUL
2024,17000.0,1591.0,130.0,,11.5,,4394.0,1806.0,1615.0,,5.0,,4.0,15946.0,Hyundai,Otomatik,Dizel,SUV,4WD (Sürekli),Sahibinden,2880000.0,2846133,2880000,33866,1.2,MAKUL
2016,75700.0,1591.0,177.0,,9.1,,4475.0,1850.0,1660.0,,5.0,,4.0,20481.0,Hyundai,Yarı Otomatik,Benzin,SUV,4WD (Sürekli),Sahibinden,1800000.0,1778713,1800000,21286,1.2,MAKUL
2017,120000.0,1591.0,177.0,,9.1,,4475.0,1850.0,1660.0,,5.0,,4.0,16927.0,Hyundai,Yarı Otomatik,Benzin,SUV,Önden Çekiş,Sahibinden,1950000.0,1897112,1950000,52887,2.8,MAKUL
2022,15017.0,1368.0,100.0,,13.7,,4180.0,1775.0,1500.0,,5.0,,4.0,12784.0,Hyundai,Otomatik,Benzin,SUV,Önden Çekiş,Sahibinden,1520000.0,1500644,1520000,19355,1.3,MAKUL
2006,365000.0,1975.0,141.0,,11.5,,4325.0,1795.0,1680.0,,5.0,,4.0,15946.0,Hyundai,Düz,LPG & Benzin,SUV,4WD (Sürekli),Sahibinden,520000.0,525658,520000,-5658,-1.1,MAKUL
2018,78000.0,1591.0,177.0,,9.1,,4475.0,1850.0,1660.0,,5.0,,4.0,20481.0,Hyundai,Yarı Otomatik,Benzin,SUV,4WD (Sürekli),Sahibinden,1700000.0,1718073,1700000,-18073,-1.1,MAKUL
2015,89000.0,1591.0,132.0,,12.1,,4475.0,1850.0,1660.0,,5.0,,4.0,17784.0,Hyundai,Otomatik,Benzin,SUV,Önden Çekiş,Sahibinden,1485000.0,1497346,1485000,-12346,-0.8,MAKUL
2007,330000.0,2188.0,155.0,,11.3,,4650.0,1890.0,1725.0,,5.0,,4.0,15946.0,Hyundai,Otomatik,Dizel,SUV,4WD (Sürekli),Sahibinden,875000.0,896228,875000,-21228,-2.4,MAKUL
2022,47000.0,1368.0,100.0,,13.7,,4180.0,1775.0,1500.0,,5.0,,4.0,12784.0,Hyundai,Otomatik,Benzin,SUV,Önden Çekiş,Sahibinden,1449000.0,1439206,1449000,9793,0.7,MAKUL
2015,164000.0,1591.0,132.0,,12.1,,4475.0,1850.0,1660.0,,5.0,,4.0,17784.0,Hyundai,Otomatik,Benzin,SUV,Önden Çekiş,Sahibinden,1420000.0,1419682,1420000,317,0.0,MAKUL
2021,34000.0,1368.0,100.0,,13.7,,4180.0,1775.0,1500.0,,5.0,,4.0,12784.0,Hyundai,Otomatik,Benzin,SUV,Önden Çekiş,Sahibinden,1375000.0,1397640,1375000,-22640,-1.6,MAKUL
2024,23000.0,998.0,100.0,,12.4,,4180.0,1775.0,1500.0,,5.0,,3.0,12704.0,Hyundai,Yarı Otomatik,Benzin,SUV,Önden Çekiş,Sahibinden,1495000.0,1483822,1495000,11177,0.8,MAKUL
2024,49000.0,1598.0,136.0,,11.4,,4500.0,1865.0,1650.0,,5.0,,4.0,16541.0,Hyundai,Yarı Otomatik,Dizel,SUV,Önden Çekiş,Sahibinden,2430000.0,2429864,2430000,135,0.0,MAKUL
2018,140000.0,1598.0,136.0,,11.8,,4480.0,1850.0,1660.0,,5.0,,4.0,17340.0,Hyundai,Yarı Otomatik,Dizel,SUV,4WD (Sürekli),Sahibinden,1800000.0,1809651,1800000,-9651,-0.5,MAKUL
2023,9160.0,1368.0,100.0,,13.7,,4180.0,1775.0,1500.0,,5.0,,4.0,12784.0,Hyundai,Otomatik,Benzin,SUV,Önden Çekiş,Sahibinden,1650000.0,1606154,1650000,43845,2.7,MAKUL
2022,119000.0,1368.0,100.0,,13.7,,4180.0,1775.0,1500.0,,5.0,,4.0,11984.0,Hyundai,Otomatik,Benzin,SUV,Önden Çekiş,Galeriden,1095000.0,1210436,1095000,-115436,-9.5,MAKUL
2016,150000.0,1591.0,130.0,,11.5,,4394.0,1806.0,1615.0,,5.0,,4.0,15946.0,Hyundai,Otomatik,Benzin,SUV,AWD (Elektronik),Galeriden,1620000.0,1592970,1620000,27029,1.7,MAKUL
2015,200000.0,1591.0,177.0,,9.1,,4475.0,1850.0,1660.0,,5.0,,4.0,17784.0,Hyundai,Yarı Otomatik,LPG & Benzin,SUV,4WD (Sürekli),Galeriden,1390000.0,1421532,1390000,-31532,-2.2,MAKUL
2020,104000.0,1598.0,136.0,,11.8,,4480.0,1850.0,1660.0,,5.0,,4.0,17340.0,Hyundai,Yarı Otomatik,Dizel,SUV,4WD (Sürekli),Galeriden,2075000.0,2035818,2075000,39181,1.9,MAKUL
2016,90000.0,1591.0,130.0,,11.5,,4394.0,1806.0,1615.0,,5.0,,4.0,15946.0,Hyundai,Otomatik,Benzin,SUV,AWD (Elektronik),Galeriden,1680000.0,1685985,1680000,-5985,-0.4,MAKUL
2024,19500.0,1591.0,130.0,,11.5,,4394.0,1806.0,1615.0,,5.0,,4.0,15946.0,Hyundai,Otomatik,Dizel,SUV,Önden Çekiş,Galeriden,2540000.0,2586729,2540000,-46729,-1.8,MAKUL
2023,44000.0,1368.0,100.0,,13.7,,4180.0,1775.0,1500.0,,5.0,,4.0,11984.0,Hyundai,Otomatik,Benzin,SUV,Önden Çekiş,Galeriden,1575000.0,1486622,1575000,88377,5.9,MAKUL
2020,100000.0,1598.0,136.0,,11.8,,4480.0,1850.0,1660.0,,5.0,,4.0,17340.0,Hyundai,Yarı Otomatik,Dizel,SUV,4WD (Sürekli),Galeriden,1999999.0,2000073,1999999,-74,-0.0,MAKUL
2023,66000.0,1591.0,136.0,,9.9,,4205.0,1800.0,1570.0,,5.0,,4.0,14658.0,Hyundai,Otomatik,Elektrik,SUV,Önden Çekiş,Galeriden,1275000.0,1300770,1275000,-25770,-2.0,MAKUL
2022,143000.0,1598.0,230.0,,9.1,,4785.0,1900.0,1710.0,,7.0,,4.0,15946.0,Hyundai,Otomatik,Hibrit,SUV,4WD (Sürekli),Galeriden,2950000.0,2943195,2950000,6805,0.2,MAKUL
2013,232000.0,1591.0,135.0,,11.1,,4410.0,1820.0,1670.0,,5.0,,4.0,13470.0,Hyundai,Otomatik,LPG & Benzin,SUV,Önden Çekiş,Galeriden,1059900.0,1057454,1059900,2445,0.2,MAKUL
2020,128000.0,1598.0,136.0,,11.8,,4480.0,1850.0,1660.0,,5.0,,4.0,19205.0,Hyundai,Yarı Otomatik,Dizel,SUV,4WD (Sürekli),Galeriden,1460000.0,1519780,1460000,-59780,-3.9,MAKUL
2024,12000.0,1598.0,136.0,,11.4,,4500.0,1865.0,1650.0,,5.0,,4.0,18370.0,Hyundai,Yarı Otomatik,Dizel,SUV,Önden Çekiş,Sahibinden,2250000.0,2349426,2250000,-99426,-4.2,MAKUL
2012,183000.0,1591.0,135.0,,11.1,,4410.0,1820.0,1670.0,,5.0,,4.0,15191.0,Hyundai,Düz,Benzin,SUV,Önden Çekiş,Sahibinden,1100000.0,991747,1100000,108252,10.9,PAHALI
2008,222000.0,1991.0,112.0,,16.1,,4325.0,1830.0,1730.0,,5.0,,4.0,15946.0,Hyundai,Otomatik,Dizel,SUV,Önden Çekiş,Sahibinden,665000.0,667463,665000,-2463,-0.4,MAKUL
2013,187000.0,1591.0,135.0,,11.1,,4410.0,1820.0,1670.0,,5.0,,4.0,15191.0,Hyundai,Düz,LPG & Benzin,SUV,Önden Çekiş,Sahibinden,965000.0,969696,965000,-4696,-0.5,MAKUL
2012,181000.0,1591.0,135.0,,11.1,,4410.0,1820.0,1670.0,,5.0,,4.0,15191.0,Hyundai,Düz,Benzin,SUV,Önden Çekiş,Sahibinden,1050000.0,945128,1050000,104871,11.1,PAHALI
2022,80500.0,1368.0,100.0,,13.7,,4180.0,1775.0,1500.0,,5.0,,4.0,12006.0,Hyundai,Otomatik,Benzin,SUV,Önden Çekiş,Sahibinden,1175000.0,1179814,1175000,-4814,-0.4,MAKUL
2012,54160.0,1591.0,135.0,,11.1,,4410.0,1820.0,1670.0,,5.0,,4.0,15191.0,Hyundai,Düz,Benzin,SUV,Önden Çekiş,Sahibinden,1180000.0,1202122,1180000,-22122,-1.8,MAKUL
2012,360832.0,1591.0,135.0,,11.1,,4410.0,1820.0,1670.0,,5.0,,4.0,15191.0,Hyundai,Düz,Benzin,SUV,Önden Çekiş,Sahibinden,870000.0,863895,870000,6104,0.7,MAKUL
2025,13300.0,1598.0,160.0,,9.8,,4510.0,1865.0,1650.0,,5.0,,4.0,16819.0,Hyundai,Yarı Otomatik,Benzin,SUV,4WD (Sürekli),Sahibinden,2850000.0,2840000,2850000,9999,0.4,MAKUL
2019,214000.0,1598.0,136.0,,11.8,,4480.0,1850.0,1660.0,,5.0,,4.0,17340.0,Hyundai,Yarı Otomatik,Dizel,SUV,4WD (Sürekli),Sahibinden,1520000.0,1663953,1520000,-143953,-8.7,MAKUL
2025,7800.0,1591.0,170.0,,8.5,,4655.0,1890.0,1605.0,,5.0,,4.0,23608.0,Hyundai,Otomatik,Elektrik,SUV,4WD (Sürekli),Sahibinden,2165000.0,2158877,2165000,6122,0.3,MAKUL
2025,6001.0,1591.0,130.0,,11.5,,4394.0,1806.0,1615.0,,5.0,,4.0,15946.0,Hyundai,Otomatik,Benzin,SUV,Önden Çekiş,Sahibinden,2200000.0,2389210,2200000,-189210,-7.9,MAKUL
2025,6400.0,1591.0,130.0,,11.5,,4394.0,1806.0,1615.0,,5.0,,4.0,15946.0,Hyundai,Otomatik,Benzin,SUV,Önden Çekiş,Sahibinden,2175000.0,2297193,2175000,-122193,-5.3,MAKUL
2007,365000.0,2188.0,150.0,,11.3,,4650.0,1890.0,1725.0,,5.0,,4.0,15946.0,Hyundai,Otomatik,Dizel,SUV,4WD (Sürekli),Sahibinden,670000.0,687725,670000,-17725,-2.6,MAKUL
2012,191000.0,1591.0,135.0,,11.1,,4410.0,1820.0,1670.0,,5.0,,4.0,15191.0,Hyundai,Düz,Benzin,SUV,Önden Çekiş,Sahibinden,725000.0,939541,725000,-214541,-22.8,FIRSAT
2019,128500.0,1598.0,136.0,,11.8,,4480.0,1850.0,1660.0,,5.0,,4.0,17340.0,Hyundai,Yarı Otomatik,Dizel,SUV,Önden Çekiş,Galeriden,1485000.0,1549053,1485000,-64053,-4.1,MAKUL
2024,21000.0,1598.0,180.0,,8.8,,4500.0,1865.0,1650.0,,5.0,,4.0,16819.0,Hyundai,Yarı Otomatik,Benzin,SUV,Önden Çekiş,Galeriden,2075000.0,2076196,2075000,-1196,-0.1,MAKUL
2024,23500.0,1368.0,100.0,,13.7,,4180.0,1775.0,1500.0,,5.0,,4.0,12784.0,Hyundai,Otomatik,Benzin,SUV,Önden Çekiş,Galeriden,1485000.0,1472398,1485000,12601,0.9,MAKUL
2020,136381.0,1591.0,130.0,,11.5,,4394.0,1806.0,1615.0,,5.0,,4.0,15946.0,Hyundai,Otomatik,Dizel,SUV,Önden Çekiş,Yetkili Bayiden,1739500.0,1738443,1739500,1056,0.1,MAKUL
2019,128000.0,1591.0,130.0,,11.5,,4394.0,1806.0,1615.0,,5.0,,4.0,15946.0,Hyundai,Otomatik,Dizel,SUV,Önden Çekiş,Galeriden,1525000.0,1535877,1525000,-10877,-0.7,MAKUL
2022,170000.0,1368.0,100.0,,13.7,,4180.0,1775.0,1500.0,,5.0,,4.0,11984.0,Hyundai,Otomatik,Benzin,SUV,Önden Çekiş,Galeriden,1075000.0,1086536,1075000,-11536,-1.1,MAKUL
2024,35199.0,1591.0,130.0,,11.5,,4394.0,1806.0,1615.0,,5.0,,4.0,15946.0,Hyundai,Otomatik,Dizel,SUV,Önden Çekiş,Galeriden,2465000.0,2461967,2465000,3032,0.1,MAKUL
2003,403000.0,1991.0,112.0,,14.9,,4500.0,1845.0,1730.0,,5.0,,4.0,15946.0,Hyundai,Düz,Dizel,SUV,4WD (Sürekli),Galeriden,435000.0,437275,435000,-2275,-0.5,MAKUL
2019,94000.0,1591.0,130.0,,11.5,,4394.0,1806.0,1615.0,,5.0,,4.0,15946.0,Hyundai,Otomatik,Dizel,SUV,AWD (Elektronik),Galeriden,1857500.0,1847232,1857500,10267,0.6,MAKUL
2013,145000.0,1591.0,135.0,,11.1,,4410.0,1820.0,1670.0,,5.0,,4.0,13470.0,Hyundai,Düz,Benzin,SUV,Önden Çekiş,Sahibinden,1050000.0,1078996,1050000,-28996,-2.7,MAKUL
2022,48000.0,998.0,120.0,,11.0,,4205.0,1800.0,1550.0,,5.0,,3.0,14658.0,Hyundai,Otomatik,Benzin,SUV,Önden Çekiş,Sahibinden,1500000.0,1484803,1500000,15196,1.0,MAKUL
2013,156000.0,1591.0,135.0,,11.1,,4410.0,1820.0,1670.0,,5.0,,4.0,13470.0,Hyundai,Otomatik,LPG & Benzin,SUV,Önden Çekiş,Sahibinden,1235000.0,1199809,1235000,35190,2.9,MAKUL
2025,6001.0,1591.0,130.0,,11.5,,4394.0,1806.0,1615.0,,5.0,,4.0,15946.0,Hyundai,Otomatik,Benzin,SUV,Önden Çekiş,Sahibinden,2330000.0,2389210,2330000,-59210,-2.5,MAKUL
2022,15000.0,1368.0,100.0,,13.7,,4180.0,1775.0,1500.0,,5.0,,4.0,12784.0,Hyundai,Otomatik,Benzin,SUV,Önden Çekiş,Sahibinden,1575000.0,1500469,1575000,74530,5.0,MAKUL
2012,125600.0,1591.0,135.0,,11.1,,4410.0,1820.0,1670.0,,5.0,,4.0,15191.0,Hyundai,Düz,Benzin,SUV,Önden Çekiş,Sahibinden,1200000.0,1142607,1200000,57392,5.0,MAKUL
2008,159700.0,1991.0,150.0,,16.1,,4325.0,1830.0,1730.0,,5.0,,4.0,15946.0,Hyundai,Otomatik,Dizel,SUV,4WD (Sürekli),Sahibinden,695000.0,699162,695000,-4162,-0.6,MAKUL
2025,8500.0,1591.0,130.0,,11.5,,4394.0,1806.0,1615.0,,5.0,,4.0,15946.0,Hyundai,Otomatik,Dizel,SUV,Önden Çekiş,Sahibinden,2495000.0,2518870,2495000,-23870,-0.9,MAKUL
2024,20000.0,1368.0,100.0,,13.7,,4180.0,1775.0,1500.0,,5.0,,4.0,12006.0,Hyundai,Otomatik,LPG & Benzin,SUV,Önden Çekiş,Sahibinden,1475000.0,1426675,1475000,48324,3.4,MAKUL
2025,6001.0,1591.0,130.0,,11.5,,4394.0,1806.0,1615.0,,5.0,,4.0,15946.0,Hyundai,Otomatik,Benzin,SUV,Önden Çekiş,Sahibinden,2490000.0,2389210,2490000,100789,4.2,MAKUL
2025,16000.0,1598.0,136.0,,11.4,,4510.0,1865.0,1650.0,,5.0,,4.0,16819.0,Hyundai,Yarı Otomatik,Dizel,SUV,Önden Çekiş,Sahibinden,2750000.0,2726144,2750000,23855,0.9,MAKUL
2024,6001.0,1598.0,160.0,,9.8,,4510.0,1865.0,1650.0,,5.0,,4.0,16819.0,Hyundai,Yarı Otomatik,Benzin,SUV,4WD (Sürekli),Sahibinden,3200000.0,3152750,3200000,47249,1.5,MAKUL
2016,140000.0,1591.0,177.0,,9.1,,4475.0,1850.0,1660.0,,5.0,,4.0,20481.0,Hyundai,Yarı Otomatik,LPG & Benzin,SUV,4WD (Sürekli),Sahibinden,1600000.0,1606731,1600000,-6731,-0.4,MAKUL
2017,181000.0,1591.0,130.0,,11.5,,4394.0,1806.0,1615.0,,5.0,,4.0,15946.0,Hyundai,Otomatik,LPG & Benzin,SUV,Önden Çekiş,Sahibinden,1350000.0,1369083,1350000,-19083,-1.4,MAKUL
2024,7850.0,1591.0,156.0,,8.8,,4355.0,1825.0,1580.0,,5.0,,4.0,15478.0,Hyundai,Otomatik,Elektrik,SUV,Önden Çekiş,Sahibinden,1950000.0,1958077,1950000,-8077,-0.4,MAKUL
2023,48800.0,1368.0,100.0,,13.7,,4180.0,1775.0,1500.0,,5.0,,4.0,12784.0,Hyundai,Otomatik,LPG & Benzin,SUV,Önden Çekiş,Sahibinden,1460000.0,1463517,1460000,-3517,-0.2,MAKUL
2012,236100.0,1591.0,135.0,,11.1,,4410.0,1820.0,1670.0,,5.0,,4.0,15191.0,Hyundai,Düz,Benzin,SUV,Önden Çekiş,Sahibinden,842500.0,848189,842500,-5689,-0.7,MAKUL
2014,152000.0,1591.0,135.0,,11.1,,4410.0,1820.0,1670.0,,5.0,,4.0,13470.0,Hyundai,Otomatik,Benzin,SUV,Önden Çekiş,Sahibinden,1170000.0,1172788,1170000,-2788,-0.2,MAKUL
2004,363000.0,1591.0,130.0,,11.5,,4394.0,1806.0,1615.0,,5.0,,4.0,15946.0,Hyundai,Otomatik,Dizel,SUV,4WD (Sürekli),Sahibinden,460000.0,461637,460000,-1637,-0.4,MAKUL
2017,90000.0,1591.0,132.0,,12.1,,4475.0,1850.0,1660.0,,5.0,,4.0,17784.0,Hyundai,Otomatik,Benzin,SUV,Önden Çekiş,Sahibinden,1595000.0,1618122,1595000,-23122,-1.4,MAKUL
2005,270000.0,1991.0,113.0,,11.5,,4325.0,1795.0,1680.0,,5.0,,4.0,15946.0,Hyundai,Otomatik,Dizel,SUV,Önden Çekiş,Sahibinden,625000.0,617576,625000,7423,1.2,MAKUL
2018,99000.0,1591.0,132.0,,12.1,,4475.0,1850.0,1660.0,,5.0,,4.0,17784.0,Hyundai,Otomatik,LPG & Benzin,SUV,Önden Çekiş,Sahibinden,1600000.0,1621547,1600000,-21547,-1.3,MAKUL
2017,68000.0,1591.0,177.0,,9.1,,4475.0,1850.0,1660.0,,5.0,,4.0,16927.0,Hyundai,Yarı Otomatik,Benzin,SUV,Önden Çekiş,Sahibinden,1630000.0,1645844,1630000,-15844,-1.0,MAKUL
2013,260000.0,1591.0,135.0,,11.1,,4410.0,1820.0,1670.0,,5.0,,4.0,15191.0,Hyundai,Düz,LPG & Benzin,SUV,Önden Çekiş,Sahibinden,820000.0,856073,820000,-36073,-4.2,MAKUL
2017,150000.0,1591.0,177.0,,9.1,,4475.0,1850.0,1660.0,,5.0,,4.0,16927.0,Hyundai,Yarı Otomatik,LPG & Benzin,SUV,Önden Çekiş,Sahibinden,1490000.0,1497214,1490000,-7214,-0.5,MAKUL
2024,14000.0,1598.0,136.0,,11.4,,4500.0,1865.0,1650.0,,5.0,,4.0,18370.0,Hyundai,Yarı Otomatik,Dizel,SUV,Önden Çekiş,Sahibinden,2600000.0,2526138,2600000,73861,2.9,MAKUL
2018,190000.0,998.0,120.0,,12.0,,4165.0,1800.0,1565.0,,5.0,,3.0,15482.0,Hyundai,Düz,Benzin,SUV,Önden Çekiş,Sahibinden,995000.0,1005291,995000,-10291,-1.0,MAKUL
2011,338000.0,1995.0,184.0,,10.1,,4410.0,1820.0,1670.0,,5.0,,4.0,11708.0,Hyundai,Otomatik,Dizel,SUV,4WD (Sürekli),Sahibinden,850000.0,852825,850000,-2825,-0.3,MAKUL
2020,27000.0,1598.0,136.0,,11.8,,4480.0,1850.0,1660.0,,5.0,,4.0,17340.0,Hyundai,Yarı Otomatik,Dizel,SUV,4WD (Sürekli),Sahibinden,1860000.0,1905243,1860000,-45243,-2.4,MAKUL
2017,103000.0,1591.0,132.0,,12.1,,4475.0,1850.0,1660.0,,5.0,,4.0,17784.0,Hyundai,Otomatik,Benzin,SUV,Önden Çekiş,Sahibinden,1500000.0,1557412,1500000,-57412,-3.7,MAKUL
2022,108000.0,1368.0,100.0,,12.6,,4180.0,1775.0,1500.0,,5.0,,4.0,11984.0,Hyundai,Düz,Benzin,SUV,Önden Çekiş,Sahibinden,1055000.0,1061935,1055000,-6935,-0.7,MAKUL
2025,9000.0,998.0,100.0,,12.4,,4180.0,1775.0,1500.0,,5.0,,3.0,12704.0,Hyundai,Yarı Otomatik,Benzin,SUV,Önden Çekiş,Sahibinden,1640000.0,1626268,1640000,13731,0.8,MAKUL
2018,62000.0,1591.0,132.0,,12.1,,4475.0,1850.0,1660.0,,5.0,,4.0,17784.0,Hyundai,Otomatik,Benzin,SUV,Önden Çekiş,Sahibinden,1720000.0,1697778,1720000,22221,1.3,MAKUL
2013,235000.0,1591.0,135.0,,11.1,,4410.0,1820.0,1670.0,,5.0,,4.0,11708.0,Hyundai,Düz,Benzin,SUV,Önden Çekiş,Sahibinden,845000.0,863309,845000,-18309,-2.1,MAKUL
2023,50000.0,1591.0,130.0,,11.5,,4394.0,1806.0,1615.0,,5.0,,4.0,15946.0,Hyundai,Otomatik,Benzin,Pick-Up,Önden Çekiş,Sahibinden,1358000.0,1393862,1358000,-35862,-2.6,MAKUL
2021,62000.0,1598.0,136.0,,11.4,,4500.0,1865.0,1650.0,,5.0,,4.0,16541.0,Hyundai,Yarı Otomatik,Dizel,SUV,Önden Çekiş,Sahibinden,2200000.0,2173437,2200000,26562,1.2,MAKUL
2016,134000.0,1591.0,177.0,,9.1,,4475.0,1850.0,1660.0,,5.0,,4.0,20481.0,Hyundai,Yarı Otomatik,LPG & Benzin,SUV,4WD (Sürekli),Sahibinden,1630000.0,1591194,1630000,38805,2.4,MAKUL
2023,88000.0,1598.0,136.0,,11.4,,4500.0,1865.0,1650.0,,5.0,,4.0,18370.0,Hyundai,Yarı Otomatik,Dizel,SUV,Önden Çekiş,Sahibinden,2350000.0,2063451,2350000,286548,13.9,PAHALI
2021,57000.0,1368.0,100.0,,13.7,,4180.0,1775.0,1500.0,,5.0,,4.0,12006.0,Hyundai,Otomatik,Benzin,SUV,Önden Çekiş,Sahibinden,1350000.0,1278217,1350000,71782,5.6,MAKUL
2006,305000.0,1991.0,112.0,,16.1,,4325.0,1830.0,1730.0,,5.0,,4.0,15946.0,Hyundai,Otomatik,Dizel,SUV,Önden Çekiş,Sahibinden,420000.0,500883,420000,-80883,-16.1,FIRSAT
2014,172000.0,1591.0,135.0,,11.1,,4410.0,1820.0,1670.0,,5.0,,4.0,13470.0,Hyundai,Otomatik,LPG & Benzin,SUV,Önden Çekiş,Sahibinden,1110000.0,1155641,1110000,-45641,-3.9,MAKUL
2015,178000.0,1591.0,177.0,,9.1,,4475.0,1850.0,1660.0,,5.0,,4.0,20481.0,Hyundai,Yarı Otomatik,Benzin,SUV,4WD (Sürekli),Sahibinden,1570000.0,1571292,1570000,-1292,-0.1,MAKUL
2022,84000.0,1368.0,100.0,,13.7,,4180.0,1775.0,1500.0,,5.0,,4.0,12784.0,Hyundai,Otomatik,Benzin,SUV,Önden Çekiş,Sahibinden,1350000.0,1346280,1350000,3719,0.3,MAKUL
2022,84000.0,1368.0,100.0,,13.7,,4180.0,1775.0,1500.0,,5.0,,4.0,12784.0,Hyundai,Otomatik,Benzin,SUV,Önden Çekiş,Sahibinden,1350000.0,1346280,1350000,3719,0.3,MAKUL
2015,48000.0,1591.0,135.0,,11.1,,4410.0,1820.0,1670.0,,5.0,,4.0,14838.0,Hyundai,Otomatik,Benzin,SUV,Önden Çekiş,Sahibinden,1325000.0,1333183,1325000,-8183,-0.6,MAKUL
2023,19100.0,1368.0,100.0,,13.7,,4180.0,1775.0,1500.0,,5.0,,4.0,12006.0,Hyundai,Otomatik,Benzin,SUV,Önden Çekiş,Sahibinden,1445000.0,1392707,1445000,52292,3.8,MAKUL
2025,6200.0,1598.0,136.0,,11.4,,4500.0,1865.0,1650.0,,5.0,,4.0,18370.0,Hyundai,Yarı Otomatik,Dizel,SUV,Önden Çekiş,Galeriden,2585000.0,2624558,2585000,-39558,-1.5,MAKUL
2013,208345.0,1591.0,135.0,,11.1,,4410.0,1820.0,1670.0,,5.0,,4.0,13470.0,Hyundai,Otomatik,LPG & Benzin,SUV,Önden Çekiş,Sahibinden,1100000.0,1100814,1100000,-814,-0.1,MAKUL
2017,179000.0,1995.0,184.0,,10.9,,4690.0,1880.0,1685.0,,7.0,,4.0,15946.0,Hyundai,Otomatik,Dizel,SUV,4WD (Sürekli),Sahibinden,1600000.0,1602575,1600000,-2575,-0.2,MAKUL
2023,23000.0,1598.0,136.0,,11.6,,4500.0,1865.0,1650.0,,5.0,,4.0,15556.0,Hyundai,Yarı Otomatik,Dizel,SUV,4WD (Sürekli),Sahibinden,2650000.0,2653617,2650000,-3617,-0.1,MAKUL
2021,36500.0,1598.0,136.0,,11.4,,4500.0,1865.0,1650.0,,5.0,,4.0,16541.0,Hyundai,Yarı Otomatik,Dizel,SUV,Önden Çekiş,Sahibinden,2180000.0,2186144,2180000,-6144,-0.3,MAKUL
2024,18000.0,1591.0,130.0,,11.5,,4394.0,1806.0,1615.0,,5.0,,4.0,15946.0,Hyundai,Otomatik,Dizel,SUV,4WD (Sürekli),Sahibinden,2855000.0,2831053,2855000,23946,0.8,MAKUL
2022,7200.0,1598.0,136.0,,11.6,,4500.0,1865.0,1650.0,,5.0,,4.0,15556.0,Hyundai,Yarı Otomatik,Dizel,SUV,4WD (Sürekli),Sahibinden,2600000.0,2597263,2600000,2736,0.1,MAKUL
2020,75000.0,1598.0,136.0,,9.8,,4165.0,1800.0,1565.0,,5.0,,4.0,16069.0,Hyundai,Yarı Otomatik,Dizel,SUV,Önden Çekiş,Sahibinden,1500000.0,1494971,1500000,5028,0.3,MAKUL
2008,298000.0,1991.0,112.0,,16.1,,4325.0,1830.0,1730.0,,5.0,,4.0,15946.0,Hyundai,Otomatik,Dizel,SUV,Önden Çekiş,Sahibinden,660000.0,609082,660000,50917,8.4,MAKUL
2019,79800.0,1598.0,136.0,,11.8,,4480.0,1850.0,1660.0,,5.0,,4.0,17340.0,Hyundai,Yarı Otomatik,Dizel,SUV,4WD (Sürekli),Sahibinden,1850000.0,1932736,1850000,-82736,-4.3,MAKUL
2020,137000.0,1591.0,177.0,,7.9,,4165.0,1800.0,1565.0,,5.0,,4.0,15482.0,Hyundai,Yarı Otomatik,Benzin,SUV,4WD (Sürekli),Sahibinden,1050000.0,1117179,1050000,-67179,-6.0,MAKUL
2023,90300.0,1368.0,100.0,,12.6,,4180.0,1775.0,1500.0,,5.0,,4.0,11984.0,Hyundai,Düz,LPG & Benzin,SUV,Önden Çekiş,Sahibinden,1175000.0,1175437,1175000,-437,-0.0,MAKUL
2013,178000.0,1591.0,135.0,,11.1,,4410.0,1820.0,1670.0,,5.0,,4.0,11708.0,Hyundai,Düz,Benzin,SUV,Önden Çekiş,Sahibinden,910000.0,961874,910000,-51874,-5.4,MAKUL
2020,175000.0,998.0,120.0,,11.0,,4205.0,1800.0,1550.0,,5.0,,3.0,14658.0,Hyundai,Otomatik,Benzin,SUV,Önden Çekiş,Sahibinden,1150000.0,1166829,1150000,-16829,-1.4,MAKUL
2018,104000.0,1598.0,136.0,,11.8,,4480.0,1850.0,1660.0,,5.0,,4.0,17340.0,Hyundai,Yarı Otomatik,Dizel,SUV,4WD (Sürekli),Sahibinden,1820000.0,1836087,1820000,-16087,-0.9,MAKUL
2007,233000.0,1991.0,112.0,,16.1,,4325.0,1830.0,1730.0,,5.0,,4.0,15946.0,Hyundai,Otomatik,Dizel,SUV,Önden Çekiş,Sahibinden,640000.0,643618,640000,-3618,-0.6,MAKUL
2024,14000.0,1368.0,100.0,,13.7,,4180.0,1775.0,1500.0,,5.0,,4.0,12784.0,Hyundai,Otomatik,Benzin,SUV,Önden Çekiş,Sahibinden,1525000.0,1512275,1525000,12724,0.8,MAKUL
2017,187000.0,1591.0,132.0,,12.1,,4475.0,1850.0,1660.0,,5.0,,4.0,17784.0,Hyundai,Otomatik,Benzin,SUV,Önden Çekiş,Sahibinden,1440000.0,1435045,1440000,4954,0.3,MAKUL
2008,318000.0,1991.0,112.0,,16.1,,4325.0,1830.0,1730.0,,5.0,,4.0,15946.0,Hyundai,Otomatik,Dizel,SUV,Önden Çekiş,Sahibinden,550000.0,560844,550000,-10844,-1.9,MAKUL
2018,96000.0,1591.0,132.0,,12.1,,4475.0,1850.0,1660.0,,5.0,,4.0,17784.0,Hyundai,Otomatik,Benzin,SUV,Önden Çekiş,Sahibinden,1820000.0,1737283,1820000,82716,4.8,MAKUL
2017,145000.0,1591.0,132.0,,12.1,,4475.0,1850.0,1660.0,,5.0,,4.0,17784.0,Hyundai,Otomatik,Benzin,SUV,Önden Çekiş,Sahibinden,1650000.0,1514947,1650000,135052,8.9,MAKUL
2025,10000.0,998.0,100.0,,12.4,,4180.0,1775.0,1500.0,,5.0,,3.0,12704.0,Hyundai,Yarı Otomatik,Benzin,SUV,Önden Çekiş,Sahibinden,1550000.0,1562535,1550000,-12535,-0.8,MAKUL
2024,31000.0,1591.0,130.0,,11.5,,4394.0,1806.0,1615.0,,5.0,,4.0,15946.0,Hyundai,Otomatik,Elektrik,SUV,Arkadan İtiş,Sahibinden,2085000.0,2098329,2085000,-13329,-0.6,MAKUL
2005,272000.0,1975.0,141.0,,11.5,,4325.0,1795.0,1680.0,,5.0,,4.0,15946.0,Hyundai,Düz,LPG & Benzin,SUV,4WD (Sürekli),Sahibinden,690000.0,679324,690000,10675,1.6,MAKUL
2020,40000.0,1591.0,130.0,,11.5,,4394.0,1806.0,1615.0,,5.0,,4.0,15946.0,Hyundai,Otomatik,Dizel,SUV,Önden Çekiş,Sahibinden,2070000.0,1940843,2070000,129156,6.7,MAKUL
2016,67200.0,1591.0,177.0,,9.1,,4475.0,1850.0,1660.0,,5.0,,4.0,17784.0,Hyundai,Yarı Otomatik,LPG & Benzin,SUV,4WD (Sürekli),Sahibinden,1780000.0,1783738,1780000,-3738,-0.2,MAKUL
2024,22000.0,1368.0,100.0,,13.7,,4180.0,1775.0,1500.0,,5.0,,4.0,12006.0,Hyundai,Otomatik,Benzin,SUV,Önden Çekiş,Sahibinden,1475000.0,1364656,1475000,110343,8.1,MAKUL
2015,152600.0,1591.0,132.0,,11.5,,4475.0,1850.0,1660.0,,5.0,,4.0,16927.0,Hyundai,Düz,LPG & Benzin,SUV,Önden Çekiş,Sahibinden,1040000.0,1230465,1040000,-190465,-15.5,FIRSAT
2023,47000.0,1598.0,180.0,,8.8,,4500.0,1865.0,1650.0,,5.0,,4.0,16819.0,Hyundai,Yarı Otomatik,Benzin,SUV,Önden Çekiş,Sahibinden,1965000.0,1954912,1965000,10087,0.5,MAKUL
2024,14000.0,998.0,100.0,,12.4,,4180.0,1775.0,1500.0,,5.0,,3.0,12704.0,Hyundai,Yarı Otomatik,Benzin,SUV,Önden Çekiş,Sahibinden,1475000.0,1476617,1475000,-1617,-0.1,MAKUL
2020,111000.0,1598.0,136.0,,11.8,,4480.0,1850.0,1660.0,,5.0,,4.0,17340.0,Hyundai,Yarı Otomatik,Dizel,SUV,4WD (Sürekli),Sahibinden,1835000.0,1969401,1835000,-134401,-6.8,MAKUL
2014,160000.0,1591.0,135.0,,11.1,,4410.0,1820.0,1670.0,,5.0,,4.0,13470.0,Hyundai,Otomatik,Benzin,SUV,Önden Çekiş,Sahibinden,1100000.0,1170681,1100000,-70681,-6.0,MAKUL
2025,31000.0,998.0,100.0,,12.4,,4180.0,1775.0,1500.0,,5.0,,3.0,12704.0,Hyundai,Yarı Otomatik,Benzin,SUV,Önden Çekiş,Sahibinden,1398000.0,1415554,1398000,-17554,-1.2,MAKUL
2021,85200.0,1598.0,136.0,,11.6,,4500.0,1865.0,1650.0,,5.0,,4.0,15556.0,Hyundai,Yarı Otomatik,Dizel,SUV,4WD (Sürekli),Sahibinden,2200000.0,2202305,2200000,-2305,-0.1,MAKUL
2023,28000.0,1598.0,136.0,,11.6,,4500.0,1865.0,1650.0,,5.0,,4.0,15556.0,Hyundai,Yarı Otomatik,Dizel,SUV,4WD (Sürekli),Sahibinden,2375000.0,2701818,2375000,-326818,-12.1,FIRSAT
2012,228000.0,1995.0,184.0,,10.1,,4410.0,1820.0,1670.0,,5.0,,4.0,11708.0,Hyundai,Otomatik,Dizel,SUV,4WD (Sürekli),Sahibinden,970000.0,975915,970000,-5915,-0.6,MAKUL
2020,62000.0,1598.0,136.0,,11.8,,4480.0,1850.0,1660.0,,5.0,,4.0,17340.0,Hyundai,Yarı Otomatik,Dizel,SUV,4WD (Sürekli),Sahibinden,2280000.0,2175025,2280000,104974,4.8,MAKUL
2008,199883.0,1991.0,150.0,,16.1,,4325.0,1830.0,1730.0,,5.0,,4.0,15946.0,Hyundai,Otomatik,Dizel,SUV,4WD (Sürekli),Sahibinden,670000.0,673411,670000,-3411,-0.5,MAKUL
2020,81000.0,1598.0,136.0,,11.8,,4480.0,1850.0,1660.0,,5.0,,4.0,19205.0,Hyundai,Yarı Otomatik,Dizel,SUV,4WD (Sürekli),Sahibinden,2085000.0,2052177,2085000,32822,1.6,MAKUL
2024,11500.0,1598.0,136.0,,11.4,,4500.0,1865.0,1650.0,,5.0,,4.0,18370.0,Hyundai,Yarı Otomatik,Dizel,SUV,Önden Çekiş,Sahibinden,2475000.0,2447330,2475000,27669,1.1,MAKUL
2024,33000.0,1598.0,136.0,,11.6,,4500.0,1865.0,1650.0,,5.0,,4.0,15556.0,Hyundai,Yarı Otomatik,Dizel,SUV,4WD (Sürekli),Sahibinden,2650000.0,2657703,2650000,-7703,-0.3,MAKUL
2012,172000.0,1591.0,135.0,,11.1,,4410.0,1820.0,1670.0,,5.0,,4.0,15191.0,Hyundai,Düz,LPG & Benzin,SUV,Önden Çekiş,Sahibinden,1030000.0,925704,1030000,104295,11.3,PAHALI
2012,237000.0,1591.0,135.0,,11.1,,4410.0,1820.0,1670.0,,5.0,,4.0,15191.0,Hyundai,Düz,LPG & Benzin,SUV,Önden Çekiş,Sahibinden,860000.0,860209,860000,-209,-0.0,MAKUL
2022,22060.0,998.0,120.0,,11.0,,4205.0,1800.0,1550.0,,5.0,,3.0,14658.0,Hyundai,Otomatik,Benzin,SUV,Önden Çekiş,Sahibinden,1460000.0,1462124,1460000,-2124,-0.1,MAKUL
2020,160000.0,1598.0,136.0,,11.8,,4480.0,1850.0,1660.0,,5.0,,4.0,17340.0,Hyundai,Yarı Otomatik,Dizel,SUV,4WD (Sürekli),Sahibinden,1730000.0,1751337,1730000,-21337,-1.2,MAKUL
2015,134000.0,1591.0,177.0,,9.1,,4475.0,1850.0,1660.0,,5.0,,4.0,20481.0,Hyundai,Yarı Otomatik,LPG & Benzin,SUV,4WD (Sürekli),Sahibinden,1600000.0,1604281,1600000,-4281,-0.3,MAKUL
2017,193000.0,1591.0,177.0,,9.1,,4475.0,1850.0,1660.0,,5.0,,4.0,20481.0,Hyundai,Yarı Otomatik,Benzin,SUV,4WD (Sürekli),Sahibinden,1550000.0,1531907,1550000,18092,1.2,MAKUL
2007,345000.0,2188.0,150.0,,11.3,,4650.0,1890.0,1725.0,,5.0,,4.0,15946.0,Hyundai,Otomatik,Dizel,SUV,4WD (Sürekli),Sahibinden,925000.0,915790,925000,9210,1.0,MAKUL
2005,270000.0,1991.0,113.0,,11.5,,4325.0,1795.0,1680.0,,5.0,,4.0,15946.0,Hyundai,Otomatik,Dizel,SUV,4WD (Sürekli),Sahibinden,560000.0,567142,560000,-7142,-1.3,MAKUL
2025,7600.0,998.0,100.0,,12.4,,4180.0,1775.0,1500.0,,5.0,,3.0,12704.0,Hyundai,Yarı Otomatik,Benzin,SUV,Önden Çekiş,Sahibinden,1540000.0,1553501,1540000,-13501,-0.9,MAKUL
2013,195000.0,1591.0,135.0,,11.1,,4410.0,1820.0,1670.0,,5.0,,4.0,15191.0,Hyundai,Düz,LPG & Benzin,SUV,Önden Çekiş,Sahibinden,1050000.0,972586,1050000,77413,8.0,MAKUL
2018,111000.0,1598.0,136.0,,11.8,,4480.0,1850.0,1660.0,,5.0,,4.0,17340.0,Hyundai,Yarı Otomatik,Dizel,SUV,Önden Çekiş,Sahibinden,1850000.0,1815080,1850000,34919,1.9,MAKUL
2015,183500.0,1591.0,135.0,,11.1,,4410.0,1820.0,1670.0,,5.0,,4.0,13470.0,Hyundai,Otomatik,LPG & Benzin,SUV,Önden Çekiş,Sahibinden,1100000.0,1167017,1100000,-67017,-5.7,MAKUL
2013,190000.0,1591.0,135.0,,11.1,,4410.0,1820.0,1670.0,,5.0,,4.0,13470.0,Hyundai,Düz,LPG & Benzin,SUV,Önden Çekiş,Sahibinden,1020000.0,987282,1020000,32717,3.3,MAKUL
2006,440000.0,1591.0,130.0,,11.5,,4394.0,1806.0,1615.0,,5.0,,4.0,15946.0,Hyundai,Otomatik,Dizel,SUV,AWD (Elektronik),Sahibinden,570000.0,499750,570000,70250,14.1,PAHALI
2020,114000.0,1598.0,136.0,,11.8,,4480.0,1850.0,1660.0,,5.0,,4.0,17340.0,Hyundai,Yarı Otomatik,Dizel,SUV,4WD (Sürekli),Sahibinden,1975000.0,1970383,1975000,4616,0.2,MAKUL
2024,52599.0,1598.0,136.0,,11.6,,4500.0,1865.0,1650.0,,5.0,,4.0,15556.0,Hyundai,Yarı Otomatik,Dizel,SUV,4WD (Sürekli),Galeriden,2645000.0,2545846,2645000,99153,3.9,MAKUL
2010,239000.0,1995.0,184.0,,10.1,,4410.0,1820.0,1670.0,,5.0,,4.0,11708.0,Hyundai,Otomatik,Dizel,SUV,4WD (Sürekli),Sahibinden,660000.0,813694,660000,-153694,-18.9,FIRSAT
2024,16100.0,998.0,100.0,,12.4,,4180.0,1775.0,1500.0,,5.0,,3.0,12704.0,Hyundai,Yarı Otomatik,Benzin,SUV,Önden Çekiş,Sahibinden,1490000.0,1483352,1490000,6647,0.4,MAKUL
2019,83000.0,1598.0,136.0,,11.8,,4480.0,1850.0,1660.0,,5.0,,4.0,18029.0,Hyundai,Yarı Otomatik,Dizel,SUV,Önden Çekiş,Sahibinden,1725000.0,1743092,1725000,-18092,-1.0,MAKUL
2023,35000.0,1598.0,136.0,,11.6,,4500.0,1865.0,1650.0,,5.0,,4.0,15556.0,Hyundai,Yarı Otomatik,Dizel,SUV,4WD (Sürekli),Sahibinden,2585000.0,2655486,2585000,-70486,-2.7,MAKUL
2019,26000.0,1598.0,136.0,,11.8,,4480.0,1850.0,1660.0,,5.0,,4.0,17340.0,Hyundai,Yarı Otomatik,Dizel,SUV,4WD (Sürekli),Sahibinden,2100000.0,2083680,2100000,16319,0.8,MAKUL
2013,55090.0,1591.0,135.0,,11.1,,4410.0,1820.0,1670.0,,5.0,,4.0,15191.0,Hyundai,Düz,Benzin,SUV,Önden Çekiş,Sahibinden,1335000.0,1302365,1335000,32634,2.5,MAKUL
2020,116500.0,1598.0,136.0,,11.8,,4480.0,1850.0,1660.0,,5.0,,4.0,19205.0,Hyundai,Yarı Otomatik,Dizel,SUV,Önden Çekiş,Sahibinden,1740000.0,1729769,1740000,10230,0.6,MAKUL
2022,47000.0,1368.0,100.0,,13.7,,4180.0,1775.0,1500.0,,5.0,,4.0,12784.0,Hyundai,Otomatik,Benzin,SUV,Önden Çekiş,Sahibinden,1415000.0,1439206,1415000,-24206,-1.7,MAKUL
2022,65000.0,1368.0,100.0,,13.7,,4180.0,1775.0,1500.0,,5.0,,4.0,12006.0,Hyundai,Otomatik,LPG & Benzin,SUV,Önden Çekiş,Sahibinden,1395000.0,1316658,1395000,78341,6.0,MAKUL
2024,27000.0,1598.0,136.0,,11.4,,4510.0,1865.0,1650.0,,5.0,,4.0,16819.0,Hyundai,Yarı Otomatik,Dizel,SUV,Önden Çekiş,Sahibinden,2720000.0,2689672,2720000,30327,1.1,MAKUL
2018,128100.0,1598.0,136.0,,11.8,,4480.0,1850.0,1660.0,,5.0,,4.0,17340.0,Hyundai,Yarı Otomatik,Dizel,SUV,Önden Çekiş,Sahibinden,1690000.0,1703339,1690000,-13339,-0.8,MAKUL
2018,174000.0,1598.0,136.0,,11.8,,4480.0,1850.0,1660.0,,5.0,,4.0,17340.0,Hyundai,Yarı Otomatik,Dizel,SUV,Önden Çekiş,Sahibinden,1400000.0,1457790,1400000,-57790,-4.0,MAKUL
2024,25500.0,1368.0,100.0,,12.6,,4180.0,1775.0,1500.0,,5.0,,4.0,11984.0,Hyundai,Düz,Benzin,SUV,Önden Çekiş,Sahibinden,1335000.0,1332365,1335000,2635,0.2,MAKUL
2025,10000.0,998.0,100.0,,12.4,,4180.0,1775.0,1500.0,,5.0,,3.0,12704.0,Hyundai,Yarı Otomatik,Benzin,SUV,Önden Çekiş,Sahibinden,1565000.0,1562535,1565000,2464,0.2,MAKUL
2015,134500.0,1591.0,177.0,,9.1,,4475.0,1850.0,1660.0,,5.0,,4.0,17784.0,Hyundai,Yarı Otomatik,LPG & Benzin,SUV,4WD (Sürekli),Sahibinden,1595000.0,1604227,1595000,-9227,-0.6,MAKUL
2006,300005.0,1991.0,112.0,,16.1,,4325.0,1830.0,1730.0,,5.0,,4.0,15946.0,Hyundai,Otomatik,Dizel,SUV,Önden Çekiş,Sahibinden,630000.0,623573,630000,6426,1.0,MAKUL
2014,155000.0,1591.0,135.0,,11.1,,4410.0,1820.0,1670.0,,5.0,,4.0,13470.0,Hyundai,Düz,LPG & Benzin,SUV,Önden Çekiş,Sahibinden,1080000.0,1075475,1080000,4524,0.4,MAKUL
2020,90000.0,1598.0,136.0,,11.8,,4480.0,1850.0,1660.0,,5.0,,4.0,19205.0,Hyundai,Yarı Otomatik,Dizel,SUV,Önden Çekiş,Sahibinden,1590000.0,1693124,1590000,-103124,-6.1,MAKUL
2014,91500.0,1591.0,135.0,,11.1,,4410.0,1820.0,1670.0,,5.0,,4.0,13470.0,Hyundai,Düz,Benzin,SUV,Önden Çekiş,Sahibinden,1220000.0,1201286,1220000,18713,1.6,MAKUL
2023,35000.0,1368.0,100.0,,13.7,,4180.0,1775.0,1500.0,,5.0,,4.0,12784.0,Hyundai,Otomatik,Benzin,SUV,Önden Çekiş,Sahibinden,1430000.0,1427905,1430000,2094,0.1,MAKUL
2024,34000.0,1591.0,218.0,,7.5,,4655.0,1890.0,1605.0,,5.0,,4.0,25093.0,Hyundai,Otomatik,Elektrik,SUV,4WD (Sürekli),Sahibinden,1949949.0,1963491,1949949,-13542,-0.7,MAKUL
2020,50000.0,1591.0,177.0,,8.9,,4480.0,1850.0,1660.0,,5.0,,4.0,19205.0,Hyundai,Yarı Otomatik,Benzin,SUV,Önden Çekiş,Sahibinden,1900000.0,1912832,1900000,-12832,-0.7,MAKUL
2005,330000.0,1991.0,113.0,,11.5,,4325.0,1795.0,1680.0,,5.0,,4.0,15946.0,Hyundai,Otomatik,Dizel,SUV,Önden Çekiş,Sahibinden,540000.0,541971,540000,-1971,-0.4,MAKUL
2006,230000.0,2188.0,150.0,,11.3,,4650.0,1890.0,1725.0,,5.0,,4.0,15946.0,Hyundai,Otomatik,Dizel,SUV,4WD (Sürekli),Sahibinden,765000.0,777887,765000,-12887,-1.7,MAKUL
2025,8700.0,1591.0,130.0,,11.5,,4394.0,1806.0,1615.0,,5.0,,4.0,15946.0,Hyundai,Otomatik,Benzin,SUV,Önden Çekiş,Sahibinden,2350000.0,2339947,2350000,10052,0.4,MAKUL
2018,77000.0,1591.0,132.0,,12.1,,4475.0,1850.0,1660.0,,5.0,,4.0,17784.0,Hyundai,Otomatik,Benzin,SUV,Önden Çekiş,Sahibinden,1595000.0,1646449,1595000,-51449,-3.1,MAKUL
2012,191000.0,1591.0,135.0,,11.1,,4410.0,1820.0,1670.0,,5.0,,4.0,15191.0,Hyundai,Düz,LPG & Benzin,SUV,Önden Çekiş,Sahibinden,850000.0,881100,850000,-31100,-3.5,MAKUL
2022,51000.0,1598.0,136.0,,11.4,,4500.0,1865.0,1650.0,,5.0,,4.0,18370.0,Hyundai,Yarı Otomatik,Dizel,SUV,Önden Çekiş,Sahibinden,2195000.0,2143465,2195000,51534,2.4,MAKUL
2018,128000.0,1995.0,185.0,,9.5,,4475.0,1850.0,1660.0,,5.0,,4.0,17784.0,Hyundai,Otomatik,Dizel,SUV,4WD (Sürekli),Sahibinden,1550000.0,1565292,1550000,-15292,-1.0,MAKUL
2023,32000.0,1580.0,141.0,,11.2,,4350.0,1825.0,1585.0,,5.0,,4.0,72520.0,Hyundai,Yarı Otomatik,Hibrit,SUV,Önden Çekiş,Sahibinden,2250000.0,2241307,2250000,8692,0.4,MAKUL
2022,36800.0,1368.0,100.0,,13.7,,4180.0,1775.0,1500.0,,5.0,,4.0,12006.0,Hyundai,Otomatik,Benzin,SUV,Önden Çekiş,Sahibinden,1360000.0,1252022,1360000,107977,8.6,MAKUL
2015,134000.0,1591.0,135.0,,11.1,,4410.0,1820.0,1670.0,,5.0,,4.0,14838.0,Hyundai,Düz,Benzin,SUV,Önden Çekiş,Sahibinden,1100000.0,1127938,1100000,-27938,-2.5,MAKUL
2025,6050.0,1591.0,130.0,,11.5,,4394.0,1806.0,1615.0,,5.0,,4.0,15946.0,Hyundai,Otomatik,Dizel,SUV,Önden Çekiş,Sahibinden,2500000.0,2532852,2500000,-32852,-1.3,MAKUL
2016,120000.0,1591.0,177.0,,9.1,,4475.0,1850.0,1660.0,,5.0,,4.0,20481.0,Hyundai,Yarı Otomatik,Benzin,SUV,4WD (Sürekli),Sahibinden,1620000.0,1618704,1620000,1295,0.1,MAKUL
2017,172500.0,1591.0,132.0,,12.1,,4475.0,1850.0,1660.0,,5.0,,4.0,20481.0,Hyundai,Otomatik,Benzin,SUV,Önden Çekiş,Sahibinden,1312000.0,1328431,1312000,-16431,-1.2,MAKUL
2022,51000.0,1598.0,136.0,,11.6,,4500.0,1865.0,1650.0,,5.0,,4.0,15556.0,Hyundai,Yarı Otomatik,Dizel,SUV,4WD (Sürekli),Sahibinden,2445000.0,2472002,2445000,-27002,-1.1,MAKUL
2021,27000.0,1368.0,100.0,,13.7,,4180.0,1775.0,1500.0,,5.0,,4.0,12006.0,Hyundai,Otomatik,Benzin,SUV,Önden Çekiş,Sahibinden,1400000.0,1292005,1400000,107994,8.4,MAKUL
2012,100000.0,1591.0,135.0,,11.1,,4410.0,1820.0,1670.0,,5.0,,4.0,15191.0,Hyundai,Düz,Benzin,SUV,Önden Çekiş,Sahibinden,1250000.0,1201513,1250000,48486,4.0,MAKUL
2019,130000.0,1598.0,136.0,,11.8,,4480.0,1850.0,1660.0,,5.0,,4.0,17340.0,Hyundai,Yarı Otomatik,Dizel,SUV,Önden Çekiş,Sahibinden,1380000.0,1570252,1380000,-190252,-12.1,FIRSAT
2011,180000.0,1591.0,135.0,,11.1,,4410.0,1820.0,1670.0,,5.0,,4.0,11708.0,Hyundai,Düz,Benzin,SUV,Önden Çekiş,Sahibinden,859000.0,884287,859000,-25287,-2.9,MAKUL
2019,84000.0,1598.0,136.0,,11.8,,4480.0,1850.0,1660.0,,5.0,,4.0,17340.0,Hyundai,Yarı Otomatik,Dizel,SUV,Önden Çekiş,Sahibinden,1848000.0,1800367,1848000,47632,2.6,MAKUL
2022,88000.0,998.0,120.0,,11.0,,4205.0,1800.0,1550.0,,5.0,,3.0,14658.0,Hyundai,Otomatik,Benzin,SUV,Önden Çekiş,Sahibinden,1390000.0,1384475,1390000,5524,0.4,MAKUL
2013,144000.0,1591.0,135.0,,11.1,,4410.0,1820.0,1670.0,,5.0,,4.0,13470.0,Hyundai,Otomatik,LPG & Benzin,SUV,Önden Çekiş,Sahibinden,1075000.0,1102689,1075000,-27689,-2.5,MAKUL
2022,47000.0,1368.0,100.0,,13.7,,4180.0,1775.0,1500.0,,5.0,,4.0,12784.0,Hyundai,Otomatik,Benzin,SUV,Önden Çekiş,Sahibinden,1450000.0,1439206,1450000,10793,0.7,MAKUL
2016,203000.0,1591.0,177.0,,9.1,,4475.0,1850.0,1660.0,,5.0,,4.0,20481.0,Hyundai,Yarı Otomatik,Benzin,SUV,4WD (Sürekli),Sahibinden,1550000.0,1550996,1550000,-996,-0.1,MAKUL
2022,30000.0,1598.0,136.0,,11.4,,4500.0,1865.0,1650.0,,5.0,,4.0,16541.0,Hyundai,Yarı Otomatik,Dizel,SUV,Önden Çekiş,Sahibinden,2200000.0,2206408,2200000,-6408,-0.3,MAKUL
2024,19000.0,1591.0,130.0,,11.5,,4394.0,1806.0,1615.0,,5.0,,4.0,15946.0,Hyundai,Otomatik,Benzin,SUV,Önden Çekiş,Sahibinden,2395000.0,2290353,2395000,104646,4.6,MAKUL
2024,9500.0,1598.0,136.0,,11.6,,4500.0,1865.0,1650.0,,5.0,,4.0,15556.0,Hyundai,Yarı Otomatik,Dizel,SUV,4WD (Sürekli),Sahibinden,2985000.0,2946931,2985000,38068,1.3,MAKUL
2021,32000.0,1368.0,100.0,,13.7,,4180.0,1775.0,1500.0,,5.0,,4.0,12006.0,Hyundai,Otomatik,Benzin,SUV,Önden Çekiş,Galeriden,1399000.0,1327336,1399000,71663,5.4,MAKUL
2024,26500.0,1368.0,100.0,,13.7,,4180.0,1775.0,1500.0,,5.0,,4.0,12784.0,Hyundai,Otomatik,Benzin,SUV,Önden Çekiş,Galeriden,1379000.0,1402232,1379000,-23232,-1.7,MAKUL
2012,171000.0,1591.0,135.0,,11.1,,4410.0,1820.0,1670.0,,5.0,,4.0,15191.0,Hyundai,Düz,LPG & Benzin,SUV,Önden Çekiş,Sahibinden,900000.0,927896,900000,-27896,-3.0,MAKUL
2019,40000.0,1598.0,136.0,,11.8,,4480.0,1850.0,1660.0,,5.0,,4.0,17340.0,Hyundai,Yarı Otomatik,Dizel,SUV,Önden Çekiş,Sahibinden,1900000.0,1926188,1900000,-26188,-1.4,MAKUL
2021,61300.0,998.0,120.0,,11.0,,4205.0,1800.0,1550.0,,5.0,,3.0,14658.0,Hyundai,Otomatik,Benzin,SUV,Önden Çekiş,Sahibinden,1315000.0,1384888,1315000,-69888,-5.0,MAKUL
2020,71000.0,1591.0,177.0,,8.9,,4480.0,1850.0,1660.0,,5.0,,4.0,19205.0,Hyundai,Yarı Otomatik,Benzin,SUV,Önden Çekiş,Sahibinden,1850000.0,1858485,1850000,-8485,-0.5,MAKUL
2023,19000.0,1368.0,100.0,,13.7,,4180.0,1775.0,1500.0,,5.0,,4.0,12006.0,Hyundai,Otomatik,Benzin,SUV,Önden Çekiş,Sahibinden,1475000.0,1394312,1475000,80687,5.8,MAKUL
2023,28000.0,1368.0,100.0,,13.7,,4180.0,1775.0,1500.0,,5.0,,4.0,12006.0,Hyundai,Otomatik,Benzin,SUV,Önden Çekiş,Sahibinden,1390000.0,1272686,1390000,117313,9.2,MAKUL
2013,51000.0,1591.0,130.0,,11.5,,4394.0,1806.0,1615.0,,5.0,,4.0,15946.0,Hyundai,Düz,Benzin,SUV,Önden Çekiş,Sahibinden,1100000.0,1110900,1100000,-10900,-1.0,MAKUL
2015,92000.0,1591.0,132.0,,11.5,,4475.0,1850.0,1660.0,,5.0,,4.0,16927.0,Hyundai,Düz,Benzin,SUV,Önden Çekiş,Sahibinden,1300000.0,1305023,1300000,-5023,-0.4,MAKUL
2025,6005.0,1591.0,130.0,,11.5,,4394.0,1806.0,1615.0,,5.0,,4.0,15946.0,Hyundai,Otomatik,Dizel,SUV,Önden Çekiş,Sahibinden,2655000.0,2564239,2655000,90760,3.5,MAKUL
2021,77000.0,1598.0,136.0,,11.4,,4500.0,1865.0,1650.0,,5.0,,4.0,18370.0,Hyundai,Yarı Otomatik,Dizel,SUV,Önden Çekiş,Sahibinden,1989999.0,1986794,1989999,3204,0.2,MAKUL
2011,165000.0,1591.0,135.0,,11.1,,4410.0,1820.0,1670.0,,5.0,,4.0,11708.0,Hyundai,Düz,Benzin,SUV,Önden Çekiş,Sahibinden,955000.0,940910,955000,14089,1.5,MAKUL
2023,12000.0,1368.0,100.0,,13.7,,4180.0,1775.0,1500.0,,5.0,,4.0,12006.0,Hyundai,Otomatik,Benzin,SUV,Önden Çekiş,Galeriden,1440000.0,1418191,1440000,21808,1.5,MAKUL
2023,32000.0,1368.0,100.0,,13.7,,4180.0,1775.0,1500.0,,5.0,,4.0,11984.0,Hyundai,Otomatik,Benzin,SUV,Önden Çekiş,Sahibinden,1230000.0,1250728,1230000,-20728,-1.7,MAKUL
2012,187000.0,1591.0,135.0,,11.1,,4410.0,1820.0,1670.0,,5.0,,4.0,15191.0,Hyundai,Düz,Benzin,SUV,Önden Çekiş,Sahibinden,955000.0,958890,955000,-3890,-0.4,MAKUL
2020,77000.0,1598.0,136.0,,11.8,,4480.0,1850.0,1660.0,,5.0,,4.0,17340.0,Hyundai,Yarı Otomatik,Dizel,SUV,Önden Çekiş,Sahibinden,1800000.0,1789788,1800000,10211,0.6,MAKUL
2024,21400.0,1598.0,136.0,,11.4,,4500.0,1865.0,1650.0,,5.0,,4.0,18370.0,Hyundai,Yarı Otomatik,Dizel,SUV,Önden Çekiş,Sahibinden,2399000.0,2353076,2399000,45923,2.0,MAKUL
2013,172000.0,1591.0,135.0,,11.1,,4410.0,1820.0,1670.0,,5.0,,4.0,13470.0,Hyundai,Otomatik,LPG & Benzin,SUV,Önden Çekiş,Sahibinden,1150000.0,1153279,1150000,-3279,-0.3,MAKUL
2023,46000.0,1368.0,100.0,,13.7,,4180.0,1775.0,1500.0,,5.0,,4.0,12006.0,Hyundai,Otomatik,LPG & Benzin,SUV,Önden Çekiş,Sahibinden,1450000.0,1390249,1450000,59750,4.3,MAKUL
2005,342000.0,1991.0,112.0,,16.1,,4325.0,1830.0,1730.0,,5.0,,4.0,15946.0,Hyundai,Otomatik,Dizel,SUV,Önden Çekiş,Sahibinden,560000.0,557439,560000,2560,0.5,MAKUL
2014,183000.0,1591.0,135.0,,11.1,,4410.0,1820.0,1670.0,,5.0,,4.0,13470.0,Hyundai,Otomatik,LPG & Benzin,SUV,Önden Çekiş,Sahibinden,1500000.0,1313155,1500000,186844,14.2,PAHALI
2020,115000.0,1598.0,136.0,,11.8,,4480.0,1850.0,1660.0,,5.0,,4.0,19205.0,Hyundai,Yarı Otomatik,Dizel,SUV,4WD (Sürekli),Sahibinden,1875000.0,1914026,1875000,-39026,-2.0,MAKUL
2013,244000.0,1591.0,135.0,,11.1,,4410.0,1820.0,1670.0,,5.0,,4.0,13470.0,Hyundai,Otomatik,LPG & Benzin,SUV,Önden Çekiş,Sahibinden,960000.0,965391,960000,-5391,-0.6,MAKUL
2024,37000.0,1598.0,136.0,,11.4,,4510.0,1865.0,1650.0,,5.0,,4.0,16819.0,Hyundai,Yarı Otomatik,Dizel,SUV,Önden Çekiş,Sahibinden,2620000.0,2608985,2620000,11014,0.4,MAKUL
2024,29000.0,1591.0,130.0,,11.5,,4394.0,1806.0,1615.0,,5.0,,4.0,15946.0,Hyundai,Otomatik,Benzin,SUV,4WD (Sürekli),Sahibinden,2960000.0,2921418,2960000,38581,1.3,MAKUL
2023,52000.0,1598.0,230.0,,9.1,,4785.0,1900.0,1710.0,,7.0,,4.0,15946.0,Hyundai,Otomatik,Hibrit,SUV,4WD (Sürekli),Sahibinden,3250000.0,3223366,3250000,26633,0.8,MAKUL
2020,86450.0,1598.0,136.0,,11.8,,4480.0,1850.0,1660.0,,5.0,,4.0,19205.0,Hyundai,Yarı Otomatik,Dizel,SUV,Önden Çekiş,Sahibinden,2010000.0,1853872,2010000,156127,8.4,MAKUL
2015,142000.0,1591.0,177.0,,9.2,,4475.0,1850.0,1660.0,,5.0,,4.0,20481.0,Hyundai,Düz,LPG & Benzin,SUV,Önden Çekiş,Sahibinden,1600000.0,1580470,1600000,19530,1.2,MAKUL
2020,58000.0,1598.0,136.0,,11.8,,4480.0,1850.0,1660.0,,5.0,,4.0,17340.0,Hyundai,Yarı Otomatik,Dizel,SUV,Önden Çekiş,Sahibinden,1920000.0,1964418,1920000,-44418,-2.3,MAKUL
2012,170000.0,1591.0,135.0,,11.1,,4410.0,1820.0,1670.0,,5.0,,4.0,15191.0,Hyundai,Düz,Benzin,SUV,Önden Çekiş,Sahibinden,840000.0,914290,840000,-74290,-8.1,MAKUL
2012,209250.0,1591.0,135.0,,11.1,,4410.0,1820.0,1670.0,,5.0,,4.0,15191.0,Hyundai,Düz,Benzin,SUV,Önden Çekiş,Sahibinden,920000.0,900852,920000,19147,2.1,MAKUL
2018,90914.0,1591.0,130.0,,11.5,,4394.0,1806.0,1615.0,,5.0,,4.0,15946.0,Nissan,Otomatik,Benzin,SUV,Önden Çekiş,Galeriden,1500000.0,1481202,1500000,18797,1.3,MAKUL
2016,197000.0,1591.0,130.0,,11.5,,4394.0,1806.0,1615.0,,5.0,,4.0,15946.0,Nissan,Otomatik,Benzin,SUV,Önden Çekiş,Galeriden,915000.0,1065387,915000,-150387,-14.1,FIRSAT
2017,135000.0,1591.0,130.0,,11.5,,4394.0,1806.0,1615.0,,5.0,,4.0,15946.0,Nissan,Otomatik,Benzin,SUV,Önden Çekiş,Galeriden,1165000.0,1240041,1165000,-75041,-6.1,MAKUL
2008,450000.0,1591.0,130.0,,11.5,,4394.0,1806.0,1615.0,,5.0,,4.0,15946.0,Nissan,Düz,Dizel,SUV,Arkadan İtiş,Galeriden,515000.0,524932,515000,-9932,-1.9,MAKUL
2007,314000.0,2488.0,144.0,,12.7,,5220.0,1850.0,1766.0,,5.0,,4.0,15946.0,Nissan,Düz,Dizel,Hard top,Arkadan İtiş,Galeriden,540000.0,565174,540000,-25174,-4.5,MAKUL
2018,84300.0,1591.0,130.0,,11.5,,4394.0,1806.0,1615.0,,5.0,,4.0,15946.0,Nissan,Düz,Dizel,SUV,Önden Çekiş,Sahibinden,1695000.0,1706511,1695000,-11511,-0.7,MAKUL
2024,51653.0,1332.0,158.0,,9.2,,4425.0,1848.0,1625.0,,5.0,,4.0,18751.0,Nissan,Otomatik,Benzin,SUV,Önden Çekiş,Galeriden,2195000.0,2259794,2195000,-64794,-2.9,MAKUL
2021,87000.0,2298.0,190.0,,10.8,,5330.0,1850.0,1840.0,,5.0,,4.0,15946.0,Nissan,Otomatik,Dizel,Hard top,4WD (Sürekli),Galeriden,1785000.0,1785442,1785000,-442,-0.0,MAKUL
2022,102900.0,1497.0,213.0,,7.0,,4680.0,1840.0,1725.0,,5.0,,3.0,15946.0,Nissan,Otomatik,Benzin,SUV,4WD (Sürekli),Galeriden,2514900.0,2512058,2514900,2841,0.1,MAKUL
2014,150000.0,1598.0,130.0,,11.4,,4643.0,1820.0,1695.0,,7.0,,4.0,16177.0,Nissan,Otomatik,Dizel,SUV,Önden Çekiş,Galeriden,1390000.0,1408001,1390000,-18001,-1.3,MAKUL
2020,123000.0,1332.0,160.0,,10.1,,4394.0,1806.0,1590.0,,5.0,,4.0,16546.0,Nissan,Yarı Otomatik,Benzin,SUV,Önden Çekiş,Galeriden,1419000.0,1472198,1419000,-53198,-3.6,MAKUL
2017,218000.0,1591.0,130.0,,11.5,,4394.0,1806.0,1615.0,,5.0,,4.0,15946.0,Nissan,Otomatik,Dizel,SUV,Önden Çekiş,Galeriden,1260000.0,1259159,1260000,840,0.1,MAKUL
2012,142000.0,1598.0,117.0,,13.0,,4330.0,1780.0,1615.0,,5.0,,4.0,14969.0,Nissan,Otomatik,LPG & Benzin,SUV,Önden Çekiş,Galeriden,759900.0,800468,759900,-40568,-5.1,MAKUL
2017,107000.0,1591.0,130.0,,11.5,,4394.0,1806.0,1615.0,,5.0,,4.0,15946.0,Nissan,Düz,Dizel,Crossover,Önden Çekiş,Galeriden,995000.0,1002529,995000,-7529,-0.8,MAKUL
2013,187000.0,1591.0,130.0,,11.5,,4394.0,1806.0,1615.0,,5.0,,4.0,15946.0,Nissan,Düz,Dizel,Crossover,Önden Çekiş,Galeriden,789750.0,785734,789750,4015,0.5,MAKUL
2006,293000.0,2488.0,144.0,,12.8,,5220.0,1850.0,1766.0,,5.0,,4.0,15946.0,Nissan,Otomatik,Dizel,Hard top,Arkadan İtiş,Galeriden,575000.0,583049,575000,-8049,-1.4,MAKUL
2011,142000.0,1461.0,106.0,,12.2,,4315.0,1780.0,1615.0,,5.0,,4.0,13348.0,Nissan,Düz,Dizel,SUV,Önden Çekiş,Galeriden,1059000.0,1024056,1059000,34943,3.4,MAKUL
2024,40000.0,1591.0,130.0,,11.5,,4394.0,1806.0,1615.0,,5.0,,4.0,15946.0,Nissan,Otomatik,Hibrit,SUV,Önden Çekiş,Galeriden,2250000.0,2275737,2250000,-25737,-1.1,MAKUL
2024,47000.0,1591.0,130.0,,11.5,,4394.0,1806.0,1615.0,,5.0,,4.0,15946.0,Nissan,Otomatik,Benzin,SUV,Önden Çekiş,Galeriden,2175000.0,2192689,2175000,-17689,-0.8,MAKUL
2025,19000.0,1332.0,158.0,,9.2,,4425.0,1848.0,1625.0,,5.0,,4.0,15528.0,Nissan,Yarı Otomatik,Benzin,SUV,Önden Çekiş,Galeriden,2150000.0,2162019,2150000,-12019,-0.6,MAKUL
2017,132000.0,1591.0,130.0,,11.5,,4394.0,1806.0,1615.0,,5.0,,4.0,15946.0,Nissan,Otomatik,Benzin,SUV,Önden Çekiş,Galeriden,1239000.0,1257948,1239000,-18948,-1.5,MAKUL
2014,150000.0,1197.0,115.0,,12.9,,4379.0,1800.0,1590.0,,5.0,,4.0,14536.0,Nissan,Otomatik,Benzin,SUV,Önden Çekiş,Galeriden,1179000.0,1189712,1179000,-10712,-0.9,MAKUL
2008,245000.0,1591.0,130.0,,11.5,,4394.0,1806.0,1615.0,,5.0,,4.0,15946.0,Nissan,Düz,LPG & Benzin,SUV,Önden Çekiş,Galeriden,699000.0,704863,699000,-5863,-0.8,MAKUL
2024,41000.0,999.0,115.0,,11.8,,4210.0,1800.0,1595.0,,5.0,,3.0,16173.0,Nissan,Yarı Otomatik,Benzin,SUV,Önden Çekiş,Galeriden,1510000.0,1525496,1510000,-15496,-1.0,MAKUL
2016,195000.0,1598.0,130.0,,10.7,,4379.0,1800.0,1590.0,,5.0,,4.0,17977.0,Nissan,Otomatik,Dizel,SUV,Önden Çekiş,Galeriden,1490000.0,1342532,1490000,147467,11.0,PAHALI
2025,25000.0,1591.0,130.0,,11.5,,4394.0,1806.0,1615.0,,5.0,,4.0,15946.0,Nissan,Otomatik,Hibrit,SUV,Önden Çekiş,Galeriden,2275000.0,2341817,2275000,-66817,-2.9,MAKUL
2016,129000.0,1591.0,130.0,,11.5,,4394.0,1806.0,1615.0,,5.0,,4.0,15946.0,Nissan,Otomatik,Benzin,SUV,Önden Çekiş,Galeriden,1185000.0,1229187,1185000,-44187,-3.6,MAKUL
2017,83550.0,1591.0,130.0,,11.5,,4394.0,1806.0,1615.0,,5.0,,4.0,15946.0,Nissan,Otomatik,Benzin,SUV,Önden Çekiş,Galeriden,1349000.0,1373765,1349000,-24765,-1.8,MAKUL
2022,63000.0,1368.0,100.0,,12.6,,4180.0,1775.0,1500.0,,5.0,,4.0,11984.0,Hyundai,Düz,Benzin,SUV,Önden Çekiş,Sahibinden,1090000.0,1104145,1090000,-14145,-1.3,MAKUL
2021,102000.0,1598.0,136.0,,11.4,,4500.0,1865.0,1650.0,,5.0,,4.0,18370.0,Hyundai,Yarı Otomatik,Dizel,SUV,Önden Çekiş,Sahibinden,1885000.0,1901630,1885000,-16630,-0.9,MAKUL
2024,49000.0,1368.0,100.0,,13.7,,4180.0,1775.0,1500.0,,5.0,,4.0,12006.0,Hyundai,Otomatik,LPG & Benzin,SUV,Önden Çekiş,Sahibinden,1450000.0,1387912,1450000,62087,4.5,MAKUL
2006,258000.0,1991.0,112.0,,16.1,,4325.0,1830.0,1730.0,,5.0,,4.0,15946.0,Hyundai,Otomatik,Dizel,SUV,Önden Çekiş,Sahibinden,670000.0,663103,670000,6896,1.0,MAKUL
2019,182000.0,1598.0,136.0,,11.8,,4480.0,1850.0,1660.0,,5.0,,4.0,18029.0,Hyundai,Yarı Otomatik,Dizel,SUV,Önden Çekiş,Sahibinden,1600000.0,1614062,1600000,-14062,-0.9,MAKUL
2020,79000.0,1598.0,136.0,,11.8,,4480.0,1850.0,1660.0,,5.0,,4.0,17340.0,Hyundai,Yarı Otomatik,Dizel,SUV,Önden Çekiş,Sahibinden,1795000.0,1787696,1795000,7303,0.4,MAKUL
2025,7000.0,1591.0,130.0,,11.5,,4394.0,1806.0,1615.0,,5.0,,4.0,15946.0,Hyundai,Otomatik,Benzin,SUV,Önden Çekiş,Sahibinden,1650000.0,2307212,1650000,-657212,-28.5,FIRSAT
2025,6001.0,1591.0,130.0,,11.5,,4394.0,1806.0,1615.0,,5.0,,4.0,15946.0,Hyundai,Otomatik,Elektrik,SUV,Önden Çekiş,Sahibinden,2175000.0,2202227,2175000,-27227,-1.2,MAKUL
2015,147000.0,1591.0,135.0,,11.1,,4410.0,1820.0,1670.0,,5.0,,4.0,13470.0,Hyundai,Otomatik,LPG & Benzin,SUV,Önden Çekiş,Sahibinden,1175000.0,1191658,1175000,-16658,-1.4,MAKUL
2020,81000.0,1598.0,136.0,,9.8,,4165.0,1800.0,1565.0,,5.0,,4.0,16069.0,Hyundai,Yarı Otomatik,Dizel,SUV,Önden Çekiş,Sahibinden,1420000.0,1441033,1420000,-21033,-1.5,MAKUL
2019,132000.0,1591.0,130.0,,11.5,,4394.0,1806.0,1615.0,,5.0,,4.0,15946.0,Hyundai,Otomatik,Dizel,SUV,Önden Çekiş,Sahibinden,1200000.0,1308045,1200000,-108045,-8.3,MAKUL
2022,86000.0,1598.0,136.0,,11.4,,4500.0,1865.0,1650.0,,5.0,,4.0,18370.0,Hyundai,Yarı Otomatik,Dizel,SUV,Önden Çekiş,Sahibinden,1949000.0,1957605,1949000,-8605,-0.4,MAKUL
2024,9900.0,1598.0,160.0,,9.4,,4510.0,1865.0,1650.0,,5.0,,4.0,16819.0,Hyundai,Yarı Otomatik,Benzin,SUV,Önden Çekiş,Sahibinden,2530000.0,2462106,2530000,67893,2.8,MAKUL
2022,43000.0,1598.0,136.0,,11.4,,4500.0,1865.0,1650.0,,5.0,,4.0,18370.0,Hyundai,Yarı Otomatik,Dizel,SUV,Önden Çekiş,Sahibinden,2150000.0,2135524,2150000,14475,0.7,MAKUL
2025,8800.0,1591.0,130.0,,11.5,,4394.0,1806.0,1615.0,,5.0,,4.0,15946.0,Hyundai,Otomatik,Benzin,SUV,Önden Çekiş,Sahibinden,2350000.0,2345897,2350000,4102,0.2,MAKUL
2013,305000.0,1591.0,135.0,,11.1,,4410.0,1820.0,1670.0,,5.0,,4.0,13470.0,Hyundai,Otomatik,LPG & Benzin,SUV,Önden Çekiş,Sahibinden,990000.0,981102,990000,8897,0.9,MAKUL
2024,13000.0,1591.0,156.0,,8.8,,4355.0,1825.0,1580.0,,5.0,,4.0,15478.0,Hyundai,Otomatik,Elektrik,SUV,Önden Çekiş,Sahibinden,1650000.0,1848874,1650000,-198874,-10.8,FIRSAT
2023,20500.0,1368.0,100.0,,13.7,,4180.0,1775.0,1500.0,,5.0,,4.0,12006.0,Hyundai,Otomatik,Benzin,SUV,Önden Çekiş,Sahibinden,1520000.0,1390757,1520000,129242,9.3,MAKUL
2016,112000.0,1591.0,177.0,,9.2,,4475.0,1850.0,1660.0,,5.0,,4.0,20481.0,Hyundai,Düz,Benzin,SUV,Önden Çekiş,Sahibinden,1450000.0,1504715,1450000,-54715,-3.6,MAKUL
2017,98000.0,1591.0,132.0,,11.5,,4475.0,1850.0,1660.0,,5.0,,4.0,16927.0,Hyundai,Düz,LPG & Benzin,SUV,Önden Çekiş,Sahibinden,1450000.0,1444485,1450000,5514,0.4,MAKUL
2023,15000.0,1368.0,100.0,,13.7,,4180.0,1775.0,1500.0,,5.0,,4.0,12006.0,Hyundai,Otomatik,Benzin,SUV,Önden Çekiş,Sahibinden,1430000.0,1450175,1430000,-20175,-1.4,MAKUL
2020,120000.0,1598.0,136.0,,9.8,,4165.0,1800.0,1565.0,,5.0,,4.0,16069.0,Hyundai,Yarı Otomatik,Dizel,SUV,Önden Çekiş,Sahibinden,1160000.0,1423594,1160000,-263594,-18.5,FIRSAT
2020,106000.0,1598.0,136.0,,11.8,,4480.0,1850.0,1660.0,,5.0,,4.0,17340.0,Hyundai,Yarı Otomatik,Dizel,SUV,Önden Çekiş,Sahibinden,1755000.0,1796587,1755000,-41587,-2.3,MAKUL
2017,103500.0,1591.0,132.0,,12.1,,4475.0,1850.0,1660.0,,5.0,,4.0,20481.0,Hyundai,Otomatik,Benzin,SUV,Önden Çekiş,Sahibinden,1500000.0,1541595,1500000,-41595,-2.7,MAKUL
2025,9200.0,1591.0,130.0,,11.5,,4394.0,1806.0,1615.0,,5.0,,4.0,15946.0,Hyundai,Otomatik,Elektrik,SUV,Arkadan İtiş,Sahibinden,1960000.0,2153647,1960000,-193647,-9.0,MAKUL
2023,27000.0,1368.0,100.0,,13.7,,4180.0,1775.0,1500.0,,5.0,,4.0,12784.0,Hyundai,Otomatik,Benzin,SUV,Önden Çekiş,Sahibinden,1470000.0,1442543,1470000,27456,1.9,MAKUL
2020,55500.0,1598.0,136.0,,11.8,,4480.0,1850.0,1660.0,,5.0,,4.0,19205.0,Hyundai,Yarı Otomatik,Dizel,SUV,4WD (Sürekli),Sahibinden,1800000.0,1851527,1800000,-51527,-2.8,MAKUL
2006,363000.0,1975.0,141.0,,11.5,,4325.0,1795.0,1680.0,,5.0,,4.0,15946.0,Hyundai,Düz,LPG & Benzin,SUV,4WD (Sürekli),Sahibinden,515000.0,527833,515000,-12833,-2.4,MAKUL
2021,31000.0,1368.0,100.0,,13.7,,4180.0,1775.0,1500.0,,5.0,,4.0,12784.0,Hyundai,Otomatik,Benzin,SUV,Önden Çekiş,Sahibinden,1465000.0,1440714,1465000,24285,1.7,MAKUL
2023,35000.0,1598.0,180.0,,8.8,,4500.0,1865.0,1650.0,,5.0,,4.0,18370.0,Hyundai,Yarı Otomatik,Benzin,SUV,Önden Çekiş,Sahibinden,2070000.0,2079556,2070000,-9556,-0.5,MAKUL
2022,49500.0,1368.0,100.0,,13.7,,4180.0,1775.0,1500.0,,5.0,,4.0,12784.0,Hyundai,Otomatik,Benzin,SUV,Önden Çekiş,Sahibinden,1375000.0,1440917,1375000,-65917,-4.6,MAKUL
2015,175400.0,1591.0,177.0,,9.1,,4475.0,1850.0,1660.0,,5.0,,4.0,17784.0,Hyundai,Yarı Otomatik,LPG & Benzin,SUV,4WD (Sürekli),Sahibinden,1365000.0,1384952,1365000,-19952,-1.4,MAKUL
2020,80000.0,1598.0,136.0,,9.8,,4165.0,1800.0,1565.0,,5.0,,4.0,16069.0,Hyundai,Yarı Otomatik,Dizel,SUV,Önden Çekiş,Sahibinden,1350000.0,1452180,1350000,-102180,-7.0,MAKUL
2022,52600.0,1598.0,180.0,,8.8,,4500.0,1865.0,1650.0,,5.0,,4.0,18370.0,Hyundai,Yarı Otomatik,Benzin,SUV,Önden Çekiş,Sahibinden,2050000.0,2057602,2050000,-7602,-0.4,MAKUL
2022,74000.0,1368.0,100.0,,13.7,,4180.0,1775.0,1500.0,,5.0,,4.0,11984.0,Hyundai,Otomatik,Benzin,SUV,Önden Çekiş,Sahibinden,1235000.0,1242660,1235000,-7660,-0.6,MAKUL
2022,52000.0,1598.0,136.0,,11.6,,4500.0,1865.0,1650.0,,5.0,,4.0,15556.0,Hyundai,Yarı Otomatik,Dizel,SUV,4WD (Sürekli),Sahibinden,2350000.0,2534023,2350000,-184023,-7.3,MAKUL
2016,90000.0,1591.0,177.0,,9.1,,4475.0,1850.0,1660.0,,5.0,,4.0,20481.0,Hyundai,Yarı Otomatik,Benzin,SUV,4WD (Sürekli),Sahibinden,1699000.0,1697670,1699000,1329,0.1,MAKUL
2019,163000.0,1591.0,130.0,,11.5,,4394.0,1806.0,1615.0,,5.0,,4.0,15946.0,Hyundai,Otomatik,Dizel,SUV,Önden Çekiş,Sahibinden,1615000.0,1561604,1615000,53395,3.4,MAKUL
2020,58000.0,1598.0,136.0,,11.8,,4480.0,1850.0,1660.0,,5.0,,4.0,19205.0,Hyundai,Yarı Otomatik,Dizel,SUV,Önden Çekiş,Sahibinden,1945000.0,1971569,1945000,-26569,-1.3,MAKUL
2013,133000.0,1591.0,135.0,,11.1,,4410.0,1820.0,1670.0,,5.0,,4.0,15191.0,Hyundai,Düz,Benzin,SUV,Önden Çekiş,Sahibinden,975000.0,1060955,975000,-85955,-8.1,MAKUL
2013,134000.0,1591.0,135.0,,11.1,,4410.0,1820.0,1670.0,,5.0,,4.0,15191.0,Hyundai,Düz,LPG & Benzin,SUV,Önden Çekiş,Sahibinden,965000.0,982991,965000,-17991,-1.8,MAKUL
2006,305000.0,1991.0,112.0,,16.1,,4325.0,1830.0,1730.0,,5.0,,4.0,15946.0,Hyundai,Otomatik,Dizel,SUV,Önden Çekiş,Sahibinden,630000.0,500883,630000,129116,25.8,PAHALI
2012,85000.0,1591.0,135.0,,11.1,,4410.0,1820.0,1670.0,,5.0,,4.0,15191.0,Hyundai,Düz,Benzin,SUV,Önden Çekiş,Sahibinden,1200000.0,1193972,1200000,6027,0.5,MAKUL
2021,48000.0,1598.0,136.0,,11.4,,4500.0,1865.0,1650.0,,5.0,,4.0,16541.0,Hyundai,Yarı Otomatik,Dizel,SUV,Önden Çekiş,Sahibinden,2210000.0,2215078,2210000,-5078,-0.2,MAKUL
2013,51000.0,1591.0,130.0,,11.5,,4394.0,1806.0,1615.0,,5.0,,4.0,15946.0,Hyundai,Düz,Benzin,SUV,Önden Çekiş,Sahibinden,1100000.0,1110900,1100000,-10900,-1.0,MAKUL
2015,92000.0,1591.0,132.0,,11.5,,4475.0,1850.0,1660.0,,5.0,,4.0,16927.0,Hyundai,Düz,Benzin,SUV,Önden Çekiş,Sahibinden,1300000.0,1305023,1300000,-5023,-0.4,MAKUL
2025,6005.0,1591.0,130.0,,11.5,,4394.0,1806.0,1615.0,,5.0,,4.0,15946.0,Hyundai,Otomatik,Dizel,SUV,Önden Çekiş,Sahibinden,2655000.0,2564239,2655000,90760,3.5,MAKUL
2021,77000.0,1598.0,136.0,,11.4,,4500.0,1865.0,1650.0,,5.0,,4.0,18370.0,Hyundai,Yarı Otomatik,Dizel,SUV,Önden Çekiş,Sahibinden,1989999.0,1986794,1989999,3204,0.2,MAKUL
2011,165000.0,1591.0,135.0,,11.1,,4410.0,1820.0,1670.0,,5.0,,4.0,11708.0,Hyundai,Düz,Benzin,SUV,Önden Çekiş,Sahibinden,955000.0,940910,955000,14089,1.5,MAKUL
2023,32000.0,1368.0,100.0,,13.7,,4180.0,1775.0,1500.0,,5.0,,4.0,11984.0,Hyundai,Otomatik,Benzin,SUV,Önden Çekiş,Sahibinden,1230000.0,1250728,1230000,-20728,-1.7,MAKUL
2012,187000.0,1591.0,135.0,,11.1,,4410.0,1820.0,1670.0,,5.0,,4.0,15191.0,Hyundai,Düz,Benzin,SUV,Önden Çekiş,Sahibinden,955000.0,958890,955000,-3890,-0.4,MAKUL
2020,77000.0,1598.0,136.0,,11.8,,4480.0,1850.0,1660.0,,5.0,,4.0,17340.0,Hyundai,Yarı Otomatik,Dizel,SUV,Önden Çekiş,Sahibinden,1800000.0,1789788,1800000,10211,0.6,MAKUL
2024,22650.0,1598.0,136.0,,11.4,,4500.0,1865.0,1650.0,,5.0,,4.0,18370.0,Hyundai,Yarı Otomatik,Dizel,SUV,Önden Çekiş,Sahibinden,2370000.0,2319307,2370000,50692,2.2,MAKUL
2013,172000.0,1591.0,135.0,,11.1,,4410.0,1820.0,1670.0,,5.0,,4.0,13470.0,Hyundai,Otomatik,LPG & Benzin,SUV,Önden Çekiş,Sahibinden,1150000.0,1153279,1150000,-3279,-0.3,MAKUL
2023,46000.0,1368.0,100.0,,13.7,,4180.0,1775.0,1500.0,,5.0,,4.0,12006.0,Hyundai,Otomatik,LPG & Benzin,SUV,Önden Çekiş,Sahibinden,1450000.0,1390249,1450000,59750,4.3,MAKUL
2005,342000.0,1991.0,112.0,,16.1,,4325.0,1830.0,1730.0,,5.0,,4.0,15946.0,Hyundai,Otomatik,Dizel,SUV,Önden Çekiş,Sahibinden,560000.0,557439,560000,2560,0.5,MAKUL
2014,183000.0,1591.0,135.0,,11.1,,4410.0,1820.0,1670.0,,5.0,,4.0,13470.0,Hyundai,Otomatik,LPG & Benzin,SUV,Önden Çekiş,Sahibinden,1500000.0,1313155,1500000,186844,14.2,PAHALI
2020,115000.0,1598.0,136.0,,11.8,,4480.0,1850.0,1660.0,,5.0,,4.0,19205.0,Hyundai,Yarı Otomatik,Dizel,SUV,4WD (Sürekli),Sahibinden,1875000.0,1914026,1875000,-39026,-2.0,MAKUL
2013,244000.0,1591.0,135.0,,11.1,,4410.0,1820.0,1670.0,,5.0,,4.0,13470.0,Hyundai,Otomatik,LPG & Benzin,SUV,Önden Çekiş,Sahibinden,960000.0,965391,960000,-5391,-0.6,MAKUL
2024,37000.0,1598.0,136.0,,11.4,,4510.0,1865.0,1650.0,,5.0,,4.0,16819.0,Hyundai,Yarı Otomatik,Dizel,SUV,Önden Çekiş,Sahibinden,2620000.0,2608985,2620000,11014,0.4,MAKUL
2024,29000.0,1591.0,130.0,,11.5,,4394.0,1806.0,1615.0,,5.0,,4.0,15946.0,Hyundai,Otomatik,Benzin,SUV,4WD (Sürekli),Sahibinden,2960000.0,2921418,2960000,38581,1.3,MAKUL
2023,52000.0,1598.0,230.0,,9.1,,4785.0,1900.0,1710.0,,7.0,,4.0,15946.0,Hyundai,Otomatik,Hibrit,SUV,4WD (Sürekli),Sahibinden,3250000.0,3223366,3250000,26633,0.8,MAKUL
2020,86450.0,1598.0,136.0,,11.8,,4480.0,1850.0,1660.0,,5.0,,4.0,19205.0,Hyundai,Yarı Otomatik,Dizel,SUV,Önden Çekiş,Sahibinden,2010000.0,1853872,2010000,156127,8.4,MAKUL
2015,142000.0,1591.0,177.0,,9.2,,4475.0,1850.0,1660.0,,5.0,,4.0,20481.0,Hyundai,Düz,LPG & Benzin,SUV,Önden Çekiş,Sahibinden,1600000.0,1580470,1600000,19530,1.2,MAKUL
2020,58000.0,1598.0,136.0,,11.8,,4480.0,1850.0,1660.0,,5.0,,4.0,17340.0,Hyundai,Yarı Otomatik,Dizel,SUV,Önden Çekiş,Sahibinden,1920000.0,1964418,1920000,-44418,-2.3,MAKUL
2012,170000.0,1591.0,135.0,,11.1,,4410.0,1820.0,1670.0,,5.0,,4.0,15191.0,Hyundai,Düz,Benzin,SUV,Önden Çekiş,Sahibinden,840000.0,914290,840000,-74290,-8.1,MAKUL
2012,209250.0,1591.0,135.0,,11.1,,4410.0,1820.0,1670.0,,5.0,,4.0,15191.0,Hyundai,Düz,Benzin,SUV,Önden Çekiş,Sahibinden,920000.0,900852,920000,19147,2.1,MAKUL
2012,220000.0,1591.0,135.0,,11.1,,4410.0,1820.0,1670.0,,5.0,,4.0,15191.0,Hyundai,Düz,Benzin,SUV,Önden Çekiş,Sahibinden,725000.0,814088,725000,-89088,-10.9,FIRSAT
2020,97000.0,1598.0,136.0,,11.8,,4480.0,1850.0,1660.0,,5.0,,4.0,17340.0,Hyundai,Yarı Otomatik,Dizel,SUV,4WD (Sürekli),Sahibinden,1900000.0,1946934,1900000,-46934,-2.4,MAKUL
2022,76700.0,1598.0,180.0,,8.8,,4500.0,1865.0,1650.0,,5.0,,4.0,16819.0,Hyundai,Yarı Otomatik,Benzin,SUV,Önden Çekiş,Sahibinden,1700000.0,1733808,1700000,-33808,-1.9,MAKUL
2023,59200.0,1598.0,180.0,,9.0,,4500.0,1865.0,1650.0,,5.0,,4.0,18370.0,Hyundai,Yarı Otomatik,Benzin,SUV,4WD (Sürekli),Sahibinden,2475000.0,2467523,2475000,7476,0.3,MAKUL
2024,10850.0,1591.0,156.0,,8.8,,4355.0,1825.0,1580.0,,5.0,,4.0,15478.0,Hyundai,Otomatik,Elektrik,SUV,Önden Çekiş,Sahibinden,1845000.0,1858327,1845000,-13327,-0.7,MAKUL
2024,12500.0,998.0,100.0,,12.4,,4180.0,1775.0,1500.0,,5.0,,3.0,12704.0,Hyundai,Yarı Otomatik,Benzin,SUV,Önden Çekiş,Sahibinden,1570000.0,1488891,1570000,81108,5.4,MAKUL
2017,73500.0,1591.0,177.0,,9.1,,4475.0,1850.0,1660.0,,5.0,,4.0,17784.0,Hyundai,Yarı Otomatik,Benzin,SUV,4WD (Sürekli),Sahibinden,1725000.0,1726094,1725000,-1094,-0.1,MAKUL
2020,92500.0,1598.0,136.0,,11.8,,4480.0,1850.0,1660.0,,5.0,,4.0,19205.0,Hyundai,Yarı Otomatik,Dizel,SUV,Önden Çekiş,Sahibinden,1780000.0,1757590,1780000,22409,1.3,MAKUL
2020,58500.0,1591.0,177.0,,8.9,,4480.0,1850.0,1660.0,,5.0,,4.0,19205.0,Hyundai,Yarı Otomatik,Benzin,SUV,Önden Çekiş,Sahibinden,1870000.0,1892602,1870000,-22602,-1.2,MAKUL
2022,60000.0,1598.0,180.0,,8.8,,4500.0,1865.0,1650.0,,5.0,,4.0,18370.0,Hyundai,Yarı Otomatik,Benzin,SUV,Önden Çekiş,Sahibinden,2175000.0,2136080,2175000,38919,1.8,MAKUL
2020,124000.0,1598.0,136.0,,11.8,,4480.0,1850.0,1660.0,,5.0,,4.0,19205.0,Hyundai,Yarı Otomatik,Dizel,SUV,Önden Çekiş,Sahibinden,1725000.0,1709717,1725000,15282,0.9,MAKUL
2001,243345.0,1991.0,113.0,,17.0,,4500.0,1845.0,1710.0,,5.0,,4.0,15946.0,Hyundai,Otomatik,Dizel,SUV,Önden Çekiş,Sahibinden,475000.0,636125,475000,-161125,-25.3,FIRSAT
2021,54000.0,1368.0,100.0,,12.6,,4180.0,1775.0,1500.0,,5.0,,4.0,11984.0,Hyundai,Düz,Benzin,SUV,Önden Çekiş,Sahibinden,1105000.0,1109120,1105000,-4120,-0.4,MAKUL
2023,86000.0,1368.0,100.0,,13.7,,4180.0,1775.0,1500.0,,5.0,,4.0,12006.0,Hyundai,Otomatik,Benzin,SUV,Önden Çekiş,Sahibinden,1321500.0,1215110,1321500,106389,8.8,MAKUL
2017,116000.0,1591.0,130.0,,11.5,,4394.0,1806.0,1615.0,,5.0,,4.0,15946.0,Hyundai,Otomatik,Benzin,SUV,Önden Çekiş,Sahibinden,1615000.0,1572262,1615000,42737,2.7,MAKUL
2024,9000.0,1598.0,198.0,,7.8,,4350.0,1825.0,1585.0,,5.0,,4.0,15478.0,Hyundai,Yarı Otomatik,Benzin,SUV,Önden Çekiş,Sahibinden,1980000.0,1992822,1980000,-12822,-0.6,MAKUL
2023,35000.0,998.0,100.0,,11.7,,4180.0,1775.0,1500.0,,5.0,,3.0,12784.0,Hyundai,Yarı Otomatik,Benzin,SUV,Önden Çekiş,Sahibinden,1425000.0,1441306,1425000,-16306,-1.1,MAKUL
2022,23200.0,1598.0,136.0,,11.6,,4500.0,1865.0,1650.0,,5.0,,4.0,15556.0,Hyundai,Yarı Otomatik,Dizel,SUV,4WD (Sürekli),Sahibinden,2486500.0,2508594,2486500,-22094,-0.9,MAKUL
2015,172000.0,1591.0,130.0,,11.5,,4394.0,1806.0,1615.0,,5.0,,4.0,15946.0,Hyundai,Otomatik,LPG & Benzin,SUV,AWD (Elektronik),Sahibinden,1125000.0,1170182,1125000,-45182,-3.9,MAKUL
2014,268000.0,1591.0,135.0,,11.1,,4410.0,1820.0,1670.0,,5.0,,4.0,13470.0,Hyundai,Otomatik,LPG & Benzin,SUV,Önden Çekiş,Sahibinden,930000.0,947303,930000,-17303,-1.8,MAKUL
2025,6005.0,1591.0,130.0,,11.5,,4394.0,1806.0,1615.0,,5.0,,4.0,15946.0,Hyundai,Otomatik,Benzin,SUV,Önden Çekiş,Sahibinden,2645000.0,2389210,2645000,255789,10.7,PAHALI
2017,139000.0,1591.0,130.0,,11.5,,4394.0,1806.0,1615.0,,5.0,,4.0,15946.0,Hyundai,Otomatik,Benzin,SUV,AWD (Elektronik),Galeriden,1649750.0,1626144,1649750,23605,1.5,MAKUL
2005,365000.0,1991.0,113.0,,11.5,,4325.0,1795.0,1680.0,,5.0,,4.0,15946.0,Hyundai,Otomatik,Dizel,Crossover,Önden Çekiş,Sahibinden,565000.0,564060,565000,940,0.2,MAKUL
2021,91400.0,1598.0,136.0,,11.4,,4500.0,1865.0,1650.0,,5.0,,4.0,16541.0,Hyundai,Yarı Otomatik,Dizel,SUV,Önden Çekiş,Sahibinden,2050000.0,2030285,2050000,19714,1.0,MAKUL
2022,97000.0,1598.0,136.0,,11.4,,4500.0,1865.0,1650.0,,5.0,,4.0,18370.0,Hyundai,Yarı Otomatik,Dizel,SUV,Önden Çekiş,Sahibinden,1910000.0,1923172,1910000,-13172,-0.7,MAKUL
2013,146680.0,1591.0,135.0,,11.1,,4410.0,1820.0,1670.0,,5.0,,4.0,15191.0,Hyundai,Düz,Benzin,SUV,Önden Çekiş,Sahibinden,985000.0,1100526,985000,-115526,-10.5,FIRSAT
2025,37000.0,998.0,100.0,,12.4,,4180.0,1775.0,1500.0,,5.0,,3.0,12704.0,Hyundai,Yarı Otomatik,Benzin,SUV,Önden Çekiş,Sahibinden,1530000.0,1526891,1530000,3108,0.2,MAKUL
2024,14900.0,1598.0,136.0,,11.6,,4500.0,1865.0,1650.0,,5.0,,4.0,15556.0,Hyundai,Yarı Otomatik,Dizel,SUV,4WD (Sürekli),Sahibinden,2800000.0,2784463,2800000,15536,0.6,MAKUL
2013,259000.0,1591.0,135.0,,11.1,,4410.0,1820.0,1670.0,,5.0,,4.0,13470.0,Hyundai,Otomatik,LPG & Benzin,SUV,Önden Çekiş,Sahibinden,970000.0,965008,970000,4991,0.5,MAKUL
2020,119000.0,1598.0,136.0,,11.8,,4480.0,1850.0,1660.0,,5.0,,4.0,19205.0,Hyundai,Yarı Otomatik,Dizel,SUV,Önden Çekiş,Sahibinden,1600000.0,1660028,1600000,-60028,-3.6,MAKUL
2020,150000.0,1598.0,136.0,,11.8,,4480.0,1850.0,1660.0,,5.0,,4.0,17340.0,Hyundai,Yarı Otomatik,Dizel,SUV,4WD (Sürekli),Sahibinden,1850000.0,1848930,1850000,1069,0.1,MAKUL
2025,6001.0,998.0,100.0,,12.4,,4180.0,1775.0,1500.0,,5.0,,3.0,12704.0,Hyundai,Yarı Otomatik,Benzin,SUV,Önden Çekiş,Sahibinden,1650000.0,1691033,1650000,-41033,-2.4,MAKUL
2025,28100.0,1591.0,130.0,,11.5,,4394.0,1806.0,1615.0,,5.0,,4.0,15946.0,Hyundai,Otomatik,Benzin,SUV,Önden Çekiş,Galeriden,1550000.0,1590826,1550000,-40826,-2.6,MAKUL
2020,164000.0,1591.0,130.0,,11.5,,4394.0,1806.0,1615.0,,5.0,,4.0,15946.0,Hyundai,Otomatik,Dizel,SUV,AWD (Elektronik),Galeriden,1700000.0,1726495,1700000,-26495,-1.5,MAKUL
2020,47000.0,1598.0,136.0,,9.8,,4165.0,1800.0,1565.0,,5.0,,4.0,16069.0,Hyundai,Yarı Otomatik,Dizel,SUV,Önden Çekiş,Sahibinden,1580000.0,1563761,1580000,16238,1.0,MAKUL
2013,168000.0,1591.0,135.0,,11.1,,4410.0,1820.0,1670.0,,5.0,,4.0,15191.0,Hyundai,Düz,LPG & Benzin,SUV,Önden Çekiş,Sahibinden,1060000.0,1045845,1060000,14154,1.4,MAKUL
2012,156000.0,1591.0,135.0,,11.1,,4410.0,1820.0,1670.0,,5.0,,4.0,15191.0,Hyundai,Düz,Benzin,SUV,Önden Çekiş,Sahibinden,850000.0,920368,850000,-70368,-7.6,MAKUL
2020,110000.0,1598.0,136.0,,11.8,,4480.0,1850.0,1660.0,,5.0,,4.0,17340.0,Hyundai,Yarı Otomatik,Dizel,SUV,Önden Çekiş,Sahibinden,1750000.0,1777576,1750000,-27576,-1.6,MAKUL
2013,170000.0,1591.0,135.0,,11.1,,4410.0,1820.0,1670.0,,5.0,,4.0,13470.0,Hyundai,Düz,Benzin,SUV,Önden Çekiş,Sahibinden,1180000.0,1115752,1180000,64247,5.8,MAKUL
2020,76000.0,1598.0,136.0,,11.8,,4480.0,1850.0,1660.0,,5.0,,4.0,19205.0,Hyundai,Yarı Otomatik,Dizel,SUV,Önden Çekiş,Sahibinden,1750000.0,1765100,1750000,-15100,-0.9,MAKUL
2021,45000.0,1368.0,100.0,,12.6,,4180.0,1775.0,1500.0,,5.0,,4.0,11984.0,Hyundai,Düz,Benzin,SUV,Önden Çekiş,Sahibinden,1045000.0,1056337,1045000,-11337,-1.1,MAKUL
2018,188000.0,1591.0,177.0,,9.1,,4475.0,1850.0,1660.0,,5.0,,4.0,20481.0,Hyundai,Yarı Otomatik,Benzin,SUV,4WD (Sürekli),Sahibinden,1445000.0,1464621,1445000,-19621,-1.3,MAKUL
2017,135000.0,1591.0,132.0,,11.5,,4475.0,1850.0,1660.0,,5.0,,4.0,16927.0,Hyundai,Düz,Benzin,SUV,Önden Çekiş,Sahibinden,1320000.0,1323599,1320000,-3599,-0.3,MAKUL
2015,168500.0,1591.0,177.0,,9.2,,4475.0,1850.0,1660.0,,5.0,,4.0,20481.0,Hyundai,Düz,LPG & Benzin,SUV,Önden Çekiş,Sahibinden,1390000.0,1385617,1390000,4382,0.3,MAKUL
2013,173000.0,1591.0,135.0,,11.1,,4410.0,1820.0,1670.0,,5.0,,4.0,13470.0,Hyundai,Otomatik,Benzin,SUV,Önden Çekiş,Sahibinden,1020000.0,1057944,1020000,-37944,-3.6,MAKUL
2009,190000.0,1991.0,112.0,,13.8,,4325.0,1830.0,1730.0,,5.0,,4.0,15946.0,Hyundai,Düz,Dizel,SUV,Önden Çekiş,Sahibinden,815000.0,817552,815000,-2552,-0.3,MAKUL
2022,22500.0,998.0,100.0,,11.7,,4180.0,1775.0,1500.0,,5.0,,3.0,12784.0,Hyundai,Yarı Otomatik,Benzin,SUV,Önden Çekiş,Sahibinden,1385000.0,1405188,1385000,-20188,-1.4,MAKUL
2015,118000.0,1591.0,132.0,,12.1,,4475.0,1850.0,1660.0,,5.0,,4.0,17784.0,Hyundai,Otomatik,Benzin,SUV,Önden Çekiş,Galeriden,1475000.0,1459579,1475000,15420,1.1,MAKUL
2015,57500.0,1591.0,177.0,,9.2,,4475.0,1850.0,1660.0,,5.0,,4.0,20481.0,Hyundai,Düz,Benzin,SUV,Önden Çekiş,Galeriden,1599999.0,1590299,1599999,9699,0.6,MAKUL
2020,88000.0,1598.0,136.0,,11.8,,4480.0,1850.0,1660.0,,5.0,,4.0,19205.0,Hyundai,Yarı Otomatik,Dizel,SUV,4WD (Sürekli),Sahibinden,2120000.0,2109193,2120000,10806,0.5,MAKUL
2023,27000.0,1598.0,136.0,,11.6,,4500.0,1865.0,1650.0,,5.0,,4.0,15556.0,Hyundai,Yarı Otomatik,Dizel,SUV,4WD (Sürekli),Sahibinden,2560000.0,2703144,2560000,-143144,-5.3,MAKUL
2022,88128.0,998.0,120.0,,11.0,,4205.0,1800.0,1550.0,,5.0,,3.0,14658.0,Hyundai,Otomatik,Benzin,SUV,Önden Çekiş,Sahibinden,1330000.0,1384732,1330000,-54732,-4.0,MAKUL
2024,12500.0,1598.0,136.0,,11.4,,4500.0,1865.0,1650.0,,5.0,,4.0,18370.0,Hyundai,Yarı Otomatik,Dizel,SUV,Önden Çekiş,Sahibinden,2390000.0,2412804,2390000,-22804,-0.9,MAKUL
2022,79000.0,1591.0,130.0,,11.5,,4394.0,1806.0,1615.0,,5.0,,4.0,15946.0,Hyundai,Otomatik,Dizel,SUV,Arkadan İtiş,Sahibinden,2250000.0,2242148,2250000,7851,0.4,MAKUL
2022,42500.0,1598.0,136.0,,11.4,,4500.0,1865.0,1650.0,,5.0,,4.0,16541.0,Hyundai,Yarı Otomatik,Dizel,SUV,Önden Çekiş,Sahibinden,2300000.0,2273733,2300000,26266,1.2,MAKUL
2011,169074.0,1591.0,135.0,,11.1,,4410.0,1820.0,1670.0,,5.0,,4.0,15191.0,Hyundai,Düz,Benzin,SUV,Önden Çekiş,Sahibinden,950000.0,933051,950000,16948,1.8,MAKUL
2015,96000.0,1591.0,135.0,,11.1,,4410.0,1820.0,1670.0,,5.0,,4.0,13470.0,Hyundai,Düz,Benzin,SUV,Önden Çekiş,Sahibinden,1270000.0,1258206,1270000,11793,0.9,MAKUL
2006,227000.0,1991.0,126.0,,11.5,,4500.0,1845.0,1710.0,,5.0,,4.0,15946.0,Hyundai,Otomatik,Dizel,SUV,4WD (Sürekli),Sahibinden,600000.0,618065,600000,-18065,-2.9,MAKUL
2020,74000.0,1598.0,136.0,,11.8,,4480.0,1850.0,1660.0,,5.0,,4.0,17340.0,Hyundai,Yarı Otomatik,Dizel,SUV,Önden Çekiş,Sahibinden,1720000.0,1773233,1720000,-53233,-3.0,MAKUL
2019,125000.0,1598.0,136.0,,11.8,,4480.0,1850.0,1660.0,,5.0,,4.0,17340.0,Hyundai,Yarı Otomatik,Dizel,SUV,4WD (Sürekli),Sahibinden,1930000.0,1922900,1930000,7099,0.4,MAKUL
2020,20000.0,1598.0,136.0,,9.8,,4165.0,1800.0,1565.0,,5.0,,4.0,16069.0,Hyundai,Yarı Otomatik,Dizel,SUV,Önden Çekiş,Sahibinden,1735000.0,1709266,1735000,25733,1.5,MAKUL
2017,151000.0,1591.0,177.0,,9.1,,4475.0,1850.0,1660.0,,5.0,,4.0,20481.0,Hyundai,Yarı Otomatik,LPG & Benzin,SUV,4WD (Sürekli),Sahibinden,1680000.0,1575474,1680000,104525,6.6,MAKUL
2023,53000.0,1368.0,100.0,,13.7,,4180.0,1775.0,1500.0,,5.0,,4.0,11984.0,Hyundai,Otomatik,Benzin,SUV,Önden Çekiş,Galeriden,1239900.0,1316439,1239900,-76539,-5.8,MAKUL
2024,34000.0,1591.0,218.0,,7.5,,4655.0,1890.0,1605.0,,5.0,,4.0,25093.0,Hyundai,Otomatik,Elektrik,SUV,4WD (Sürekli),Sahibinden,1949949.0,1963491,1949949,-13542,-0.7,MAKUL
2020,50000.0,1591.0,177.0,,8.9,,4480.0,1850.0,1660.0,,5.0,,4.0,19205.0,Hyundai,Yarı Otomatik,Benzin,SUV,Önden Çekiş,Sahibinden,1900000.0,1912832,1900000,-12832,-0.7,MAKUL
2005,330000.0,1991.0,113.0,,11.5,,4325.0,1795.0,1680.0,,5.0,,4.0,15946.0,Hyundai,Otomatik,Dizel,SUV,Önden Çekiş,Sahibinden,540000.0,541971,540000,-1971,-0.4,MAKUL
2006,230000.0,2188.0,150.0,,11.3,,4650.0,1890.0,1725.0,,5.0,,4.0,15946.0,Hyundai,Otomatik,Dizel,SUV,4WD (Sürekli),Sahibinden,765000.0,777887,765000,-12887,-1.7,MAKUL
2025,8700.0,1591.0,130.0,,11.5,,4394.0,1806.0,1615.0,,5.0,,4.0,15946.0,Hyundai,Otomatik,Benzin,SUV,Önden Çekiş,Sahibinden,2350000.0,2339947,2350000,10052,0.4,MAKUL
2018,77000.0,1591.0,132.0,,12.1,,4475.0,1850.0,1660.0,,5.0,,4.0,17784.0,Hyundai,Otomatik,Benzin,SUV,Önden Çekiş,Sahibinden,1595000.0,1646449,1595000,-51449,-3.1,MAKUL
2012,191000.0,1591.0,135.0,,11.1,,4410.0,1820.0,1670.0,,5.0,,4.0,15191.0,Hyundai,Düz,LPG & Benzin,SUV,Önden Çekiş,Sahibinden,850000.0,881100,850000,-31100,-3.5,MAKUL
2022,51000.0,1598.0,136.0,,11.4,,4500.0,1865.0,1650.0,,5.0,,4.0,18370.0,Hyundai,Yarı Otomatik,Dizel,SUV,Önden Çekiş,Sahibinden,2195000.0,2143465,2195000,51534,2.4,MAKUL
2018,128000.0,1995.0,185.0,,9.5,,4475.0,1850.0,1660.0,,5.0,,4.0,17784.0,Hyundai,Otomatik,Dizel,SUV,4WD (Sürekli),Sahibinden,1550000.0,1565292,1550000,-15292,-1.0,MAKUL
2023,32000.0,1580.0,141.0,,11.2,,4350.0,1825.0,1585.0,,5.0,,4.0,72520.0,Hyundai,Yarı Otomatik,Hibrit,SUV,Önden Çekiş,Sahibinden,2250000.0,2241307,2250000,8692,0.4,MAKUL
2022,36800.0,1368.0,100.0,,13.7,,4180.0,1775.0,1500.0,,5.0,,4.0,12006.0,Hyundai,Otomatik,Benzin,SUV,Önden Çekiş,Sahibinden,1360000.0,1252022,1360000,107977,8.6,MAKUL
2015,134000.0,1591.0,135.0,,11.1,,4410.0,1820.0,1670.0,,5.0,,4.0,14838.0,Hyundai,Düz,Benzin,SUV,Önden Çekiş,Sahibinden,1100000.0,1127938,1100000,-27938,-2.5,MAKUL
2025,6050.0,1591.0,130.0,,11.5,,4394.0,1806.0,1615.0,,5.0,,4.0,15946.0,Hyundai,Otomatik,Dizel,SUV,Önden Çekiş,Sahibinden,2500000.0,2532852,2500000,-32852,-1.3,MAKUL
2016,120000.0,1591.0,177.0,,9.1,,4475.0,1850.0,1660.0,,5.0,,4.0,20481.0,Hyundai,Yarı Otomatik,Benzin,SUV,4WD (Sürekli),Sahibinden,1620000.0,1618704,1620000,1295,0.1,MAKUL
2017,172500.0,1591.0,132.0,,12.1,,4475.0,1850.0,1660.0,,5.0,,4.0,20481.0,Hyundai,Otomatik,Benzin,SUV,Önden Çekiş,Sahibinden,1312000.0,1328431,1312000,-16431,-1.2,MAKUL
2022,51000.0,1598.0,136.0,,11.6,,4500.0,1865.0,1650.0,,5.0,,4.0,15556.0,Hyundai,Yarı Otomatik,Dizel,SUV,4WD (Sürekli),Sahibinden,2445000.0,2472002,2445000,-27002,-1.1,MAKUL
2021,27000.0,1368.0,100.0,,13.7,,4180.0,1775.0,1500.0,,5.0,,4.0,12006.0,Hyundai,Otomatik,Benzin,SUV,Önden Çekiş,Sahibinden,1400000.0,1292005,1400000,107994,8.4,MAKUL
2012,125600.0,1591.0,135.0,,11.1,,4410.0,1820.0,1670.0,,5.0,,4.0,15191.0,Hyundai,Düz,Benzin,SUV,Önden Çekiş,Sahibinden,1200000.0,1142607,1200000,57392,5.0,MAKUL
2008,159700.0,1991.0,150.0,,16.1,,4325.0,1830.0,1730.0,,5.0,,4.0,15946.0,Hyundai,Otomatik,Dizel,SUV,4WD (Sürekli),Sahibinden,695000.0,699162,695000,-4162,-0.6,MAKUL
2025,8500.0,1591.0,130.0,,11.5,,4394.0,1806.0,1615.0,,5.0,,4.0,15946.0,Hyundai,Otomatik,Dizel,SUV,Önden Çekiş,Sahibinden,2495000.0,2518870,2495000,-23870,-0.9,MAKUL
2024,20000.0,1368.0,100.0,,13.7,,4180.0,1775.0,1500.0,,5.0,,4.0,12006.0,Hyundai,Otomatik,LPG & Benzin,SUV,Önden Çekiş,Sahibinden,1475000.0,1426675,1475000,48324,3.4,MAKUL
2025,6001.0,1591.0,130.0,,11.5,,4394.0,1806.0,1615.0,,5.0,,4.0,15946.0,Hyundai,Otomatik,Benzin,SUV,Önden Çekiş,Sahibinden,2490000.0,2389210,2490000,100789,4.2,MAKUL
2025,16000.0,1598.0,136.0,,11.4,,4510.0,1865.0,1650.0,,5.0,,4.0,16819.0,Hyundai,Yarı Otomatik,Dizel,SUV,Önden Çekiş,Sahibinden,2750000.0,2726144,2750000,23855,0.9,MAKUL
2024,6001.0,1598.0,160.0,,9.8,,4510.0,1865.0,1650.0,,5.0,,4.0,16819.0,Hyundai,Yarı Otomatik,Benzin,SUV,4WD (Sürekli),Sahibinden,3190000.0,3152750,3190000,37249,1.2,MAKUL
2016,140000.0,1591.0,177.0,,9.1,,4475.0,1850.0,1660.0,,5.0,,4.0,20481.0,Hyundai,Yarı Otomatik,LPG & Benzin,SUV,4WD (Sürekli),Sahibinden,1600000.0,1606731,1600000,-6731,-0.4,MAKUL
2017,181000.0,1591.0,130.0,,11.5,,4394.0,1806.0,1615.0,,5.0,,4.0,15946.0,Hyundai,Otomatik,LPG & Benzin,SUV,Önden Çekiş,Sahibinden,1350000.0,1369083,1350000,-19083,-1.4,MAKUL
2024,7850.0,1591.0,156.0,,8.8,,4355.0,1825.0,1580.0,,5.0,,4.0,15478.0,Hyundai,Otomatik,Elektrik,SUV,Önden Çekiş,Sahibinden,1950000.0,1958077,1950000,-8077,-0.4,MAKUL
2023,48800.0,1368.0,100.0,,13.7,,4180.0,1775.0,1500.0,,5.0,,4.0,12784.0,Hyundai,Otomatik,LPG & Benzin,SUV,Önden Çekiş,Sahibinden,1460000.0,1463517,1460000,-3517,-0.2,MAKUL
2012,236100.0,1591.0,135.0,,11.1,,4410.0,1820.0,1670.0,,5.0,,4.0,15191.0,Hyundai,Düz,Benzin,SUV,Önden Çekiş,Sahibinden,842500.0,848189,842500,-5689,-0.7,MAKUL
2014,152000.0,1591.0,135.0,,11.1,,4410.0,1820.0,1670.0,,5.0,,4.0,13470.0,Hyundai,Otomatik,Benzin,SUV,Önden Çekiş,Sahibinden,1170000.0,1172788,1170000,-2788,-0.2,MAKUL
2004,363000.0,1591.0,130.0,,11.5,,4394.0,1806.0,1615.0,,5.0,,4.0,15946.0,Hyundai,Otomatik,Dizel,SUV,4WD (Sürekli),Sahibinden,460000.0,461637,460000,-1637,-0.4,MAKUL
2017,90000.0,1591.0,132.0,,12.1,,4475.0,1850.0,1660.0,,5.0,,4.0,17784.0,Hyundai,Otomatik,Benzin,SUV,Önden Çekiş,Sahibinden,1595000.0,1618122,1595000,-23122,-1.4,MAKUL
2005,270000.0,1991.0,113.0,,11.5,,4325.0,1795.0,1680.0,,5.0,,4.0,15946.0,Hyundai,Otomatik,Dizel,SUV,Önden Çekiş,Sahibinden,625000.0,617576,625000,7423,1.2,MAKUL
2018,99000.0,1591.0,132.0,,12.1,,4475.0,1850.0,1660.0,,5.0,,4.0,17784.0,Hyundai,Otomatik,LPG & Benzin,SUV,Önden Çekiş,Sahibinden,1600000.0,1621547,1600000,-21547,-1.3,MAKUL
2017,68000.0,1591.0,177.0,,9.1,,4475.0,1850.0,1660.0,,5.0,,4.0,16927.0,Hyundai,Yarı Otomatik,Benzin,SUV,Önden Çekiş,Sahibinden,1630000.0,1645844,1630000,-15844,-1.0,MAKUL
2013,260000.0,1591.0,135.0,,11.1,,4410.0,1820.0,1670.0,,5.0,,4.0,15191.0,Hyundai,Düz,LPG & Benzin,SUV,Önden Çekiş,Sahibinden,820000.0,856073,820000,-36073,-4.2,MAKUL
2017,150000.0,1591.0,177.0,,9.1,,4475.0,1850.0,1660.0,,5.0,,4.0,16927.0,Hyundai,Yarı Otomatik,LPG & Benzin,SUV,Önden Çekiş,Sahibinden,1490000.0,1497214,1490000,-7214,-0.5,MAKUL
2024,14000.0,1598.0,136.0,,11.4,,4500.0,1865.0,1650.0,,5.0,,4.0,18370.0,Hyundai,Yarı Otomatik,Dizel,SUV,Önden Çekiş,Sahibinden,2600000.0,2526138,2600000,73861,2.9,MAKUL
2018,190000.0,998.0,120.0,,12.0,,4165.0,1800.0,1565.0,,5.0,,3.0,15482.0,Hyundai,Düz,Benzin,SUV,Önden Çekiş,Sahibinden,995000.0,1005291,995000,-10291,-1.0,MAKUL
2011,338000.0,1995.0,184.0,,10.1,,4410.0,1820.0,1670.0,,5.0,,4.0,11708.0,Hyundai,Otomatik,Dizel,SUV,4WD (Sürekli),Sahibinden,850000.0,852825,850000,-2825,-0.3,MAKUL
2020,27000.0,1598.0,136.0,,11.8,,4480.0,1850.0,1660.0,,5.0,,4.0,17340.0,Hyundai,Yarı Otomatik,Dizel,SUV,4WD (Sürekli),Sahibinden,1860000.0,1905243,1860000,-45243,-2.4,MAKUL
2017,103000.0,1591.0,132.0,,12.1,,4475.0,1850.0,1660.0,,5.0,,4.0,17784.0,Hyundai,Otomatik,Benzin,SUV,Önden Çekiş,Sahibinden,1500000.0,1557412,1500000,-57412,-3.7,MAKUL
2022,108000.0,1368.0,100.0,,12.6,,4180.0,1775.0,1500.0,,5.0,,4.0,11984.0,Hyundai,Düz,Benzin,SUV,Önden Çekiş,Sahibinden,1055000.0,1061935,1055000,-6935,-0.7,MAKUL
2025,9000.0,998.0,100.0,,12.4,,4180.0,1775.0,1500.0,,5.0,,3.0,12704.0,Hyundai,Yarı Otomatik,Benzin,SUV,Önden Çekiş,Sahibinden,1640000.0,1626268,1640000,13731,0.8,MAKUL
2018,62000.0,1591.0,132.0,,12.1,,4475.0,1850.0,1660.0,,5.0,,4.0,17784.0,Hyundai,Otomatik,Benzin,SUV,Önden Çekiş,Sahibinden,1720000.0,1697778,1720000,22221,1.3,MAKUL
2013,235000.0,1591.0,135.0,,11.1,,4410.0,1820.0,1670.0,,5.0,,4.0,11708.0,Hyundai,Düz,Benzin,SUV,Önden Çekiş,Sahibinden,845000.0,863309,845000,-18309,-2.1,MAKUL
